Raw Material|MEP-00045211|1
Qualification|PQR-00074974|002
Raw Material|99678928|012
pgMasterRawMaterialPart|91534824|004
pgStandardOperatingProcedure|58007078|001
Raw Material|SEP-00004943|2
Qualification|PQR-00041795|002
pgManufacturerMaterial|tq3833-1126898963495|001
pgManufacturerMaterial|tu7797-1193839316853|001
pgManufacturerMaterial|tu7797-1193839682974|001
pgManufacturerMaterial|ax6561-1184000093540|001
Packaging Material Part|MEP-00002498|1
Packaging Material Part|MEP-00017749|2
Packaging Assembly Part|MEP-00017750|2
Packaging Material Part|MEP-00052998|1
pgIllustration|96518256|001
pgMasterPackingMaterial|98638162|005
pgIllustration|98891819|001
pgMasterPackingMaterial|95750294|004
pgArtwork|96870074|001
pgIllustration|96518324|001
pgPackingMaterial|96772460|001
pgIllustration|95267910|001
pgIllustration|95520434|001
pgPackingMaterial|94528204|002
pgIllustration|95501246|001
pgArtwork|97211271|001
pgPackingMaterial|97195459|001
pgArtwork|97114561|001
pgArtwork|96915020|001
pgPackingMaterial|96378682|003
pgArtwork|96978136|001
pgPackingMaterial|96896217|002
pgIllustration|95520431|001
pgArtwork|96308975|001
pgPackingMaterial|99849551|002
pgMasterPackingMaterial|95130909|005
pgIllustration|95112550|002
pgIllustration|98633456|001
pgPackingMaterial|96922156|001
pgArtwork|97042174|001
pgArtwork|96831430|001
pgPackingMaterial|96734220|003
pgPackingMaterial|92240396|001
pgPackingMaterial|92279519|001
pgArtwork|97308254|001
pgMasterPackingMaterial|98966634|003
pgIllustration|95575309|002
pgIllustration|92330330|001
pgArtwork|97101928|001
pgIllustration|92315891|001
pgArtwork|92381687|001
pgPackingMaterial|92127478|002
pgArtwork|97142755|001
pgPackingMaterial|97011021|002
pgIllustration|95562845|001
pgArtwork|97111267|001
pgArtwork|97150727|001
pgPackingMaterial|96296423|002
pgArtwork|97018143|001
pgArtwork|97516158|001
pgPackingMaterial|97411306|001
pgArtwork|97248865|001
pgPackingMaterial|97198397|001
pgPackingMaterial|96296424|002
pgArtwork|97162022|001
pgPackingMaterial|97010769|002
pgArtwork|96332175|001
pgPackingMaterial|96291613|002
pgArtwork|96153924|001
pgPackingMaterial|92354148|002
pgArtwork|97114563|001
pgPackingMaterial|96898801|002
pgArtwork|96260696|001
pgPackingMaterial|97411302|001
pgIllustration|95562844|001
pgArtwork|96989858|001
pgPackingMaterial|96671349|003
pgArtwork|97305065|001
pgPackingMaterial|96930812|003
pgArtwork|97101723|001
pgArtwork|96308970|001
pgPackingMaterial|99546130|002
pgIllustration|90623678|001
pgArtwork|90691466|001
pgArtwork|97142756|001
pgPackingMaterial|97011029|002
pgArtwork|96978134|001
pgPackingMaterial|96671354|003
pgArtwork|90583571|001
pgPackingMaterial|97430096|001
pgArtwork|92232371|001
pgPackingMaterial|98798179|003
pgArtwork|90636906|001
pgArtwork|97169003|001
pgArtwork|96953419|001
pgArtwork|97114562|001
pgPackingMaterial|96898795|002
pgArtwork|97142745|001
pgPackingMaterial|92117108|001
pgArtwork|97498337|001
pgPackingMaterial|97411308|002
pgPackingMaterial|96922154|001
pgIllustration|99939003|001
pgPackingMaterial|96330284|001
pgArtwork|97289253|001
pgArtwork|97162015|001
pgArtwork|97048962|001
pgIllustration|92315889|001
pgArtwork|92230705|001
pgPackingMaterial|99429210|003
pgPackingMaterial|96149866|001
pgPackingMaterial|92201951|002
pgArtwork|97142749|001
pgArtwork|97150737|001
pgPackingMaterial|97011171|002
pgPackingMaterial|96922155|001
pgArtwork|97514225|001
pgIllustration|96355819|001
pgPackingMaterial|97397424|001
pgArtwork|90806483|001
pgArtwork|97150733|001
pgArtwork|90797654|001
pgPackingMaterial|90738419|001
pgArtwork|97101926|001
pgArtwork|96802979|001
pgPackingMaterial|92274325|001
pgArtwork|96260697|001
pgPackingMaterial|97411303|001
pgArtwork|97101721|001
pgPackingMaterial|92117109|001
pgArtwork|90654014|001
pgPackingMaterial|92000966|003
pgArtwork|96206083|001
pgPackingMaterial|94528202|002
pgPackingMaterial|96715102|001
pgIllustration|99497892|001
pgIllustration|99475608|001
pgPackingMaterial|99496766|001
pgPackingMaterial|92394389|001
pgArtwork|97101927|001
pgPackingMaterial|96920280|001
pgPackingMaterial|96330278|002
pgArtwork|96915428|001
pgPackingMaterial|96715131|003
pgPackingMaterial|97411300|001
pgArtwork|90811334|001
pgPackingMaterial|90738420|001
pgArtwork|97169004|001
pgIllustration|95562836|001
pgArtwork|90582045|001
pgPackingMaterial|96771973|001
pgArtwork|96614535|001
pgPackingMaterial|96234813|001
pgArtwork|97046530|001
pgArtwork|97144424|001
pgPackingMaterial|97011033|002
pgArtwork|99943238|001
pgPackingMaterial|99927109|002
pgArtwork|97142754|001
pgPackingMaterial|97010366|001
pgPackingMaterial|92177380|002
pgArtwork|92157426|001
pgPackingMaterial|92137659|003
pgArtwork|97101929|001
pgPackingMaterial|92201958|002
pgIllustration|96518452|001
pgPackingMaterial|97223070|001
pgArtwork|97308253|001
pgArtwork|90678278|001
pgArtwork|90811245|001
pgPackingMaterial|90719218|001
pgArtwork|97074647|001
pgPackingMaterial|92201954|002
pgArtwork|96941351|001
pgPackingMaterial|97010378|001
pgArtwork|90636907|001
pgPackingMaterial|96196431|001
pgArtwork|96260698|001
pgPackingMaterial|97411305|001
pgArtwork|97162023|001
pgPackingMaterial|97011032|002
pgArtwork|96572026|001
pgPackingMaterial|96195965|002
pgArtwork|97101724|001
pgPackingMaterial|92234847|001
pgArtwork|96776859|001
pgArtwork|97453054|001
pgPackingMaterial|97388538|001
pgArtwork|97150735|001
pgPackingMaterial|97010487|001
pgArtwork|96141885|001
pgPackingMaterial|92354149|002
pgPackingMaterial|92241574|001
pgArtwork|97433915|001
pgPackingMaterial|97386125|001
pgArtwork|96977778|001
pgArtwork|97042173|001
pgArtwork|97162016|001
pgArtwork|97150734|001
pgArtwork|98912610|001
pgPackingMaterial|98817929|001
pgArtwork|96553271|001
pgPackingMaterial|94535909|003
pgArtwork|92137740|001
pgArtwork|97289252|001
pgPackingMaterial|97222238|001
pgArtwork|96932806|001
pgPackingMaterial|96715107|003
pgArtwork|96887090|001
pgPackingMaterial|96396109|002
pgArtwork|96572471|001
pgArtwork|96915022|001
pgPackingMaterial|96378684|003
pgPackingMaterial|92201950|002
pgArtwork|97333722|001
pgIllustration|90757070|001
pgArtwork|99713044|001
pgPackingMaterial|99927597|002
pgArtwork|99950523|001
pgPackingMaterial|99927298|002
pgMasterPackingMaterial|60090337|020
pgIllustration|95568292|002
pgIllustration|98754418|004
pgIllustration|95387344|001
pgIllustration|60062009|007
pgIllustration|64020830|005
pgIllustration|95101447|002
pgIllustration|95591880|005
pgIllustration|95491845|001
pgIllustration|95550195|002
pgIllustration|95101612|001
pgIllustration|95085416|002
pgIllustration|95557821|007
pgIllustration|95307692|002
pgIllustration|98926920|003
pgIllustration|95628894|005
pgIllustration|64020833|007
pgIllustration|95627431|006
pgPackingInstructions|98957189|004
pgIllustration|95369606|005
pgIllustration|95377429|004
pgIllustration|95534367|001
pgIllustration|64020829|005
pgIllustration|95535644|004
pgPackingMaterial|96931728|001
pgIllustration|95627430|004
pgArtwork|97329498|001
pgPackingMaterial|97236654|001
pgArtwork|90806482|001
pgPackingMaterial|90744061|001
pgPackingMaterial|96279729|001
pgIllustration|90592212|001
pgPackingMaterial|97583372|001
pgArtwork|90657201|001
pgPackingMaterial|96268371|001
pgArtwork|97114565|001
pgArtwork|97101925|001
pgArtwork|97101924|001
pgArtwork|97515130|001
pgPackingMaterial|97413920|001
pgArtwork|90806481|001
pgArtwork|90654016|001
pgPackingMaterial|92000967|003
pgPackingMaterial|96274861|001
pgArtwork|97101923|001
pgArtwork|97142747|001
pgPackingMaterial|96330282|002
pgPackingMaterial|92201957|002
pgArtwork|97046529|001
pgArtwork|96870071|001
pgPackingMaterial|96715102|002
pgArtwork|97150728|001
pgPackingMaterial|96296425|002
pgPackingMaterial|96894698|001
pgArtwork|97305066|001
pgIllustration|96559795|001
pgPackingMaterial|97222242|001
pgArtwork|92381688|001
pgPackingMaterial|92228004|002
pgArtwork|99902378|001
pgPackingMaterial|99927599|002
pgArtwork|97142748|001
pgArtwork|90811246|001
pgPackingMaterial|90738418|001
pgArtwork|97453055|001
pgPackingMaterial|97389781|001
pgArtwork|90772638|001
pgIllustration|90757069|001
pgArtwork|96572341|001
pgPackingMaterial|96195966|002
pgArtwork|97101922|001
pgArtwork|96403456|001
pgArtwork|97144423|001
pgPackingMaterial|96296422|002
pgArtwork|96870073|001
pgPackingMaterial|96772459|001
pgArtwork|97195337|001
pgArtwork|90583570|001
pgPackingMaterial|96771971|001
pgArtwork|96978137|001
pgArtwork|97234671|001
pgPackingMaterial|97195455|001
pgArtwork|92100320|001
pgArtwork|97048963|001
pgArtwork|96977779|001
pgArtwork|90811339|001
pgPackingMaterial|90744065|001
pgArtwork|90777441|001
pgPackingMaterial|90785491|001
pgArtwork|90811335|001
pgArtwork|92294046|001
pgArtwork|90811338|001
pgArtwork|90811336|001
pgArtwork|90924680|001
pgArtwork|90924681|001
pgPackingMaterial|90943583|001
pgPackingMaterial|90939299|001
pgPackingMaterial|90943570|001
pgPackingMaterial|90943573|001
pgPackingMaterial|90943572|001
pgPackingMaterial|90909582|001
pgPackingMaterial|90939318|001
pgPackingMaterial|90939320|001
pgPackingMaterial|90939319|001
pgPackingMaterial|90943575|001
pgPackingMaterial|90939300|001
pgPackingMaterial|90943574|001
pgPackingMaterial|90943582|001
pgPackingMaterial|90943580|001
pgPackingMaterial|90943585|001
pgArtwork|90971129|001
pgArtwork|90971127|001
pgArtwork|90971038|001
pgArtwork|90971040|001
pgArtwork|90971045|001
pgArtwork|90971039|001
pgArtwork|90954861|001
pgArtwork|90971035|001
pgArtwork|90971031|001
pgArtwork|90971034|001
pgArtwork|90971132|001
pgArtwork|90971130|001
pgArtwork|90971042|001
pgArtwork|90971041|001
pgArtwork|90971128|001
pgQualitySpecification|90774092|001
pgIllustration|90987811|001
pgArtwork|91059392|001
pgArtwork|91059291|001
pgPackingMaterial|91015867|001
pgPackingMaterial|91015875|001
pgPackingMaterial|91015864|001
pgPackingMaterial|91015869|001
pgArtwork|91077113|001
pgArtwork|91080843|001
pgPackingMaterial|91087070|001
pgPackingMaterial|90959016|001
pgArtwork|91018411|001
pgQualitySpecification|96702825|003
pgIllustration|95648243|004
pgArtwork|90987739|001
pgPackingMaterial|90960216|001
pgArtwork|90992002|001
pgPackingMaterial|90960215|001
pgPackingMaterial|91209296|001
pgPackingMaterial|91209297|001
pgPackingMaterial|91200612|001
pgPackingMaterial|91234776|001
pgPackingMaterial|91234775|001
pgPackingMaterial|91234996|001
pgPackingMaterial|91234995|001
pgPackingMaterial|91234871|001
pgPackingMaterial|91251828|001
pgPackingMaterial|91234872|001
pgPackingMaterial|91251827|001
pgPackingMaterial|90971897|001
pgArtwork|91259984|001
pgArtwork|91260071|001
pgArtwork|90947279|001
pgArtwork|91312964|001
pgArtwork|91312949|001
pgArtwork|91292793|001
pgArtwork|91312950|001
pgArtwork|91312951|001
pgArtwork|91312948|001
pgArtwork|91292822|001
pgArtwork|91312975|001
pgArtwork|91278590|001
pgArtwork|91312947|001
pgArtwork|91288782|001
pgArtwork|91315313|001
pgArtwork|91320011|001
pgPackingMaterial|91337973|001
pgPackingMaterial|91315671|001
pgPackingMaterial|91315672|001
pgPackingMaterial|91337972|001
pgPackingMaterial|91337929|001
pgPackingMaterial|91337852|001
pgPackingMaterial|91337971|001
pgPackingMaterial|91323421|001
pgPackingMaterial|91288465|001
pgPackingMaterial|91352390|001
pgArtwork|91396152|001
pgArtwork|91396149|001
pgArtwork|91396150|001
pgArtwork|91396147|001
pgArtwork|91396151|001
pgArtwork|91396155|001
pgArtwork|91396153|001
pgArtwork|91397489|001
pgIllustration|99378596|004
pgIllustration|91282940|002
pgIllustration|99423058|004
pgArtwork|91430250|001
pgArtwork|91430249|001
pgArtwork|91430248|001
pgArtwork|91430251|001
pgArtwork|91430252|001
pgArtwork|91442034|001
pgArtwork|91363689|001
pgArtwork|91363688|001
pgArtwork|96995835|001
pgArtwork|96296825|001
pgArtwork|96995834|001
pgArtwork|91481232|001
pgArtwork|91481231|001
pgArtwork|91500910|001
pgArtwork|91500912|001
pgArtwork|91500908|001
pgArtwork|91500911|001
pgArtwork|91500915|001
pgArtwork|91500909|001
pgArtwork|91512451|001
pgArtwork|91512449|001
pgArtwork|91512450|001
pgArtwork|91520024|001
pgArtwork|91520025|001
pgPackingMaterial|91483552|001
pgPackingMaterial|91483553|001
pgPackingMaterial|91483642|001
pgPackingMaterial|91483643|001
pgPackingMaterial|91483551|001
pgArtwork|91525748|001
pgArtwork|91525747|001
pgArtwork|91531066|001
pgArtwork|91531063|001
pgArtwork|91531062|001
pgArtwork|91531064|001
pgArtwork|91531065|001
pgArtwork|91565057|001
pgArtwork|91575851|001
pgArtwork|91586278|001
pgArtwork|91586277|001
pgArtwork|91586279|001
pgPackingMaterial|91584704|001
pgPackingMaterial|91584703|001
pgArtwork|91565014|001
pgArtwork|91565015|001
pgPackingMaterial|91533291|001
pgPackingMaterial|91533290|001
pgPackingMaterial|91533293|001
pgPackingMaterial|97479224|001
pgPackingMaterial|97479219|001
pgPackingMaterial|97479221|001
pgArtwork|91564162|001
pgArtwork|91513768|001
pgArtwork|91599881|001
pgArtwork|91599882|001
pgArtwork|91599883|001
pgArtwork|96781163|001
pgArtwork|91445601|001
pgArtwork|91609002|001
pgPackingMaterial|91607577|001
pgArtwork|90853287|001
pgArtwork|90537492|001
pgArtwork|90537491|001
pgArtwork|90872241|001
pgArtwork|97222378|001
pgArtwork|96963240|001
pgArtwork|90635286|001
pgArtwork|96885493|001
pgIllustration|91417464|001
pgPackingMaterial|96812114|001
pgIllustration|91586440|001
pgPackingMaterial|97322137|001
pgIllustration|91586438|001
pgPackingMaterial|90816171|001
pgPackingMaterial|97199837|001
pgIllustration|91586439|001
pgPackingMaterial|96598633|001
pgPackingMaterial|97437980|001
pgPackingMaterial|90816169|001
pgPackingMaterial|96578011|001
pgArtwork|91647757|001
pgArtwork|91647755|001
pgArtwork|91647758|001
pgIllustration|91627459|001
pgPackingMaterial|91627461|001
pgArtwork|91318412|001
pgIllustration|91243023|001
pgPackingMaterial|91309481|001
pgPackingMaterial|91632868|001
pgPackingMaterial|90900877|001
pgPackingMaterial|91632887|001
pgPackingMaterial|91632886|001
pgPackingMaterial|91632890|001
pgPackingMaterial|91708572|001
pgPackingMaterial|91647125|001
pgPackingMaterial|91708871|001
pgPackingMaterial|91090644|001
pgPackingMaterial|90901721|001
pgPackingMaterial|91095665|001
pgPackingMaterial|91632883|001
pgPackingMaterial|90902848|001
pgPackingMaterial|90902847|001
pgPackingMaterial|90592023|001
pgPackingMaterial|97065936|001
pgArtwork|91750262|001
pgArtwork|91746237|001
pgArtwork|91746238|001
pgArtwork|91746239|001
pgArtwork|91746240|001
pgArtwork|91746235|001
pgArtwork|96682915|001
pgArtwork|91664759|001
pgArtwork|POA-00029621|001
pgIllustration|99693693|002
Packaging Material Part|91544639|002
pgIllustration|96559397|003
pgArtwork|91782934|001
pgArtwork|91782930|001
pgArtwork|91782932|001
pgArtwork|91782931|001
pgArtwork|91782933|001
pgArtwork|91751329|001
pgArtwork|96534515|001
pgArtwork|91611068|001
pgIllustration|91054528|002
Packaging Material Part|96326181|002
Packaging Material Part|91793919|001
Packaging Material Part|91795691|001
pgArtwork|POA-00036265|001
pgArtwork|POA-00037643|001
Packaging Material Part|96671341|003
Packaging Material Part|96671345|003
Packaging Material Part|91437395|002
Packaging Material Part|91018244|002
Packaging Material Part|96776869|003
Packaging Material Part|92000932|003
Packaging Material Part|91483564|002
Packaging Material Part|96794663|003
Packaging Material Part|96773017|003
Packaging Material Part|90744063|002
Packaging Material Part|92000927|003
Packaging Material Part|91483563|002
Packaging Material Part|96752276|002
Packaging Material Part|91437394|002
Packaging Material Part|96773016|003
Packaging Material Part|91512865|002
Packaging Material Part|91251846|002
pgPackingMaterial|97240986|001
Packaging Material Part|91677308|001
Packaging Material Part|91677309|001
Packaging Material Part|91701248|001
Packaging Material Part|91287838|002
Packaging Material Part|96913363|003
Packaging Material Part|91394994|002
Packaging Material Part|91394990|003
Packaging Material Part|91394991|003
Packaging Material Part|91394993|002
Packaging Material Part|91207651|002
Packaging Material Part|91207650|002
Packaging Material Part|91073224|002
Packaging Material Part|91073225|002
pgArtwork|POA-00043686|001
pgArtwork|POA-00044202|001
pgArtwork|POA-00044204|001
pgArtwork|91324834|001
pgArtwork|POA-00051247|001
Packaging Material Part|91882889|001
Packaging Material Part|91483560|002
Packaging Material Part|96913053|003
Packaging Material Part|96657674|005
Packaging Material Part|96888321|003
Packaging Material Part|96914343|003
Packaging Material Part|91154418|002
Packaging Material Part|96896218|003
Packaging Material Part|96772903|003
Packaging Material Part|96915541|004
Packaging Material Part|91087069|002
pgArtwork|POA-00065018|001
pgArtwork|POA-00065020|001
pgArtwork|POA-00065022|001
pgArtwork|POA-00068665|001
pgArtwork|POA-00068663|001
pgArtwork|POA-00064354|001
pgArtwork|POA-00064565|001
pgArtwork|POA-00065021|001
Packaging Material Part|96913372|003
Packaging Material Part|96922539|003
Packaging Material Part|96922536|003
pgArtwork|POA-00072210|001
pgArtwork|POA-00072213|001
pgArtwork|POA-00072209|001
pgArtwork|POA-00072212|001
Packaging Material Part|91968882|004
Packaging Material Part|91939055|004
Packaging Material Part|91968881|002
Packaging Material Part|91968883|004
Packaging Material Part|91968884|004
Packaging Material Part|91956859|002
Packaging Material Part|91939057|004
Packaging Material Part|91956860|004
pgArtwork|POA-00064356|001
Packaging Material Part|91946411|004
Packaging Material Part|91946410|004
pgArtwork|POA-00064355|001
pgArtwork|POA-00077232|001
Packaging Material Part|91985565|001
pgArtwork|POA-00075958|001
Packaging Material Part|91941812|001
pgArtwork|POA-00075953|001
Packaging Material Part|96675716|003
Packaging Material Part|96675718|003
Packaging Material Part|91578216|002
Packaging Material Part|91578217|002
Packaging Material Part|91986127|005
Packaging Material Part|91742115|001
Packaging Material Part|91437393|002
Packaging Material Part|91437392|002
Packaging Material Part|91234868|002
Packaging Material Part|91360751|002
Packaging Material Part|91437389|002
Packaging Material Part|91234867|002
Packaging Material Part|91437453|002
Packaging Material Part|91437388|002
pgArtwork|POA-00100508|001
Packaging Material Part|91483565|002
Packaging Material Part|91463683|002
Packaging Material Part|90599409|001
pgArtwork|POA-00089116|001
Packaging Material Part|90530931|002
Packaging Material Part|91993740|002
Packaging Material Part|90518573|002
Packaging Material Part|90556439|001
Packaging Material Part|91892957|001
Packaging Material Part|96774752|003
Packaging Material Part|90744062|002
Packaging Material Part|90744050|002
Packaging Material Part|91284382|003
Packaging Material Part|90534923|002
Packaging Material Part|91450312|002
Packaging Material Part|96906517|003
Packaging Material Part|91284275|002
Packaging Material Part|90744064|002
Packaging Material Part|90744060|002
Packaging Material Part|96892538|003
Packaging Material Part|96906665|002
Packaging Material Part|96774856|003
Packaging Material Part|90523830|001
Packaging Material Part|90536301|001
Packaging Material Part|97177964|004
Packaging Material Part|90557239|001
Packaging Material Part|90503570|001
Packaging Material Part|90534946|002
Packaging Material Part|91450314|002
Packaging Material Part|91360458|002
Packaging Material Part|90757654|002
Packaging Material Part|96898152|003
Packaging Material Part|91284277|002
Packaging Material Part|90623674|003
Packaging Material Part|90744059|002
Packaging Material Part|96920707|003
Packaging Material Part|97177969|004
Packaging Material Part|96915754|002
Packaging Material Part|96225593|002
Packaging Material Part|91283860|002
Packaging Material Part|91284388|002
Packaging Material Part|91187622|002
Packaging Material Part|97327194|002
Packaging Material Part|96148358|002
Packaging Material Part|96311095|002
pgArtwork|96838429|001
pgIllustration|95200564|001
Packaging Material Part|97180882|003
POA|POA-00101652|001
POA|POA-00059038|001
Packaging Material Part|91187621|002
Packaging Material Part|90565171|001
Packaging Material Part|90565173|001
POA|POA-00059033|001
Packaging Material Part|90613375|001
Packaging Material Part|90612168|001
Packaging Material Part|90627235|001
Packaging Material Part|90612169|001
Packaging Material Part|91483558|002
Packaging Material Part|96913045|003
Packaging Material Part|99846174|004
Packaging Material Part|96925008|003
Packaging Material Part|91154417|002
Packaging Material Part|96915514|004
Packaging Material Part|96772902|003
Packaging Material Part|96913842|003
Packaging Material Part|96904064|003
Packaging Material Part|99948077|003
Packaging Material Part|97233847|004
Packaging Material Part|99948079|003
Packaging Material Part|97233838|004
Packaging Material Part|90584965|001
Packaging Material Part|90629594|001
pgArtwork|POA-00116494|001
pgArtwork|POA-00116493|001
Packaging Material Part|90510485|002
Packaging Material Part|90557215|001
Packaging Material Part|90503466|001
pgArtwork|POA-00119181|001
Packaging Material Part|91087068|002
Packaging Material Part|90655775|001
Packaging Material Part|90689299|001
Packaging Material Part|90724511|001
Packaging Material Part|90634389|001
Packaging Material Part|90616068|001
POA|POA-00112681|001
Packaging Material Part|90663046|003
POA|POA-00112683|001
Packaging Material Part|90652450|001
Packaging Material Part|91284276|003
Packaging Material Part|90747230|001
POA|POA-00124655|001
Packaging Material Part|90652449|002
Packaging Material Part|90921588|001
Packaging Material Part|90810129|001
Packaging Material Part|90790837|001
Packaging Material Part|90747229|001
Packaging Material Part|90580236|002
POA|POA-00112888|001
Packaging Material Part|91394988|003
Packaging Material Part|91394936|003
POA|POA-00120810|001
Packaging Material Part|90956523|001
POA|POA-00145134|001
pgMasterPackagingMaterialPart|MPMP-00048271|002
pgIllustration|95803972|004
POA|POA-00161656|001
Packaging Material Part|90827311|001
POA|POA-00120813|001
POA|POA-00164064|001
POA|POA-00120811|001
POA|POA-00142891|001
Packaging Material Part|90706218|001
POA|POA-00123313|001
POA|POA-00120812|001
POA|POA-00123308|001
Packaging Material Part|90827390|001
Packaging Material Part|90827388|001
Packaging Material Part|90827395|001
Packaging Material Part|90827313|001
Packaging Material Part|90827320|001
Packaging Material Part|90827314|001
Packaging Material Part|90827318|001
Packaging Material Part|90758888|001
Packaging Material Part|90776827|001
Packaging Material Part|90790829|001
Packaging Material Part|90776822|001
Packaging Material Part|90827315|001
Packaging Material Part|90827393|001
Packaging Material Part|90810133|001
Packaging Material Part|90827394|001
Packaging Material Part|90827322|001
Packaging Material Part|90810131|001
Packaging Material Part|90758891|001
Packaging Material Part|90810132|001
Packaging Material Part|90776817|001
POA|POA-00089470|001
Packaging Material Part|91046181|001
Packaging Material Part|90948603|001
Packaging Material Part|91157060|001
pgMasterPackagingMaterialPart|MPMP-00049923|002
pgMasterPackagingMaterialPart|MPMP-00049808|002
pgMasterPackagingMaterialPart|MPMP-00075388|002
pgMasterPackagingMaterialPart|MPMP-00075414|002
pgMasterPackagingMaterialPart|MPMP-00048268|002
pgIllustration|95173350|002
pgMasterPackagingMaterialPart|MPMP-00048265|002
pgMasterPackagingMaterialPart|MPMP-00049942|002
pgMasterPackagingMaterialPart|MPMP-00047200|003
Packaging Material Part|91341108|001
Packaging Material Part|91341109|001
Packaging Material Part|90609740|002
Packaging Material Part|90621876|002
Packaging Material Part|90827391|002
Packaging Material Part|90609748|002
Packaging Material Part|90609750|002
Packaging Material Part|91287839|002
Packaging Material Part|91015957|003
pgMasterPackagingMaterialPart|MPMP-00051921|004
pgArtwork|91287282|001
pgArtwork|91083795|001
Packaging Material Part|96752281|002
Packaging Material Part|91018243|002
Packaging Material Part|91251848|002
Packaging Material Part|90971898|002
pgArtwork|94515418|001
pgArtwork|90665130|001
pgArtwork|97150730|001
pgArtwork|99915487|001
pgArtwork|91580105|001
pgArtwork|94513768|001
pgArtwork|94515424|001
pgArtwork|94513767|001
pgArtwork|96977782|001
pgArtwork|90811337|001
pgArtwork|91565056|001
pgArtwork|94513766|001
pgArtwork|91500914|001
pgArtwork|94513765|001
pgArtwork|96977783|001
pgArtwork|97142750|001
pgArtwork|91565055|001
pgArtwork|91083796|001
pgArtwork|96978132|001
pgArtwork|90665127|001
pgArtwork|91500913|001
pgIllustration|95557827|011
pgIllustration|95557828|009
POA|POA-00142908|001
Packaging Material Part|96925011|004
Packaging Material Part|91341637|002
Packaging Material Part|91341638|002
POA|POA-00150955|001
Packaging Material Part|90563893|003
POA|POA-00112889|001
POA|POA-00113941|001
Packaging Material Part|90567204|003
pgMasterPackagingMaterialPart|MPMP-00074492|006
POA|POA-00176837|001
POA|POA-00150942|001
pgArtwork|POA-10043685|001
Packaging Material Part|91515323|002
POA|POA-00176884|001
POA|POA-00150153|001
Packaging Material Part|91587899|001
Packaging Material Part|91646384|001
Packaging Material Part|91646387|001
POA|POA-00176434|001
POA|POA-00150154|001
Packaging Material Part|91616190|001
Packaging Material Part|91593622|001
Packaging Material Part|91659481|001
Packaging Material Part|91578206|002
Packaging Material Part|91578205|002
Packaging Material Part|91661597|001
POA|POA-00176839|001
POA|POA-00176840|001
POA|POA-00208088|001
POA|POA-00208077|001
Packaging Material Part|91724528|001
POA|POA-00231402|001
POA|POA-00232461|001
POA|POA-00231242|001
Packaging Material Part|91129620|004
POA|POA-00201749|001
Packaging Material Part|91714097|001
Packaging Material Part|91726232|001
Packaging Material Part|91753562|001
Packaging Material Part|91667299|001
Packaging Material Part|91761065|001
Packaging Material Part|91772666|001
Packaging Material Part|91774156|001
Packaging Material Part|91800036|001
Packaging Material Part|91800034|001
POA|POA-00196484|001
POA|POA-00196490|001
pgMasterPackagingMaterialPart|MPMP-00075045|001
pgIllustration|ILST-00014643|001
pgIllustration|91599252|001
Packaging Material Part|91343651|002
POA|POA-00194262|001
POA|POA-00237501|001
Packaging Material Part|91842801|001
Packaging Material Part|91865078|001
POA|POA-00245139|001
POA|POA-00244618|001
POA|POA-00249349|001
POA|POA-00244621|001
POA|POA-00244620|001
pgMasterPackagingMaterialPart|MPMP-00103240|001
Packaging Material Part|91348566|003
POA|POA-00205022|001
POA|POA-00205028|001
Packaging Material Part|91328848|004
POA|POA-00205001|001
Packaging Material Part|91296745|004
Packaging Material Part|91680768|002
pgArtwork|POA-00038470|001
Packaging Material Part|91539095|002
pgArtwork|POA-00041551|001
pgArtwork|POA-00040799|001
Packaging Material Part|91676284|002
pgArtwork|POA-00038779|001
Packaging Material Part|91690300|002
pgMasterPackagingMaterialPart|MPMP-00075043|001
Packaging Material Part|90822526|002
POA|POA-00148746|001
pgIllustration|ILST-00014642|001
pgArtwork|POA-00040800|001
Packaging Material Part|91681196|002
pgArtwork|POA-00034445|001
Packaging Material Part|91689644|002
POA|POA-00060826|001
Packaging Material Part|91972230|002
pgArtwork|POA-00033768|001
Packaging Material Part|91550061|002
POA|POA-00109009|001
Packaging Material Part|90527394|002
Packaging Material Part|90540627|002
POA|POA-00109015|001
Packaging Material Part|90515453|002
POA|POA-00109008|001
POA|POA-00109014|001
Packaging Material Part|90558453|002
pgArtwork|POA-00038471|001
Packaging Material Part|91680769|002
Packaging Material Part|91675875|002
pgArtwork|POA-00038468|001
pgArtwork|POA-00037726|001
Packaging Material Part|91698342|002
POA|POA-00109013|001
Packaging Material Part|90527393|002
pgArtwork|POA-00037666|001
Packaging Material Part|91680207|002
pgArtwork|POA-00040804|001
Packaging Material Part|91797641|002
Packaging Material Part|90537820|002
POA|POA-00109007|001
POA|POA-00148742|001
Packaging Material Part|90822527|002
Packaging Material Part|91545007|002
pgArtwork|POA-00033777|001
pgArtwork|POA-00040806|001
Packaging Material Part|91797643|002
POA|POA-00110540|001
Packaging Material Part|90540626|002
POA|POA-00060823|001
Packaging Material Part|91958482|002
pgArtwork|POA-00028478|001
Packaging Material Part|91557301|002
POA|POA-00110517|001
Packaging Material Part|90540609|002
Packaging Material Part|91794287|002
pgArtwork|POA-00037669|001
pgArtwork|POA-00033766|001
Packaging Material Part|91545006|002
Packaging Material Part|90558454|002
POA|POA-00109012|001
Packaging Material Part|91552319|002
pgArtwork|POA-00028473|001
pgArtwork|POA-00037730|001
Packaging Material Part|91794286|002
pgArtwork|POA-00037724|001
Packaging Material Part|91690171|002
pgArtwork|POA-00032459|001
Packaging Material Part|91555067|002
Packaging Material Part|91550060|002
pgArtwork|POA-00032457|001
Packaging Material Part|91675332|002
pgArtwork|POA-00037664|001
POA|POA-00109006|001
Packaging Material Part|90524833|002
POA|POA-00110518|001
Packaging Material Part|90558467|002
Packaging Material Part|91552314|002
pgArtwork|POA-00041553|001
pgArtwork|POA-00032454|001
Packaging Material Part|91545004|002
pgArtwork|POA-00037665|001
Packaging Material Part|91679214|002
POA|POA-00110538|001
Packaging Material Part|90558455|003
pgIllustration|95901428|012
POA|POA-00244619|001
Packaging Material Part|91833294|003
Packaging Material Part|91842811|003
POA|POA-00259515|001
POA|POA-00259459|001
POA|POA-00194259|001
Packaging Material Part|91343636|003
POA|POA-00194265|001
Packaging Material Part|91589853|002
POA|POA-00196242|001
Packaging Material Part|91600516|004
POA|POA-00194263|001
Packaging Material Part|91317397|004
POA|POA-00194261|001
Packaging Material Part|91317389|003
POA|POA-00196241|001
Packaging Material Part|91589855|004
POA|POA-00194260|001
Packaging Material Part|91272440|003
POA|POA-00234723|001
Packaging Material Part|91629508|003
POA|POA-00194258|001
Packaging Material Part|91343632|003
POA|POA-00194264|001
Packaging Material Part|91648083|003
POA|POA-00190137|001
POA|POA-00190138|001
pgMasterPackagingMaterialPart|MPMP-00048516|002
pgIllustration|91598903|001
pgMasterPackagingMaterialPart|MPMP-00048515|002
Packaging Material Part|90000767|001
Packaging Material Part|90017905|001
pgPackingInstructions|91306970|002
pgMasterPackagingMaterialPart|MPMP-00047207|003
pgMasterPackagingMaterialPart|MPMP-00048269|003
Packaging Material Part|90073170|001
Packaging Material Part|90065307|001
Packaging Material Part|90079955|001
POA|POA-00286985|001
POA|POA-00258860|001
Packaging Material Part|90070437|001
Packaging Material Part|90075321|001
POA|POA-00286977|001
Packaging Material Part|90092879|001
POA|POA-00298509|001
POA|POA-00298505|001
POA|POA-00298503|001
Packaging Material Part|90100946|001
Packaging Material Part|90100986|001
POA|POA-00227331|001
POA|POA-00227290|001
Packaging Material Part|90139326|001
Packaging Material Part|90139325|001
POA|POA-00202227|001
Packaging Material Part|90718142|007
POA|POA-00202226|001
Packaging Material Part|90702692|007
POA|POA-00320738|001
POA|POA-00315313|001
POA|POA-00316783|001
POA|POA-00316767|001
Packaging Material Part|90190421|001
Packaging Material Part|90184975|001
POA|POA-00259477|001
POA|POA-00176888|001
Packaging Material Part|91102098|002
Packaging Material Part|91284387|003
POA|POA-00176889|001
Packaging Material Part|90988113|003
POA|POA-00176882|001
Packaging Material Part|90968275|003
Packaging Material Part|91284383|003
POA|POA-00176890|001
Packaging Material Part|91046121|004
Packaging Material Part|90177302|001
Packaging Material Part|90183915|001
Packaging Material Part|90189001|001
Packaging Material Part|90225020|001
Packaging Material Part|91284384|003
Packaging Material Part|91284386|003
Packaging Material Part|91284385|003
Packaging Material Part|96675651|004
POA|POA-00130580|001
Packaging Material Part|90621875|002
POA|POA-00176883|001
Packaging Material Part|91005490|003
Packaging Material Part|96675650|004
POA|POA-00176886|001
Packaging Material Part|90988110|003
Packaging Material Part|90190242|001
Packaging Material Part|90217216|001
Packaging Material Part|91731178|004
Packaging Material Part|91716552|004
pgArtwork|POA-10064985|001
pgArtwork|POA-10064984|001
POA|POA-00337274|001
Packaging Material Part|SEP-00000053|1
Packaging Material Part|91540708|001
Packaging Material Part|91528178|001
Packaging Material Part|91509996|001
Packaging Material Part|91545936|001
Packaging Material Part|91556654|001
Packaging Material Part|91538541|001
Packaging Material Part|91538903|001
Packaging Material Part|91556700|001
Packaging Material Part|91552113|001
Packaging Material Part|91557634|001
Packaging Material Part|91538965|001
Packaging Material Part|91538971|001
pgArtwork|POA-00026398|001
Packaging Material Part|91557742|001
Packaging Material Part|91538458|001
Packaging Material Part|91540468|001
Packaging Material Part|91552098|001
Packaging Material Part|91542038|001
pgArtwork|POA-00027513|001
Packaging Material Part|91548240|001
Packaging Material Part|91544062|001
Packaging Material Part|91559349|001
Packaging Material Part|91552173|001
Packaging Material Part|91621751|001
Packaging Material Part|91549630|001
Packaging Material Part|91553463|001
Packaging Material Part|91699879|001
Packaging Material Part|91796787|001
Packaging Material Part|91796788|001
Packaging Material Part|91679153|001
Packaging Material Part|91678538|001
Packaging Material Part|91700145|001
Packaging Material Part|91680638|001
Packaging Material Part|91699766|001
Packaging Material Part|91700143|001
Packaging Material Part|91699765|001
Packaging Material Part|91854056|001
Packaging Material Part|91549295|001
Packaging Material Part|91690722|001
Packaging Material Part|91890277|001
Packaging Material Part|91994447|001
Packaging Material Part|91118288|001
Packaging Material Part|91118289|001
Packaging Material Part|91994445|001
Packaging Material Part|91422292|001
Packaging Material Part|91999426|001
Packaging Material Part|91177123|001
Packaging Material Part|91272907|001
Packaging Material Part|91335168|001
Packaging Material Part|91934009|001
Packaging Material Part|90556599|001
Packaging Material Part|90548184|001
Packaging Material Part|91946119|001
Packaging Material Part|91184962|001
Packaging Material Part|91335332|001
Packaging Material Part|91177261|001
Packaging Material Part|91946118|001
Packaging Material Part|91346391|001
Packaging Material Part|91934008|001
Packaging Material Part|91934007|001
Packaging Material Part|91946117|001
Packaging Material Part|90556536|001
Packaging Material Part|90606004|001
Packaging Material Part|91741904|001
Packaging Material Part|91689897|001
Packaging Material Part|91741606|001
Packaging Material Part|90601802|001
Packaging Material Part|91741899|001
Packaging Material Part|91739416|001
Packaging Material Part|91739418|001
Packaging Material Part|91732340|001
Packaging Material Part|91732342|001
Packaging Material Part|91909302|001
Packaging Material Part|91909299|001
Packaging Material Part|91732339|001
Packaging Material Part|91732343|001
Packaging Material Part|91652985|001
Packaging Material Part|90508680|001
Packaging Material Part|91396346|001
Packaging Material Part|90526459|001
Packaging Material Part|91192597|001
Packaging Material Part|90567806|001
Packaging Material Part|90566146|001
Packaging Material Part|90597169|001
Packaging Material Part|90588788|001
Packaging Material Part|90588790|001
Packaging Material Part|90634472|001
Packaging Material Part|90588789|001
Packaging Material Part|90574518|001
Packaging Material Part|90580053|001
Packaging Material Part|90682077|001
Packaging Material Part|90666975|001
Packaging Material Part|90682068|001
Packaging Material Part|90647914|001
Packaging Material Part|90647911|001
Packaging Material Part|90647907|001
Packaging Material Part|90647960|001
Packaging Material Part|90666977|001
Packaging Material Part|90651782|001
Packaging Material Part|90682066|001
Packaging Material Part|90714730|001
Packaging Material Part|91184959|001
Packaging Material Part|90746933|001
Packaging Material Part|90746936|001
Packaging Material Part|90750862|001
Packaging Material Part|90750858|001
Packaging Material Part|90750857|001
Packaging Material Part|90750859|001
Packaging Material Part|90769885|001
Packaging Material Part|90752486|001
Packaging Material Part|90804359|001
Packaging Material Part|90804357|001
Packaging Material Part|90754772|001
Packaging Material Part|91432440|001
Packaging Material Part|90809722|001
Packaging Material Part|90808887|001
Packaging Material Part|90790512|001
Packaging Material Part|90826331|001
Packaging Material Part|90826332|001
Packaging Material Part|90790513|001
Packaging Material Part|90790511|001
Packaging Material Part|90808885|001
Packaging Material Part|90790510|001
Packaging Material Part|90757979|001
Packaging Material Part|90811864|001
Packaging Material Part|90793355|001
Packaging Material Part|90836067|001
Packaging Material Part|90782979|001
Packaging Material Part|90796852|001
Packaging Material Part|90836114|001
Packaging Material Part|90848987|001
Packaging Material Part|90881687|001
Packaging Material Part|90897541|001
Packaging Material Part|90863137|001
Packaging Material Part|90859601|001
Packaging Material Part|90837615|001
Packaging Material Part|90797234|001
Packaging Material Part|90837616|001
Packaging Material Part|90837612|001
Packaging Material Part|90876134|001
Packaging Material Part|90843341|001
Packaging Material Part|90876133|001
Packaging Material Part|90635553|001
Packaging Material Part|90895266|001
Packaging Material Part|90635552|001
Packaging Material Part|90879079|001
Packaging Material Part|90879069|001
Packaging Material Part|90856244|001
Packaging Material Part|90912656|001
Packaging Material Part|90904845|001
Packaging Material Part|90856240|001
Packaging Material Part|90870403|001
Packaging Material Part|90856246|001
Packaging Material Part|90870406|001
Packaging Material Part|90856231|001
Packaging Material Part|90912650|001
Packaging Material Part|90856242|001
Packaging Material Part|90870408|001
Packaging Material Part|90856233|001
Packaging Material Part|90904850|001
Packaging Material Part|90870415|001
Packaging Material Part|90912643|001
Packaging Material Part|90856245|001
pgMasterPackagingMaterialPart|MPMP-00021303|002
Packaging Material Part|90870608|001
Packaging Material Part|90856668|001
pgIllustration|ILST-00028520|001
Packaging Material Part|90687193|002
Packaging Material Part|90653642|002
pgIllustration|ILST-00028093|001
Packaging Material Part|90979434|001
Packaging Material Part|90957387|001
Packaging Material Part|90995699|001
Packaging Material Part|90939608|001
Packaging Material Part|91132340|001
Packaging Material Part|91135294|001
Packaging Material Part|91057723|001
Packaging Material Part|91100846|001
Packaging Material Part|90946695|001
Packaging Material Part|90965332|001
Packaging Material Part|91146809|001
Packaging Material Part|91157293|001
Packaging Material Part|91151913|001
Packaging Material Part|91157294|001
Packaging Material Part|91253046|001
Packaging Material Part|91363182|001
Packaging Material Part|91363948|001
Packaging Material Part|91381095|001
Packaging Material Part|91388197|001
Packaging Material Part|91369579|001
Packaging Material Part|91388191|001
Packaging Material Part|91453938|001
Packaging Material Part|91498234|001
Packaging Material Part|91394707|001
Packaging Material Part|91428562|001
Packaging Material Part|91484096|001
Packaging Material Part|91469549|001
Packaging Material Part|91532826|001
Packaging Material Part|91466683|001
Packaging Material Part|91507557|001
Packaging Material Part|91476521|001
Packaging Material Part|91470065|001
Packaging Material Part|91563690|001
Packaging Material Part|91610239|001
Packaging Material Part|91585649|001
Packaging Material Part|91642405|001
Packaging Material Part|91617068|001
Packaging Material Part|91617067|001
Packaging Material Part|91657152|001
Packaging Material Part|91713623|001
Packaging Material Part|91752175|001
Packaging Material Part|91752190|001
Packaging Material Part|91713633|001
pgIllustration|ILST-00045657|001
pgIllustration|ILST-00045660|001
Packaging Material Part|91704595|001
Packaging Material Part|91670717|001
Packaging Material Part|91624876|001
Packaging Material Part|91596057|001
Packaging Material Part|91702867|001
Packaging Material Part|91636275|001
Packaging Material Part|91717088|001
Packaging Material Part|91759724|001
Packaging Material Part|91717092|001
Packaging Material Part|91688759|001
Packaging Material Part|91671882|001
Packaging Material Part|91608568|001
Packaging Material Part|91662653|001
Packaging Material Part|91608569|001
Packaging Material Part|91624874|001
Packaging Material Part|91713544|001
POA|POA-00236554|001
Packaging Material Part|91768259|001
Packaging Material Part|91768258|001
Packaging Material Part|91815837|001
Packaging Material Part|91812188|001
Packaging Material Part|91820544|001
Packaging Material Part|91770802|001
Packaging Material Part|91770803|001
Packaging Material Part|91810733|001
Packaging Material Part|91798332|001
Packaging Material Part|91812186|001
Packaging Material Part|91827336|001
Packaging Material Part|91801158|001
Packaging Material Part|91829319|001
Packaging Material Part|91847547|001
Packaging Material Part|91865357|001
Packaging Material Part|91848823|001
Packaging Material Part|91862664|001
Packaging Material Part|91848824|001
Packaging Material Part|91875203|001
Packaging Material Part|91902036|001
Packaging Material Part|91860525|001
Packaging Material Part|91845966|001
Packaging Material Part|91861096|001
Packaging Material Part|91871564|001
Packaging Material Part|91846662|001
Packaging Material Part|91907820|001
Packaging Material Part|91963647|001
Packaging Material Part|91963644|001
Packaging Material Part|91919049|001
Packaging Material Part|91963654|001
Packaging Material Part|91964595|001
Packaging Material Part|91907823|001
Packaging Material Part|91963646|001
Packaging Material Part|91935278|001
Packaging Material Part|91914279|001
Packaging Material Part|90546271|002
Packaging Material Part|90533199|002
Packaging Material Part|90606003|002
Packaging Material Part|90826329|002
Packaging Material Part|90027916|001
Packaging Material Part|91802287|001
Packaging Material Part|90014022|001
Packaging Material Part|90014023|001
Packaging Material Part|90057557|001
Packaging Material Part|90829388|001
Packaging Material Part|91657190|001
Packaging Material Part|90073907|001
Packaging Material Part|90081522|001
Packaging Material Part|90068902|001
Packaging Material Part|90081543|001
Packaging Material Part|90081544|001
Packaging Material Part|90083778|001
Packaging Material Part|90066090|001
pgIllustration|ILST-00060321|001
Packaging Material Part|90074501|001
Packaging Material Part|90084410|001
Packaging Material Part|90084402|001
Packaging Material Part|90087770|001
Packaging Material Part|90087768|001
Packaging Material Part|90066704|001
Packaging Material Part|90074515|001
Packaging Material Part|90125424|001
Packaging Material Part|90083191|001
Packaging Material Part|90116649|001
Packaging Material Part|90131209|001
Packaging Material Part|90116865|001
Packaging Material Part|90131205|001
Packaging Material Part|90160711|001
Packaging Material Part|90167852|001
Packaging Material Part|90154261|001
Packaging Material Part|90166845|001
Packaging Material Part|90083605|001
Packaging Material Part|90166850|001
Packaging Material Part|90083606|001
Packaging Material Part|90081126|001
Packaging Material Part|90081123|001
Packaging Material Part|90073738|001
Packaging Material Part|90084799|001
Packaging Material Part|90124454|001
Packaging Material Part|90074818|001
Packaging Material Part|90068722|001
Packaging Material Part|90065026|001
Packaging Material Part|90095039|001
Packaging Material Part|90088449|001
Packaging Material Part|90081125|001
Packaging Material Part|90079365|001
Packaging Material Part|90088458|001
Packaging Material Part|90150016|001
Packaging Material Part|90170667|001
Packaging Material Part|90139391|001
Packaging Material Part|90194517|001
Packaging Material Part|90154077|001
Packaging Material Part|90166846|001
Packaging Material Part|90145082|001
Packaging Material Part|90189718|001
Packaging Material Part|90177941|001
Packaging Material Part|90608183|001
Packaging Assembly Part|SEP-00000292|2
pgIllustration|91201694|001
pgIllustration|91201695|001
pgIllustration|91364882|001
Packaging Assembly Part|91351163|002
Packaging Material Part|91337195|002
pgMasterPackagingMaterialPart|MPMP-00029522|001
Packaging Material Part|91334358|001
Packaging Material Part|91486622|001
pgIllustration|ILST-00017680|001
pgIllustration|ILST-00019079|001
Test Method Specification|95271079|001
Test Method Specification|95271080|001
Test Method Specification|95271077|001
Packaging Material Part|91694661|002
Test Method Specification|95271081|001
Test Method Specification|95271078|002
Test Method Specification|95271074|001
Test Method Specification|95271076|001
pgMasterPackagingMaterialPart|MPMP-00112964|002
pgIllustration|ILST-00045266|001
Packaging Material Part|91781564|001
pgIllustration|ILST-00052725|001
pgManufacturerMaterial|az4012-1347614182587|001
Raw Material|MEP-00016685|1
pgIllustration|91806449|001
pgIllustration|91804933|001
Raw Material|99666586|006
Raw Material|65751035|005
pgIllustration|90892191|004
Packaging Material Part|MEP-00019678|1
pgIllustration|90741468|001
pgMasterPackingMaterial|97308918|002
pgArtwork|97413970|001
pgIllustration|97342141|002
pgIllustration|90601997|001
pgArtwork|90754369|001
pgPackingMaterial|90684547|001
pgIllustration|97342142|002
pgPackingMaterial|90560797|001
pgArtwork|97413971|001
pgIllustration|90741469|001
pgPackingMaterial|90560796|001
pgPackingMaterial|90560795|001
pgPackingMaterial|90813677|001
pgArtwork|90834215|001
pgPackingMaterial|90812730|001
pgArtwork|90834217|001
pgPackingMaterial|90750277|002
pgPackingMaterial|97342004|003
pgIllustration|97342139|002
pgArtwork|97413969|001
pgPackingMaterial|96217269|002
pgPackingMaterial|97342002|003
pgPackingMaterial|90934906|001
pgArtwork|90986618|001
pgMasterPackingMaterial|90830848|001
pgPackingMaterial|97341999|003
pgPackingMaterial|90997865|001
pgPackingMaterial|90997867|001
pgPackingMaterial|90982920|001
pgPackingMaterial|90997861|001
pgPackingMaterial|90997864|001
pgPackingMaterial|90997863|001
pgIllustration|92234735|001
pgArtwork|91201780|001
pgArtwork|91201862|001
pgArtwork|91208245|001
pgArtwork|91208246|001
pgArtwork|91252715|001
pgArtwork|91252736|001
pgArtwork|91252734|001
pgArtwork|91252735|001
pgPackingMaterial|91383650|002
pgArtwork|91413932|001
pgArtwork|91634667|001
pgArtwork|91634668|001
pgSupplierInformationSheet|97360396|002
pgIllustration|91834199|001
pgIllustration|91824737|001
pgArtwork|91838841|001
pgMasterPackagingMaterialPart|MPMP-00044482|001
Packaging Material Part|91096758|002
pgMasterPackagingMaterialPart|MPMP-00044481|001
Packaging Material Part|91096630|002
Packaging Material Part|91586011|005
pgMasterPackagingMaterialPart|MPMP-00054869|001
Packaging Material Part|91841938|002
Packaging Material Part|91586016|007
pgArtwork|POA-00062613|001
pgArtwork|POA-00064111|001
Packaging Material Part|91950415|001
Packaging Material Part|91942995|001
pgMasterPackagingMaterialPart|MPMP-00070263|001
Packaging Material Part|90546501|001
pgMasterPackagingMaterialPart|MPMP-00070267|001
Packaging Material Part|90546503|001
pgMasterPackagingMaterialPart|MPMP-00070251|001
Packaging Material Part|91340178|001
pgIllustration|ILST-00015331|001
pgIllustration|ILST-00015357|001
pgMasterPackagingMaterialPart|MPMP-00070268|001
Packaging Material Part|91340182|001
Packaging Material Part|91340173|001
Packaging Material Part|91335279|001
pgMasterPackagingMaterialPart|MPMP-00070241|001
Packaging Material Part|90543307|001
pgIllustration|ILST-00015328|001
Packaging Material Part|90546417|001
POA|POA-00064401|001
POA|POA-00064134|001
Packaging Material Part|90531090|002
POA|POA-00081121|001
POA|POA-00081099|001
POA|POA-00081122|001
POA|POA-00081120|001
POA|POA-00081100|001
POA|POA-00081098|001
POA|POA-00081097|001
POA|POA-00081123|001
Packaging Material Part|90568637|001
pgMasterPackagingMaterialPart|MPMP-00073950|002
POA|POA-00097393|001
pgMasterPackagingMaterialPart|MPMP-00061343|002
Packaging Material Part|91953420|002
pgMasterPackagingMaterialPart|MPMP-00057566|002
Packaging Material Part|90646436|002
POA|POA-00121875|001
Packaging Material Part|90751069|001
Packaging Material Part|90784789|001
Packaging Material Part|90784765|001
Packaging Material Part|90784786|001
Packaging Material Part|91894736|004
pgIllustration|ILST-00020327|001
pgMasterPackagingMaterialPart|MPMP-00077135|003
pgMasterPackagingMaterialPart|MPMP-00087936|001
pgIllustration|ILST-00026034|001
Packaging Material Part|90778076|001
pgIllustration|ILST-00015332|003
pgIllustration|ILST-00015333|003
pgMasterPackagingMaterialPart|MPMP-00088194|001
Packaging Material Part|91731566|003
pgIllustration|ILST-00026692|002
Packaging Material Part|90768859|003
Packaging Material Part|90747528|003
Packaging Material Part|90747526|003
Packaging Material Part|90800523|003
POA|POA-00138541|001
Packaging Material Part|90871730|001
POA|POA-00153296|001
Packaging Material Part|90974700|001
Packaging Material Part|91020657|002
pgIllustration|ILST-00009367|002
pgMasterPackagingMaterialPart|MPMP-00092658|001
pgIllustration|ILST-00029354|002
Packaging Material Part|91013161|002
POA|POA-00161631|001
pgMasterPackagingMaterialPart|MPMP-00102390|001
Packaging Material Part|91004947|003
POA|POA-00180823|001
Packaging Material Part|91500241|002
pgIllustration|ILST-00043814|001
pgMasterPackagingMaterialPart|MPMP-00111287|001
Packaging Material Part|91658487|001
POA|POA-00228173|001
POA|POA-00161197|001
pgMasterPackagingMaterialPart|MPMP-00112820|001
POA|POA-00113174|001
POA|POA-00276942|001
Packaging Material Part|90011765|002
POA|POA-00276958|001
Packaging Material Part|90181864|001
POA|POA-00326979|001
Packaging Assembly Part|MEP-00049233|1
pgMasterPackagingMaterialPart|MPMP-00030884|002
pgIllustration|91215423|001
Packaging Material Part|91070408|002
Packaging Assembly Part|91395901|002
Packaging Assembly Part|91434756|002
Packaging Assembly Part|91360775|002
Packaging Assembly Part|91411613|002
Packaging Assembly Part|91411612|002
Packaging Assembly Part|91100045|002
Packaging Assembly Part|91145332|002
Packaging Assembly Part|91100041|002
Packaging Assembly Part|91100038|002
Packaging Assembly Part|91670219|001
pgMasterPackagingMaterialPart|MPMP-00055971|001
pgIllustration|ILST-00012700|001
pgIllustration|ILST-00012701|001
POA|POA-00127020|001
Packaging Material Part|90640116|003
POA|POA-00185146|001
Packaging Material Part|91146160|004
POA|POA-00127019|001
Packaging Assembly Part|91757390|002
Packaging Assembly Part|91120739|003
Packaging Assembly Part|91395902|003
Packaging Assembly Part|91097735|003
Packaging Material Part|90709254|003
pgIllustration|ILST-00056239|001
POA|POA-00210286|001
pgIllustration|ILST-00040332|001
Packaging Material Part|91468539|002
pgIllustration|91483198|002
pgIllustration|ILST-00021281|001
pgManufacturerMaterial|am2982-1327525411949|001
pgManufacturerMaterial|am2982-1327525413739|001
pgManufacturerMaterial|t7698-1280342498389|001
pgManufacturerMaterial|au9475-1349349210957|001
Raw Material|MEP-00020845|3
pgQualitySpecification|98930973|007
pgQualitySpecification|95402157|002
pgQualitySpecification|95828177|004
pgQualitySpecification|95372179|002
pgQualitySpecification|95245673|002
pgQualitySpecification|98970028|007
pgQualitySpecification|95046809|003
pgQualitySpecification|95315759|003
pgQualitySpecification|95174323|003
pgQualitySpecification|98980333|002
pgPackingMaterial|91688247|001
pgManufacturerMaterial|bi9418-1186068613236|001
Raw Material|MEP-00023914|1
Raw Material|MEP-00023915|1
Raw Material|MEP-00023916|1
Raw Material|90557291|001
Qualification|PQR-00073210|001
Qualification|PQR-00073209|001
Raw Material|91952028|003
Qualification|PQR-00073208|001
Raw Material|91693130|003
pgManufacturerMaterial|ci0189-1347455726296|001
pgManufacturerMaterial|ae2497-1248914273482|001
pgManufacturerMaterial|cd3314-1347524737593|001
Packaging Material Part|MEP-00000915|1
Packaging Material Part|MEP-00015752|1
Packaging Assembly Part|MEP-00023902|1
pgMasterPackingMaterial|95422358|006
pgArtwork|96359337|001
pgPackingMaterial|96359336|001
pgIllustration|92286618|002
pgMasterPackingMaterial|97400098|001
pgArtwork|97030612|001
pgPackingMaterial|96930894|003
pgArtwork|97541737|001
pgPackingMaterial|97503172|001
pgIllustration|95670417|003
pgMasterPackingMaterial|98796586|006
pgArtwork|96969309|001
pgIllustration|96597856|002
pgPackingMaterial|96781958|001
pgPackingMaterial|99626525|001
pgArtwork|99743044|001
pgIllustration|96460968|002
pgArtwork|96969325|001
pgPackingMaterial|96801396|001
pgIllustration|95670419|003
pgArtwork|90762930|001
pgPackingMaterial|90650584|002
pgArtwork|97339535|001
pgPackingMaterial|97328480|001
pgArtwork|96819204|001
pgPackingMaterial|96819203|001
pgArtwork|96359334|001
pgPackingMaterial|96359332|001
pgIllustration|96280451|001
pgArtwork|96540873|001
pgArtwork|97537944|001
pgPackingMaterial|97493532|001
pgArtwork|97526351|001
pgIllustration|97415789|002
pgMasterPackingMaterial|97137861|002
pgPackingMaterial|97460016|002
pgArtwork|92022063|001
pgPackingMaterial|98706349|002
pgArtwork|96844463|001
pgPackingMaterial|96844462|002
pgIllustration|99483147|001
pgPackingMaterial|96608605|001
pgArtwork|96969307|001
pgPackingMaterial|96781952|001
pgIllustration|99622575|002
pgIllustration|92286617|002
pgArtwork|97209697|001
pgPackingMaterial|97163950|001
pgArtwork|96411497|001
pgArtwork|99846417|001
pgPackingMaterial|99846416|001
pgArtwork|96359344|001
pgPackingMaterial|96359342|001
pgArtwork|96969954|001
pgPackingMaterial|96801401|002
pgIllustration|99815268|002
pgArtwork|96460244|001
pgArtwork|92347703|001
pgArtwork|99849530|001
pgPackingMaterial|96526987|001
pgIllustration|95670286|003
pgPackingMaterial|99492166|002
pgPackingMaterial|97463680|002
pgIllustration|92059539|002
pgArtwork|96172984|002
pgPackingMaterial|96199157|001
pgArtwork|90768412|001
pgPackingMaterial|90736131|002
pgArtwork|97154441|001
pgPackingMaterial|97154436|001
pgIllustration|95670420|003
pgPackingMaterial|95779228|002
pgArtwork|92374624|001
pgPackingMaterial|92374611|002
pgArtwork|96298889|001
pgPackingMaterial|94517109|001
pgArtwork|90687648|001
pgPackingMaterial|90733774|001
pgArtwork|99486712|001
pgPackingMaterial|98864454|002
pgArtwork|99971242|001
pgPackingMaterial|99966846|001
pgIllustration|92008970|001
pgArtwork|95701437|001
pgPackingMaterial|99980906|002
pgArtwork|97339534|001
pgPackingMaterial|97328479|001
pgArtwork|96422008|001
pgArtwork|92057670|001
pgPackingMaterial|98862228|001
pgPackingMaterial|99432674|001
pgPackingMaterial|98893893|001
pgArtwork|96897462|001
pgPackingMaterial|96764448|001
pgIllustration|92059538|002
pgArtwork|99770732|001
pgPackingMaterial|99770733|004
pgArtwork|99971240|002
pgPackingMaterial|99962438|002
pgArtwork|96939563|001
pgPackingMaterial|96786867|001
pgArtwork|96895265|001
pgPackingMaterial|96895565|001
pgArtwork|96546744|001
pgPackingMaterial|96546741|001
pgPackingMaterial|95920532|002
pgArtwork|92067154|001
pgPackingMaterial|92018452|001
pgArtwork|96686803|001
pgPackingMaterial|96686801|002
pgArtwork|90630097|001
pgPackingMaterial|90630091|002
pgArtwork|97254411|001
pgPackingMaterial|90544263|002
pgArtwork|97290902|001
pgPackingMaterial|97226554|001
pgPackingMaterial|92343190|002
pgArtwork|92235390|001
pgPackingMaterial|90504653|002
pgArtwork|90504652|001
pgArtwork|97030613|001
pgPackingMaterial|96935631|003
pgArtwork|97333787|001
pgPackingMaterial|97310565|002
pgArtwork|96343395|001
pgArtwork|96716424|001
pgPackingMaterial|96633100|001
pgArtwork|96439168|001
pgPackingMaterial|96418202|001
pgIllustration|95670369|003
pgArtwork|96569000|001
pgPackingMaterial|96569029|002
pgArtwork|96228542|001
pgPackingMaterial|96228540|001
pgArtwork|96978506|001
pgPackingMaterial|96904436|001
pgArtwork|96543308|001
pgPackingMaterial|96543307|001
pgPackingMaterial|98704170|003
pgMasterPackingMaterial|95524163|003
pgArtwork|99272777|001
pgPackingMaterial|95956086|003
pgIllustration|92010567|001
pgArtwork|96439440|001
pgPackingMaterial|96387200|002
pgArtwork|96969310|001
pgPackingMaterial|96795296|001
pgArtwork|97339533|001
pgPackingMaterial|97328478|001
pgArtwork|99874122|001
pgIllustration|96279801|002
pgPackingMaterial|96764630|001
pgArtwork|90545003|001
pgPackingMaterial|97544880|002
pgPackingMaterial|90794645|001
pgArtwork|90796081|001
pgArtwork|96445044|001
pgPackingMaterial|96445042|001
pgMasterPackingMaterial|98949872|004
pgArtwork|96163426|001
pgArtwork|96318846|002
pgPackingMaterial|96318834|004
pgArtwork|99743043|001
pgArtwork|96439652|001
pgArtwork|99874120|001
pgArtwork|96327797|001
pgIllustration|96150576|001
pgArtwork|96583511|001
pgPackingMaterial|92027433|001
pgArtwork|92195494|001
pgPackingMaterial|92195495|001
pgArtwork|96173278|001
pgPackingMaterial|99432673|001
pgArtwork|96445046|001
pgPackingMaterial|96445045|001
pgIllustration|97100785|002
pgArtwork|90724663|001
pgArtwork|97537920|001
pgPackingMaterial|97463650|002
pgIllustration|96279311|001
pgArtwork|96748374|001
pgArtwork|96437067|001
pgPackingMaterial|96437066|001
pgIllustration|92011318|001
pgPackingMaterial|98957312|002
pgArtwork|96943403|001
pgPackingMaterial|96801439|001
pgArtwork|96970254|001
pgPackingMaterial|96801402|002
pgArtwork|96643324|001
pgPackingMaterial|96526729|001
pgArtwork|96686757|001
pgPackingMaterial|96686756|001
pgPackingMaterial|90641448|001
pgArtwork|96172966|002
pgPackingMaterial|96139480|001
pgPackingMaterial|99375212|001
pgArtwork|99562448|001
pgPackingMaterial|99408856|002
pgArtwork|97166213|001
pgArtwork|97086701|001
pgArtwork|97428530|001
pgPackingMaterial|97428525|001
pgPackingMaterial|97435102|002
pgPackingMaterial|95587959|002
pgArtwork|92056585|001
pgArtwork|92377565|001
pgPackingMaterial|92377564|001
pgArtwork|96225753|001
pgPackingMaterial|92181656|001
pgArtwork|96574968|001
pgPackingMaterial|96467943|001
pgArtwork|92182874|001
pgPackingMaterial|97328481|001
pgArtwork|99444906|001
pgIllustration|96281222|002
pgArtwork|96772802|001
pgPackingMaterial|97167901|001
pgIllustration|92313502|002
pgPackingMaterial|92005734|001
pgArtwork|99487612|001
pgPackingMaterial|99487500|001
pgArtwork|96969312|001
pgPackingMaterial|96795299|001
pgPackingMaterial|97362968|001
pgArtwork|99932228|001
pgArtwork|99407859|001
pgPackingMaterial|99344996|002
pgArtwork|92057625|001
pgArtwork|90528200|001
pgPackingMaterial|97536422|002
pgArtwork|96750862|001
pgArtwork|99743045|001
pgPackingMaterial|99626526|001
pgArtwork|92110869|001
pgIllustration|96808518|001
pgArtwork|96939594|001
pgArtwork|97483183|001
pgPackingMaterial|97226705|001
pgArtwork|92057664|001
pgPackingMaterial|99937709|001
pgArtwork|96197788|001
pgArtwork|96393026|001
pgArtwork|96799617|001
pgPackingMaterial|92141202|001
pgPackingMaterial|99380253|001
pgPackingMaterial|99432675|001
pgArtwork|96716422|001
pgPackingMaterial|96633077|001
pgIllustration|99392198|002
pgArtwork|97537942|001
pgPackingMaterial|97493513|001
pgArtwork|92371545|001
pgPackingMaterial|96599839|001
pgArtwork|99495685|002
pgPackingMaterial|99495690|002
pgArtwork|98936826|002
pgArtwork|96939562|001
pgPackingMaterial|96786788|002
pgArtwork|97088159|001
pgPackingMaterial|97432651|001
pgArtwork|96955174|001
pgPackingMaterial|96843967|001
pgArtwork|99770734|001
pgPackingMaterial|99752282|004
pgPackingMaterial|99380250|001
pgPackingMaterial|96633098|001
pgArtwork|96716423|001
pgArtwork|99567682|001
pgArtwork|92336356|001
pgPackingMaterial|92333932|002
pgArtwork|97339528|001
pgPackingMaterial|97328469|001
pgPackingMaterial|98704169|003
pgIllustration|97142030|002
pgArtwork|97526352|001
pgPackingMaterial|97460017|004
pgArtwork|94533260|003
pgPackingMaterial|94533256|002
pgArtwork|90794792|001
pgPackingMaterial|90794413|001
pgArtwork|99752283|001
pgPackingMaterial|99770797|002
pgPackingMaterial|98920178|002
pgArtwork|96326151|001
pgArtwork|96656877|001
pgPackingMaterial|96656876|001
pgArtwork|96969777|001
pgPackingMaterial|96801398|001
pgArtwork|96437253|001
pgPackingMaterial|96437251|001
pgArtwork|97209698|001
pgPackingMaterial|97163956|002
pgArtwork|92284995|001
pgPackingMaterial|92284251|002
pgPackingMaterial|98704158|003
pgArtwork|96897458|001
pgPackingMaterial|96764444|001
pgArtwork|97526354|001
pgPackingMaterial|97460021|003
pgArtwork|94500321|001
pgArtwork|97501006|001
pgPackingMaterial|97432649|001
pgArtwork|99971241|001
pgPackingMaterial|99966845|001
pgArtwork|99561581|002
pgPackingMaterial|99561577|001
pgPackingMaterial|96725525|001
pgArtwork|96748405|001
pgArtwork|99668125|001
pgPackingMaterial|99562030|001
pgArtwork|92336353|001
pgPackingMaterial|92333883|002
pgArtwork|96140556|001
pgArtwork|99343904|001
pgArtwork|92288096|001
pgPackingMaterial|92288095|001
pgArtwork|96424898|001
pgArtwork|99499296|001
pgPackingMaterial|99499300|002
pgArtwork|92022049|001
pgPackingMaterial|92022748|002
pgArtwork|90723214|001
pgPackingMaterial|92144207|001
pgArtwork|96643320|001
pgPackingMaterial|96526658|001
pgArtwork|96327879|001
pgPackingMaterial|96259825|001
pgArtwork|99272780|001
pgPackingMaterial|95956084|003
pgArtwork|96298885|001
pgPackingMaterial|92359458|001
pgArtwork|92057615|001
pgPackingMaterial|99934378|001
pgArtwork|97014471|001
pgPackingMaterial|97014470|001
pgArtwork|90763146|001
pgPackingMaterial|90794644|001
pgArtwork|92067155|001
pgPackingMaterial|92018453|001
pgArtwork|96685240|001
pgPackingMaterial|96685239|001
pgArtwork|97030611|001
pgPackingMaterial|96930869|002
pgArtwork|96969308|001
pgPackingMaterial|96781956|001
pgArtwork|90727392|001
pgArtwork|99689197|001
pgIllustration|92008967|001
pgPackingMaterial|99980905|002
pgIllustration|92011317|001
pgPackingMaterial|98957240|002
pgArtwork|99477027|002
pgArtwork|90596685|001
pgPackingMaterial|90556110|001
pgPackingMaterial|94533263|002
pgArtwork|97580644|001
pgPackingMaterial|97535418|001
pgArtwork|96827479|001
pgPackingMaterial|96581024|001
pgArtwork|97080857|001
pgPackingMaterial|97080856|002
pgArtwork|96629000|001
pgPackingMaterial|96628999|001
pgArtwork|97541734|001
pgPackingMaterial|97463695|002
pgArtwork|99310156|001
pgPackingMaterial|99278694|003
pgArtwork|97027646|001
pgPackingMaterial|97027615|001
pgArtwork|96979315|001
pgArtwork|96164684|001
pgPackingMaterial|94517537|004
pgArtwork|92057665|001
pgArtwork|96437077|001
pgPackingMaterial|96437076|001
pgArtwork|97156232|001
pgPackingMaterial|97087768|002
pgArtwork|96326787|002
pgPackingMaterial|96326778|002
pgPackingMaterial|96599844|001
pgArtwork|97290900|001
pgPackingMaterial|97226552|001
pgArtwork|99962443|001
pgPackingMaterial|99962441|001
pgArtwork|96327795|001
pgArtwork|99492540|001
pgPackingMaterial|99489933|001
pgArtwork|97228342|001
pgPackingMaterial|97199233|001
pgArtwork|99874125|001
pgPackingMaterial|99469740|001
pgArtwork|92278459|001
pgPackingMaterial|92278447|001
pgMasterPackingMaterial|98855743|007
pgArtwork|97093059|001
pgArtwork|96359205|001
pgPackingMaterial|96359204|001
pgArtwork|98936700|002
pgPackingMaterial|98957554|002
pgArtwork|96173277|001
pgArtwork|96298890|001
pgPackingMaterial|96215247|001
pgArtwork|99492539|001
pgPackingMaterial|99489932|001
pgArtwork|96845018|001
pgArtwork|90767292|001
pgPackingMaterial|90589104|002
pgArtwork|97526344|001
pgPackingMaterial|97397203|001
pgArtwork|92255453|001
pgPackingMaterial|92255452|001
pgArtwork|97296814|001
pgPackingMaterial|97267886|001
pgArtwork|96225786|001
pgPackingMaterial|96174122|001
pgArtwork|97004382|001
pgPackingMaterial|97004383|001
pgPackingMaterial|99375878|001
pgArtwork|90723210|001
pgIllustration|97254847|003
pgArtwork|96799619|001
pgArtwork|97435025|002
pgPackingMaterial|97390734|001
pgArtwork|96610946|002
pgPackingMaterial|96610868|001
pgArtwork|96437400|001
pgPackingMaterial|96437399|001
pgArtwork|99874123|001
pgArtwork|99743042|001
pgArtwork|99329091|001
pgPackingMaterial|99469476|001
pgArtwork|99874124|001
pgArtwork|96626294|001
pgPackingMaterial|96586501|005
pgArtwork|96610943|001
pgPackingMaterial|96610865|001
pgArtwork|90796114|001
pgPackingMaterial|90794773|001
pgArtwork|99309768|001
pgPackingMaterial|99278690|003
pgArtwork|96686798|001
pgPackingMaterial|96686795|002
pgArtwork|97027649|002
pgPackingMaterial|97025517|001
pgArtwork|96978698|001
pgPackingMaterial|96831762|001
pgArtwork|97351537|001
pgPackingMaterial|97358034|002
pgArtwork|98936601|001
pgPackingMaterial|99325050|002
pgArtwork|96164685|001
pgPackingMaterial|94517539|004
pgArtwork|97501059|001
pgPackingMaterial|97432655|001
pgArtwork|92336354|001
pgPackingMaterial|92333884|002
pgArtwork|99567688|001
pgPackingMaterial|99555824|001
pgPackingMaterial|92025980|001
pgPackingMaterial|98864458|002
pgArtwork|96978851|001
pgPackingMaterial|96952549|001
pgPackingMaterial|97310560|002
pgArtwork|97330196|001
pgArtwork|96173011|001
pgPackingMaterial|96161430|001
pgPackingMaterial|97464573|001
pgArtwork|96865987|001
pgPackingMaterial|96865984|001
pgArtwork|96437423|001
pgPackingMaterial|96437422|001
pgPackingMaterial|90727397|001
pgArtwork|90727398|001
pgArtwork|92311062|001
pgPackingMaterial|92311061|001
pgArtwork|97027666|001
pgPackingMaterial|97027621|001
pgArtwork|96309254|001
pgPackingMaterial|96308537|003
pgArtwork|96716419|001
pgPackingMaterial|96277094|001
pgArtwork|96352891|001
pgPackingMaterial|96831758|001
pgPackingMaterial|96824184|001
pgArtwork|92022061|001
pgPackingMaterial|99918298|001
pgPackingMaterial|98958426|003
pgArtwork|98936764|001
pgArtwork|96897460|001
pgPackingMaterial|96764446|001
pgArtwork|98843672|001
pgArtwork|92042987|001
pgArtwork|99492158|001
pgPackingMaterial|99489931|001
pgArtwork|96465694|001
pgPackingMaterial|96465693|001
pgPackingMaterial|98704178|002
pgArtwork|92057669|001
pgPackingMaterial|99934434|001
pgArtwork|96251238|001
pgPackingMaterial|96221069|001
pgArtwork|96619598|002
pgPackingMaterial|96590544|001
pgArtwork|96465688|001
pgPackingMaterial|96465685|001
pgArtwork|96319495|001
pgArtwork|99490552|001
pgPackingMaterial|95779223|002
pgArtwork|96200389|001
pgPackingMaterial|92331432|001
pgArtwork|96656905|001
pgPackingMaterial|96656904|001
pgArtwork|97532511|001
pgPackingMaterial|96538747|001
pgIllustration|96485077|001
pgArtwork|92145810|001
pgPackingMaterial|96485081|002
pgPackingMaterial|98705649|002
pgArtwork|97339529|001
pgPackingMaterial|97328474|001
pgArtwork|97014035|001
pgPackingMaterial|97014033|001
pgArtwork|99499309|002
pgPackingMaterial|99499304|001
pgArtwork|96251235|001
pgPackingMaterial|98704183|002
pgArtwork|96244446|001
pgPackingMaterial|94517542|003
pgPackingMaterial|92192449|001
pgArtwork|92192451|001
pgArtwork|96574972|001
pgArtwork|96714023|001
pgArtwork|99971239|002
pgPackingMaterial|99962437|002
pgArtwork|97537923|001
pgPackingMaterial|97493433|001
pgArtwork|96716421|001
pgArtwork|96437274|001
pgPackingMaterial|96437271|001
pgPackingMaterial|98866823|002
pgPackingMaterial|99315281|003
pgArtwork|96823920|001
pgPackingMaterial|96823883|001
pgArtwork|92374634|001
pgPackingMaterial|92374627|002
pgArtwork|99495683|002
pgArtwork|92377576|001
pgPackingMaterial|92377573|001
pgArtwork|92059377|001
pgPackingMaterial|99937710|001
pgArtwork|90794794|001
pgPackingMaterial|90794416|001
pgArtwork|99487553|002
pgArtwork|97537924|001
pgPackingMaterial|97362970|001
pgPackingMaterial|92010601|001
pgArtwork|97340484|001
pgPackingMaterial|97310597|002
pgArtwork|90723935|001
pgPackingMaterial|90688814|001
pgPackingMaterial|96816473|001
pgArtwork|96897461|001
pgPackingMaterial|96764447|003
pgArtwork|97339530|001
pgPackingMaterial|97328475|001
pgArtwork|97594930|001
pgPackingMaterial|97593488|002
pgArtwork|95511536|001
pgArtwork|90796101|001
pgPackingMaterial|90794646|001
pgArtwork|96327796|001
pgPackingMaterial|96284762|001
pgPackingMaterial|95779222|002
pgArtwork|99477034|001
pgPackingMaterial|90641456|001
pgPackingMaterial|92010599|001
pgArtwork|97351744|001
pgArtwork|99285387|001
pgPackingMaterial|92390458|003
pgArtwork|99872755|001
pgPackingMaterial|99469465|001
pgArtwork|99498660|001
pgPackingMaterial|99498658|003
pgPackingMaterial|99560728|001
pgArtwork|99932229|001
pgArtwork|92347698|001
pgPackingMaterial|98706346|003
pgArtwork|96418197|001
pgArtwork|98907681|001
pgPackingMaterial|99489992|001
pgArtwork|97264999|001
pgPackingMaterial|97225151|001
pgIllustration|97415790|002
pgPackingMaterial|97464426|001
pgArtwork|99302916|001
pgPackingMaterial|92331431|001
pgArtwork|96200388|001
pgPackingMaterial|96930898|002
pgArtwork|97009774|001
pgArtwork|96703720|001
pgPackingMaterial|96703719|001
pgPackingMaterial|92310915|001
pgArtwork|92310920|001
pgPackingMaterial|90542054|001
pgArtwork|90662512|001
pgArtwork|96163427|001
pgArtwork|97014055|001
pgPackingMaterial|97004687|001
pgArtwork|96380274|001
pgPackingMaterial|96527467|001
pgArtwork|96502368|001
pgPackingMaterial|96502367|001
pgPackingMaterial|97443592|001
pgArtwork|99849533|001
pgPackingMaterial|96589787|001
pgArtwork|99476934|001
pgPackingMaterial|95779224|002
pgArtwork|98936824|002
pgArtwork|96569032|001
pgPackingMaterial|96569034|002
pgPackingMaterial|98704175|002
pgArtwork|92319122|001
pgPackingMaterial|92319109|001
pgArtwork|96610942|001
pgPackingMaterial|96610842|001
pgArtwork|97306715|001
pgPackingMaterial|97257626|002
pgPackingMaterial|98704184|002
pgArtwork|92056584|001
pgPackingMaterial|99937708|001
pgPackingMaterial|96426214|002
pgArtwork|96439651|002
pgArtwork|90762928|001
pgPackingMaterial|90503933|002
pgArtwork|99865892|001
pgPackingMaterial|99865894|002
pgArtwork|96244376|001
pgArtwork|96859684|001
pgArtwork|96244442|001
pgArtwork|90755793|001
pgPackingMaterial|90683840|001
pgArtwork|97080861|001
pgPackingMaterial|97080860|001
pgArtwork|96897459|001
pgPackingMaterial|96764445|001
pgPackingMaterial|92010602|001
pgArtwork|96359188|001
pgPackingMaterial|96359158|001
pgArtwork|92262605|001
pgPackingMaterial|92309834|002
pgArtwork|96685436|001
pgPackingMaterial|96685434|002
pgPackingMaterial|96811973|001
pgIllustration|92011319|001
pgPackingMaterial|98957184|002
pgArtwork|96651250|001
pgArtwork|99272779|001
pgPackingMaterial|95956083|003
pgArtwork|96969311|001
pgPackingMaterial|96795297|001
pgArtwork|99282689|001
pgPackingMaterial|98966678|004
pgArtwork|96939591|001
pgPackingMaterial|96795418|002
pgPackingMaterial|96831759|001
pgMasterPackingMaterial|98855807|009
pgArtwork|96546572|001
pgPackingMaterial|92324990|003
pgArtwork|96646483|001
pgPackingMaterial|96646482|001
pgPackingMaterial|96198778|002
pgArtwork|96244443|001
pgArtwork|97339532|001
pgPackingMaterial|97328477|001
pgArtwork|92057621|001
pgPackingMaterial|95668291|002
pgArtwork|97306714|001
pgPackingMaterial|97257623|002
pgPackingMaterial|99555859|002
pgArtwork|92311084|001
pgPackingMaterial|92311080|001
pgArtwork|99629471|001
pgPackingMaterial|99629463|001
pgMasterPackingMaterial|95529058|003
pgArtwork|96334287|001
pgPackingMaterial|96401708|001
pgArtwork|99874126|001
pgPackingMaterial|99472427|001
pgArtwork|99874121|001
pgPackingMaterial|99472516|001
pgArtwork|92167512|001
pgPackingMaterial|92195493|001
pgPackingMaterial|99555848|001
pgPackingMaterial|98704173|002
pgArtwork|96606597|001
pgArtwork|97035925|001
pgPackingMaterial|97035926|001
pgPackingMaterial|97464424|001
pgPackingMaterial|99398268|001
pgArtwork|96173276|001
pgArtwork|99498661|001
pgPackingMaterial|99498659|001
pgArtwork|96686805|001
pgPackingMaterial|96686804|002
pgArtwork|97154442|001
pgPackingMaterial|97154437|001
pgArtwork|99498662|001
pgPackingMaterial|99498663|001
pgPackingMaterial|99555834|002
pgArtwork|90766632|001
pgPackingMaterial|90766612|001
pgArtwork|92057618|001
pgArtwork|90629720|001
pgPackingMaterial|90629728|002
pgArtwork|96559412|001
pgArtwork|99874116|001
pgArtwork|96437071|001
pgPackingMaterial|96437070|001
pgArtwork|92056583|001
pgPackingMaterial|98706348|002
pgArtwork|97388571|001
pgArtwork|90745456|001
pgPackingMaterial|90745453|001
pgArtwork|96799618|001
pgArtwork|97537943|001
pgPackingMaterial|97493514|001
pgArtwork|96844282|001
pgPackingMaterial|96844276|001
pgArtwork|96879268|001
pgPackingMaterial|96762487|001
pgArtwork|99559148|001
pgPackingMaterial|99388493|003
pgArtwork|96978697|001
pgPackingMaterial|96802109|001
pgArtwork|96757634|001
pgPackingMaterial|92141193|001
pgArtwork|99962444|001
pgPackingMaterial|99962442|001
pgArtwork|96420748|001
pgArtwork|96714029|001
pgPackingMaterial|96714028|001
pgArtwork|92396015|001
pgPackingMaterial|92399553|001
pgArtwork|97030610|001
pgPackingMaterial|96930866|003
pgArtwork|97428532|001
pgPackingMaterial|97428524|001
pgPackingMaterial|97302011|001
pgArtwork|97501058|001
pgPackingMaterial|97432654|001
pgArtwork|96970273|001
pgPackingMaterial|96801437|001
pgArtwork|90723211|001
pgArtwork|96844598|001
pgPackingMaterial|96825245|001
pgArtwork|99872751|001
pgPackingMaterial|99469059|001
pgPackingMaterial|90736132|002
pgArtwork|96716420|001
pgArtwork|96628992|001
pgPackingMaterial|96628991|001
pgPackingMaterial|97464425|001
pgArtwork|99865863|001
pgPackingMaterial|99865900|002
pgArtwork|92057616|001
pgArtwork|99715822|001
pgPackingMaterial|99380245|001
pgArtwork|96309255|001
pgPackingMaterial|96308541|003
pgPackingMaterial|97462982|001
pgArtwork|96172982|002
pgPackingMaterial|96199156|001
pgArtwork|96437395|001
pgPackingMaterial|96437394|001
pgArtwork|90796019|001
pgPackingMaterial|90794643|001
pgArtwork|97146404|001
pgPackingMaterial|97432652|001
pgArtwork|97332738|002
pgPackingMaterial|97332740|001
pgArtwork|90504657|001
pgPackingMaterial|90504658|002
pgArtwork|96407125|001
pgArtwork|99750356|001
pgPackingMaterial|99750353|002
pgArtwork|96319590|001
pgArtwork|96716425|001
pgArtwork|97339531|001
pgPackingMaterial|97328476|001
pgArtwork|92222991|001
pgPackingMaterial|96786786|001
pgArtwork|96969314|001
pgPackingMaterial|96795301|002
pgArtwork|96398274|002
pgPackingMaterial|96398273|001
pgArtwork|99752275|001
pgPackingMaterial|99752277|003
pgArtwork|99872754|001
pgArtwork|96411669|002
pgPackingMaterial|96411668|001
pgArtwork|98549645|001
pgPackingMaterial|92392253|003
pgArtwork|96970274|001
pgPackingMaterial|96801438|001
pgArtwork|96969313|001
pgPackingMaterial|96795300|001
pgArtwork|96460249|001
pgArtwork|99562450|001
pgPackingMaterial|99555816|001
pgArtwork|97501005|001
pgPackingMaterial|97432647|001
pgArtwork|96969795|001
pgPackingMaterial|96801399|001
pgArtwork|96244368|001
pgPackingMaterial|92310462|003
pgPackingMaterial|92043766|001
pgArtwork|92177783|001
pgPackingMaterial|92177782|001
pgArtwork|90745421|001
pgPackingMaterial|90745401|001
pgArtwork|92057627|001
pgPackingMaterial|97464574|001
pgArtwork|96969316|001
pgPackingMaterial|96795302|002
pgArtwork|92336355|001
pgPackingMaterial|92333923|002
pgArtwork|98900907|001
pgArtwork|90596686|001
pgPackingMaterial|90556231|001
pgArtwork|96931684|001
pgPackingMaterial|96811503|001
pgArtwork|96610944|001
pgPackingMaterial|96610844|001
pgArtwork|95526293|001
pgPackingMaterial|99852539|001
pgPackingMaterial|98707593|002
pgArtwork|99596768|001
pgPackingMaterial|95412197|001
pgArtwork|90648477|001
pgPackingMaterial|97509420|001
pgArtwork|96273782|001
pgArtwork|96721227|001
pgPackingMaterial|92010600|001
pgPackingMaterial|90639675|001
pgArtwork|99873096|001
pgArtwork|99872757|001
pgArtwork|96542979|001
pgArtwork|96437019|001
pgPackingMaterial|96437017|001
pgArtwork|96418232|001
pgPackingMaterial|98704179|002
pgPackingMaterial|96152808|002
pgArtwork|99476929|001
pgPackingMaterial|95779221|002
pgArtwork|99487554|001
pgPackingMaterial|99469976|001
pgArtwork|96685425|001
pgPackingMaterial|96685424|001
pgArtwork|95682504|001
pgArtwork|96139618|001
pgArtwork|96541502|001
pgIllustration|96485079|001
pgPackingMaterial|96260177|002
pgArtwork|96685423|001
pgPackingMaterial|96685422|001
pgArtwork|96897457|001
pgPackingMaterial|96764443|001
pgArtwork|90787080|001
pgArtwork|98887731|001
pgPackingMaterial|97397277|001
pgArtwork|99309767|001
pgPackingMaterial|99278689|003
pgPackingMaterial|99432677|001
pgPackingMaterial|96773478|001
pgArtwork|96931685|001
pgPackingMaterial|96831770|001
pgArtwork|96173015|001
pgPackingMaterial|96161479|001
pgArtwork|96610947|002
pgPackingMaterial|96610866|001
pgArtwork|97306712|001
pgPackingMaterial|97257621|001
pgPackingMaterial|98704159|003
pgPackingMaterial|95797347|002
pgArtwork|99872753|001
pgPackingMaterial|99469394|001
pgPackingMaterial|99476799|002
pgArtwork|92057622|001
pgArtwork|99874117|001
pgArtwork|96610940|001
pgArtwork|90796107|001
pgPackingMaterial|90794772|001
pgArtwork|99273752|001
pgPackingMaterial|95866623|003
pgArtwork|96393024|001
pgArtwork|97080859|001
pgPackingMaterial|97080858|001
pgArtwork|96574969|001
pgPackingMaterial|98936987|002
pgArtwork|98936567|001
pgArtwork|99567686|001
pgPackingMaterial|99562452|001
pgPackingMaterial|96801436|001
pgArtwork|96970255|001
pgPackingMaterial|96868580|001
pgArtwork|96895268|001
pgArtwork|99445018|001
pgPackingMaterial|99490004|001
pgPackingMaterial|99489998|002
pgArtwork|99444905|002
pgPackingMaterial|97464423|001
pgArtwork|92325253|001
pgPackingMaterial|97463598|001
pgArtwork|97339523|001
pgPackingMaterial|97328482|001
pgArtwork|97350654|001
pgArtwork|96646481|001
pgPackingMaterial|96646480|001
pgPackingMaterial|92339427|001
pgArtwork|97173762|001
pgArtwork|90673093|001
pgPackingMaterial|90673092|001
pgArtwork|92057626|001
pgPackingMaterial|97481226|002
pgArtwork|97349218|001
pgArtwork|97601880|001
pgPackingMaterial|97601879|002
pgArtwork|92111362|001
pgArtwork|97340483|001
pgPackingMaterial|97310591|002
pgArtwork|96606056|001
pgArtwork|92347702|001
pgPackingMaterial|96795303|002
pgArtwork|96969317|001
pgArtwork|97602003|001
pgPackingMaterial|97454008|001
pgArtwork|96250198|001
pgPackingMaterial|96250194|001
pgArtwork|90759277|001
pgPackingMaterial|90720152|002
pgArtwork|96244778|001
pgPackingMaterial|94517545|002
pgArtwork|99477033|002
pgArtwork|99725545|001
pgPackingMaterial|99712464|002
pgArtwork|99495686|002
pgPackingMaterial|99495691|001
pgArtwork|96931694|001
pgPackingMaterial|96831768|001
pgArtwork|92292743|001
pgPackingMaterial|92292734|001
pgArtwork|99872752|001
pgPackingMaterial|99469354|001
pgArtwork|97014058|001
pgPackingMaterial|97014057|001
pgPackingMaterial|95105679|006
pgArtwork|96225781|001
pgPackingMaterial|92356661|001
pgArtwork|99273748|001
pgPackingMaterial|98597992|004
pgArtwork|96748372|001
pgArtwork|96359223|001
pgPackingMaterial|96359209|001
pgArtwork|92309833|001
pgPackingMaterial|92311562|003
pgArtwork|92349127|001
pgPackingMaterial|96253013|001
pgArtwork|92057619|001
pgArtwork|96703816|001
pgPackingMaterial|96703815|001
pgArtwork|97537941|001
pgArtwork|96590449|001
pgPackingMaterial|96801397|001
pgArtwork|90723212|001
pgPackingMaterial|97567553|002
pgArtwork|90637974|001
pgPackingMaterial|90589354|002
pgArtwork|96393025|001
pgArtwork|99872756|001
pgPackingMaterial|99469477|001
pgArtwork|96646477|002
pgPackingMaterial|96646476|002
pgArtwork|96163593|001
pgPackingMaterial|92255447|001
pgArtwork|92255450|001
pgPackingMaterial|99268470|002
pgPackingMaterial|97460019|002
pgArtwork|97526353|001
pgArtwork|99874118|001
pgPackingMaterial|96921479|001
pgArtwork|96895266|001
pgArtwork|99273750|001
pgPackingMaterial|98597993|004
pgArtwork|96876018|001
pgArtwork|96547651|001
pgArtwork|96359341|001
pgPackingMaterial|96359340|001
pgPackingMaterial|92010584|001
pgArtwork|99865850|001
pgPackingMaterial|99865896|002
pgArtwork|90723213|001
pgArtwork|99487556|002
pgPackingMaterial|99788990|001
pgArtwork|99716794|001
pgPackingMaterial|97465015|001
pgArtwork|97483180|001
pgPackingMaterial|97226700|001
pgArtwork|96359157|002
pgPackingMaterial|96359155|001
pgArtwork|92177764|001
pgArtwork|97330195|001
pgPackingMaterial|97310555|001
pgMasterPackingMaterial|98825663|002
pgArtwork|92396016|001
pgPackingMaterial|92399567|002
pgArtwork|96628997|001
pgPackingMaterial|96628994|001
pgArtwork|90727520|001
pgPackingMaterial|90727519|001
pgArtwork|90742030|001
pgPackingMaterial|90720272|002
pgArtwork|92180575|001
pgPackingMaterial|92180480|002
pgArtwork|96704202|001
pgPackingMaterial|96704201|001
pgArtwork|96244367|001
pgArtwork|99487552|001
pgPackingMaterial|99469975|001
pgPackingMaterial|99380265|001
pgArtwork|92057623|001
pgArtwork|96646485|001
pgPackingMaterial|96646484|001
pgPackingMaterial|92010603|001
pgArtwork|98957075|001
pgPackingMaterial|98999406|002
pgPackingMaterial|97454073|001
pgArtwork|92365477|001
pgPackingMaterial|96786787|002
pgPackingMaterial|99555837|002
pgArtwork|96414329|001
pgArtwork|97306716|001
pgPackingMaterial|97257635|002
pgArtwork|97421696|001
pgPackingMaterial|97423337|001
pgArtwork|96251237|002
pgPackingMaterial|96221068|001
pgArtwork|97418186|001
pgPackingMaterial|97418185|001
pgArtwork|99799738|001
pgArtwork|99588886|001
pgPackingMaterial|99566548|001
pgArtwork|98963288|001
pgPackingMaterial|98963289|001
pgArtwork|97264996|001
pgPackingMaterial|97204524|001
pgArtwork|97425102|001
pgPackingMaterial|90639683|001
pgArtwork|96646479|001
pgPackingMaterial|96646478|001
pgArtwork|99273749|001
pgPackingMaterial|98597995|003
pgArtwork|96588223|001
pgPackingMaterial|96510649|001
pgArtwork|98936755|001
pgPackingMaterial|98957305|003
pgArtwork|96359202|001
pgPackingMaterial|96359189|001
pgArtwork|97030609|001
pgPackingMaterial|96930859|003
pgArtwork|99495684|002
pgArtwork|99770802|001
pgPackingMaterial|99770804|002
pgArtwork|97318834|001
pgPackingMaterial|97315730|001
pgArtwork|96939564|001
pgPackingMaterial|96786868|002
pgArtwork|97526345|001
pgPackingMaterial|97397282|001
pgArtwork|96251234|001
pgPackingMaterial|96221056|001
pgArtwork|92057624|001
pgArtwork|96262759|001
pgArtwork|96969935|001
pgPackingMaterial|96801400|002
pgPackingMaterial|96599843|001
pgArtwork|97306713|001
pgPackingMaterial|97257622|001
pgArtwork|96978855|001
pgPackingMaterial|96952552|001
pgArtwork|99874119|001
pgArtwork|90757465|001
pgPackingMaterial|90683838|001
pgArtwork|96610945|001
pgPackingMaterial|96610863|001
pgArtwork|96437429|001
pgPackingMaterial|96437428|001
pgArtwork|92284994|001
pgPackingMaterial|92269094|002
pgArtwork|97534137|001
pgPackingMaterial|97487983|002
pgPackingMaterial|97443591|001
pgPackingMaterial|99380264|001
pgArtwork|96251236|001
pgArtwork|96844452|001
pgPackingMaterial|96844449|001
pgArtwork|96714025|001
pgPackingMaterial|96714024|001
pgArtwork|92275995|001
pgPackingMaterial|92275988|002
pgArtwork|99755444|001
pgPackingMaterial|99755345|002
pgArtwork|90630172|001
pgPackingMaterial|90586756|002
pgArtwork|99499316|001
pgPackingMaterial|99499313|001
pgArtwork|92396014|001
pgPackingMaterial|92399560|002
pgArtwork|92037809|001
pgPackingMaterial|99948984|001
pgArtwork|96359279|001
pgPackingMaterial|96359274|001
pgArtwork|90816782|001
pgArtwork|90823570|001
pgPackingMaterial|90823482|001
pgPackingMaterial|90823481|001
pgArtwork|90823571|001
pgArtwork|90835555|001
pgArtwork|90849304|001
pgArtwork|90849305|001
pgPackingMaterial|90846926|001
pgArtwork|90846925|001
pgIllustration|90839012|001
pgArtwork|90791168|001
pgPackingMaterial|90838161|001
pgIllustration|90839064|001
pgPackingMaterial|90842299|001
pgArtwork|90791163|001
pgIllustration|90838998|001
pgArtwork|90534561|001
pgPackingMaterial|90745346|002
pgArtwork|90875161|001
pgPackingMaterial|90840239|001
pgArtwork|90535194|001
pgPackingMaterial|97372222|002
pgArtwork|90875158|001
pgPackingMaterial|90840229|001
pgIllustration|90838883|001
pgArtwork|90883903|001
pgArtwork|90883890|001
pgArtwork|90883897|001
pgArtwork|90838160|001
pgArtwork|90883898|001
pgArtwork|90883896|001
pgPackingMaterial|90841764|001
pgPackingMaterial|90813054|001
pgPackingMaterial|90823416|001
pgArtwork|90891014|001
pgPackingMaterial|97473150|003
pgIllustration|90825190|002
pgPackingMaterial|90738794|003
pgArtwork|90894487|001
pgArtwork|90894488|001
pgPackingMaterial|90894769|001
pgArtwork|90915721|001
pgMasterPackingMaterial|90841775|001
pgPackingMaterial|90916812|001
pgArtwork|90918545|001
pgArtwork|90918681|001
pgPackingMaterial|90830182|001
pgPackingMaterial|90826148|001
pgPackingMaterial|90830185|001
pgArtwork|90916953|001
pgArtwork|90910549|001
pgArtwork|90910548|001
pgArtwork|90902079|001
pgArtwork|90902078|001
pgArtwork|90918748|001
pgArtwork|90911113|001
pgArtwork|90924157|001
pgArtwork|90924156|001
pgArtwork|90924158|001
pgArtwork|90924261|001
pgArtwork|90924155|001
pgPackingMaterial|90921507|001
pgPackingMaterial|90921506|001
pgArtwork|90921614|001
pgPackingMaterial|90921619|001
pgArtwork|97487292|001
pgArtwork|97487327|001
pgArtwork|97445942|001
pgArtwork|97462106|001
pgArtwork|90944669|001
pgArtwork|90944671|001
pgArtwork|90944675|001
pgArtwork|90944670|001
pgArtwork|90944672|001
pgArtwork|90944674|001
pgPackingMaterial|90819760|002
pgPackingMaterial|90691803|002
pgPackingMaterial|97567670|003
pgPackingMaterial|97567672|003
pgPackingMaterial|97567531|003
pgPackingMaterial|90953527|001
pgPackingMaterial|90815862|002
pgPackingMaterial|90804308|002
pgIllustration|90964778|001
pgArtwork|90970669|001
pgPackingMaterial|90928179|002
pgPackingMaterial|90928152|002
pgPackingMaterial|90928160|002
pgPackingMaterial|90928177|002
pgPackingMaterial|90928176|002
pgPackingMaterial|90928182|002
pgArtwork|90979420|001
pgArtwork|90982152|001
pgArtwork|90981088|001
pgArtwork|90981087|001
pgArtwork|90981086|001
pgArtwork|90981090|001
pgArtwork|90981089|001
pgPackingMaterial|90827364|003
pgPackingMaterial|90975735|001
pgPackingMaterial|90965822|001
pgPackingMaterial|90965817|001
pgArtwork|91001765|001
pgArtwork|91001764|001
pgArtwork|91001770|001
pgArtwork|91001769|001
pgPackingMaterial|96987942|002
pgArtwork|90653635|001
pgPackingMaterial|90975597|001
pgPackingMaterial|90588678|002
pgPackingMaterial|90842294|002
pgPackingMaterial|90605763|002
pgArtwork|90650396|001
pgArtwork|90650395|001
pgPackingMaterial|90605762|002
pgArtwork|91008371|001
pgPackingMaterial|91000972|001
pgPackingMaterial|91000976|001
pgArtwork|91000973|001
pgArtwork|91000977|001
pgArtwork|97040406|001
pgPackingMaterial|91014163|001
pgPackingMaterial|91014297|001
pgArtwork|90970673|001
pgArtwork|91039176|001
pgArtwork|91039178|001
pgPackingMaterial|90976162|002
pgArtwork|91051921|001
pgArtwork|91051919|001
pgArtwork|91051920|001
pgArtwork|91051923|001
pgArtwork|91051922|001
pgMasterPackingMaterial|99568674|009
pgIllustration|91046330|001
pgIllustration|91025585|001
pgIllustration|91046381|001
pgPackingMaterial|91001767|001
pgIllustration|90999440|001
pgPackingMaterial|90978986|001
pgPackingMaterial|91001768|001
pgIllustration|91003326|001
pgArtwork|91060117|001
pgPackingMaterial|91044760|001
pgPackingMaterial|91036375|001
pgPackingMaterial|91001766|001
pgPackingMaterial|91034266|001
pgPackingMaterial|91034268|001
pgArtwork|91066846|001
pgArtwork|91071160|001
pgArtwork|91073901|001
pgArtwork|91073722|001
pgArtwork|91073902|001
pgArtwork|91073903|001
pgArtwork|91058372|001
pgArtwork|91058371|001
pgArtwork|91087842|001
pgArtwork|91087849|001
pgArtwork|91087846|001
pgArtwork|91087844|001
pgArtwork|91087847|001
pgArtwork|91087843|001
pgArtwork|91064615|001
pgPackingMaterial|91058488|001
pgPackingMaterial|91058489|001
pgArtwork|91094020|001
pgArtwork|91103409|001
pgArtwork|91103411|001
pgArtwork|91034451|001
pgArtwork|91034564|001
pgIllustration|90841809|001
pgPackingMaterial|91062600|002
pgPackingMaterial|90920964|002
pgArtwork|92038976|001
pgPackingMaterial|91145640|001
pgArtwork|90598654|001
pgArtwork|97577086|001
pgArtwork|91155178|001
pgArtwork|91157912|001
pgPackingMaterial|91149522|001
pgPackingMaterial|91149523|001
pgArtwork|91149526|001
pgArtwork|91149591|001
pgArtwork|91149527|001
pgPackingMaterial|91154985|001
pgPackingMaterial|91103252|002
pgPackingMaterial|91103016|002
pgArtwork|91174931|001
pgArtwork|91174927|001
pgArtwork|91018681|001
pgPackingMaterial|91109457|002
pgPackingMaterial|91106853|002
pgPackingMaterial|91117446|002
pgPackingMaterial|90589105|003
pgPackingMaterial|97242052|004
pgIllustration|91165440|001
pgPackingMaterial|91187931|001
pgIllustration|91165337|001
pgPackingMaterial|91187926|001
pgPackingMaterial|91193324|001
pgArtwork|91196815|001
pgArtwork|91196817|001
pgArtwork|91205220|001
pgArtwork|91205221|001
pgArtwork|91205219|001
pgPackingMaterial|91206663|001
pgMasterPackingMaterial|91187935|001
pgMasterPackingMaterial|91190923|001
pgPackingMaterial|91075545|002
pgArtwork|91221804|001
pgArtwork|91224872|001
pgPackingMaterial|91106837|002
pgArtwork|91232497|001
pgPackingMaterial|91236721|001
pgPackingMaterial|91236715|001
pgPackingMaterial|91236716|001
pgArtwork|91236719|001
pgArtwork|91236720|001
pgArtwork|91236840|001
pgPackingMaterial|91144414|001
pgPackingMaterial|91144234|001
pgArtwork|91241092|001
pgPackingMaterial|91144413|001
pgPackingMaterial|91144231|001
pgPackingMaterial|91144295|001
pgPackingMaterial|91144296|001
pgPackingMaterial|91274859|001
pgPackingMaterial|91275117|001
pgPackingMaterial|91275118|001
pgArtwork|91277297|001
pgArtwork|91277298|001
pgArtwork|91277299|001
pgPackingMaterial|91276087|001
pgPackingMaterial|91275865|001
pgArtwork|91147568|001
pgPackingMaterial|91109469|002
pgArtwork|91231929|001
pgPackingMaterial|91220848|002
pgPackingMaterial|91079402|002
pgPackingMaterial|91203252|002
pgPackingMaterial|91277152|001
pgArtwork|91308953|001
pgArtwork|91310425|001
pgArtwork|91310939|001
pgPackingMaterial|91310019|001
pgPackingMaterial|91295249|001
pgArtwork|91328165|001
pgArtwork|91328164|001
pgPackingMaterial|91308462|001
pgArtwork|91188467|001
pgPackingMaterial|91196858|003
pgArtwork|91334790|001
pgArtwork|91336389|001
pgIllustration|91314889|001
pgIllustration|91314891|001
pgArtwork|91345427|001
pgArtwork|91345426|001
pgArtwork|91346175|001
pgArtwork|91346176|001
pgArtwork|91347909|001
pgArtwork|91348124|001
pgPackingMaterial|91236043|002
pgPackingMaterial|91313379|001
pgPackingMaterial|91313377|001
pgArtwork|91352779|001
pgArtwork|91363673|001
pgArtwork|91363814|001
pgArtwork|91352778|001
pgPackingMaterial|91275869|002
pgArtwork|91312053|001
pgPackingMaterial|91307781|002
pgPackingMaterial|91307763|002
pgPackingMaterial|91390259|001
pgPackingMaterial|91395434|001
pgArtwork|90970670|001
pgArtwork|91413256|001
pgArtwork|91413257|001
pgArtwork|91413603|001
pgPackingMaterial|91414965|001
pgPackingMaterial|91409671|001
pgPackingMaterial|91409670|001
pgPackingMaterial|91409675|001
pgArtwork|91119047|001
pgPackingMaterial|91426187|001
pgArtwork|91003053|001
pgPackingMaterial|91409591|001
pgPackingMaterial|91409589|001
pgArtwork|91437058|001
pgArtwork|91437057|001
pgArtwork|91437947|001
pgArtwork|91437948|001
pgArtwork|91440865|001
pgArtwork|91440863|001
pgArtwork|91174943|001
pgArtwork|91440864|001
pgArtwork|91403076|001
pgPackingMaterial|91420657|001
pgArtwork|91118181|001
pgArtwork|91118179|001
pgArtwork|91118182|001
pgArtwork|91452109|001
pgPackingMaterial|91427711|001
pgArtwork|91466254|001
pgArtwork|91468523|001
pgPackingMaterial|91470408|001
pgPackingMaterial|90928282|001
pgPackingMaterial|90928283|001
pgPackingMaterial|91468530|001
pgArtwork|91475803|001
pgArtwork|91475806|001
pgArtwork|91453890|001
pgArtwork|91453891|001
pgArtwork|91471577|001
pgPackingMaterial|91471575|001
pgPackingMaterial|91480002|001
pgPackingMaterial|91490319|001
pgIllustration|90968263|001
pgPackingMaterial|91490463|001
pgPackingMaterial|91490406|001
pgArtwork|91505111|001
pgArtwork|91505180|001
pgArtwork|91505178|001
pgArtwork|91505188|001
pgPackingMaterial|91320370|002
pgPackingMaterial|97092326|003
pgArtwork|91496165|001
pgArtwork|91495699|001
pgPackingMaterial|91427714|001
pgMasterPackingMaterial|98604621|006
pgPackingMaterial|91490185|001
pgIllustration|91497902|001
pgArtwork|91477001|001
pgArtwork|91418443|001
pgArtwork|91563756|001
pgPackingMaterial|91560957|001
pgPackingMaterial|91560956|001
pgPackingMaterial|91560984|001
pgPackingMaterial|91560980|001
pgPackingMaterial|91371625|002
pgPackingMaterial|91531867|001
pgPackingMaterial|91531834|001
pgArtwork|91011857|001
pgIllustration|91045260|001
pgPackingMaterial|91563667|001
pgArtwork|91510718|001
pgArtwork|91574231|001
pgArtwork|91574232|001
pgArtwork|91576313|001
pgArtwork|91574249|001
pgArtwork|91584304|001
pgPackingInstructions|97103201|002
pgArtwork|91579090|001
pgPackingMaterial|91565178|001
pgArtwork|91590887|001
pgArtwork|91591231|001
pgArtwork|91594470|001
pgArtwork|91594467|001
pgPackingMaterial|91594601|001
pgArtwork|91595824|001
pgArtwork|91600619|001
pgArtwork|91600805|001
pgArtwork|91571169|001
pgArtwork|91570951|001
pgPackingMaterial|91586757|001
pgArtwork|91601518|001
pgPackingMaterial|91601855|001
pgPackingMaterial|91580753|001
pgArtwork|91608714|001
pgArtwork|91608713|001
pgArtwork|91609853|001
pgArtwork|91609851|001
pgArtwork|91609873|001
pgArtwork|91609901|001
pgArtwork|91609852|001
pgArtwork|91609874|001
pgArtwork|91609825|001
pgPackingMaterial|91304305|001
pgArtwork|91534112|001
pgArtwork|91334515|001
pgPackingMaterial|91312187|002
pgArtwork|91614177|001
pgArtwork|91624490|001
pgArtwork|91624491|001
pgPackingMaterial|91613436|001
pgPackingMaterial|91608762|001
pgArtwork|91613467|001
pgPackingMaterial|91608718|002
pgPackingMaterial|91627872|001
pgPackingMaterial|91399157|002
pgArtwork|91477576|001
pgArtwork|90658729|001
pgPackingMaterial|90605764|002
pgPackingMaterial|98709633|004
pgPackingMaterial|91415005|002
pgPackingMaterial|91560911|002
pgArtwork|90628185|001
pgPackingMaterial|90591201|002
pgArtwork|91475801|001
pgPackingMaterial|91453849|002
pgArtwork|91475808|001
pgArtwork|91475810|001
pgPackingMaterial|90727283|002
pgPackingMaterial|90966029|002
pgPackingMaterial|91560939|002
pgPackingMaterial|90966050|002
pgArtwork|91631531|001
pgPackingMaterial|91628126|001
pgPackingMaterial|91628122|001
pgPackingMaterial|91628123|001
pgPackingMaterial|91628125|001
pgPackingMaterial|91634453|001
pgPackingMaterial|91634091|001
pgPackingMaterial|91634089|001
pgPackingMaterial|91634457|001
pgArtwork|91638929|001
pgArtwork|91633350|001
pgIllustration|91633876|001
pgPackingMaterial|90916971|001
pgIllustration|91633875|001
pgIllustration|91633871|001
pgPackingMaterial|91634465|001
pgIllustration|91633873|001
pgIllustration|91633874|001
pgSupplierInformationSheet|96217958|003
pgMasterPackingMaterial|95912966|008
pgPackingMaterial|91609387|001
pgPackingMaterial|91635174|001
pgArtwork|91635176|001
pgPackingMaterial|91635442|001
pgArtwork|91635445|001
pgArtwork|91642302|001
pgPackingMaterial|90951875|001
pgPackingMaterial|91637027|001
pgArtwork|91637029|001
pgArtwork|90991622|001
pgPackingMaterial|91562693|003
pgPackingMaterial|91532722|003
pgPackingMaterial|91633269|001
pgPackingMaterial|91653962|001
pgArtwork|91658946|001
pgArtwork|91658949|001
pgMasterPackingMaterial|91633931|002
pgArtwork|91662532|001
pgArtwork|91662783|001
pgArtwork|91662782|001
pgArtwork|91664331|001
pgPackingMaterial|91608766|002
pgPackingMaterial|91647373|002
pgPackingMaterial|91668399|001
pgPackingMaterial|91668401|001
pgArtwork|91670974|001
pgArtwork|91664466|001
pgArtwork|91683416|001
pgArtwork|91683546|001
pgArtwork|91705362|001
pgArtwork|91705356|001
pgArtwork|91644637|001
pgArtwork|91644572|001
pgArtwork|91707926|001
pgArtwork|91707925|001
pgArtwork|91707927|001
pgArtwork|91710505|001
pgPackingMaterial|91706143|001
pgArtwork|91469207|001
pgArtwork|91168144|001
pgArtwork|91168149|001
pgArtwork|91168150|001
pgPackingMaterial|91628127|002
pgPackingMaterial|91685073|001
pgArtwork|91719403|001
pgArtwork|91719401|001
pgArtwork|91609388|002
pgArtwork|90944535|001
pgPackingMaterial|90927918|002
pgPackingMaterial|91684755|001
pgArtwork|91720170|001
pgArtwork|91720169|001
pgArtwork|91720168|001
pgArtwork|97148802|001
pgArtwork|96868232|001
pgArtwork|91683824|001
pgPackingMaterial|91724517|001
pgPackingMaterial|97182169|001
pgArtwork|97182170|001
pgArtwork|91724518|001
pgPackingMaterial|91729217|001
pgArtwork|91683331|001
pgIllustration|91725672|001
pgArtwork|91717746|001
pgArtwork|91717748|001
pgPackingMaterial|91745086|001
pgArtwork|91753863|001
pgPackingMaterial|91726004|001
pgPackingMaterial|91641926|001
pgArtwork|91756239|001
pgMasterPackingMaterial|91306365|005
pgPackingMaterial|91757928|001
pgArtwork|91760331|001
pgArtwork|91760330|001
pgPackingMaterial|90538552|001
pgArtwork|91503896|001
pgArtwork|91727234|001
pgPackingMaterial|91727233|001
pgPackingMaterial|91760244|002
pgArtwork|91763551|001
pgPackingMaterial|91763578|001
pgArtwork|91600845|001
pgPackingMaterial|91570375|002
pgPackingMaterial|91763600|001
pgArtwork|91768563|001
pgArtwork|91771010|001
pgArtwork|91763635|001
pgPackingMaterial|91772676|001
pgPackingMaterial|91711803|003
pgPackingMaterial|91711804|002
pgArtwork|91579114|001
pgPackingMaterial|91773836|001
pgPackingMaterial|91773837|001
pgArtwork|91778318|001
pgArtwork|91781700|001
pgArtwork|91783264|001
pgArtwork|91783265|001
pgPackingMaterial|91777004|001
pgArtwork|91777052|001
pgPackingMaterial|91773839|002
pgPackingMaterial|91773840|002
pgArtwork|91188355|001
pgArtwork|91188356|001
pgPackingMaterial|91773841|001
pgArtwork|91790488|001
pgArtwork|91790489|001
pgPackingMaterial|90831432|001
pgPackingMaterial|91044554|001
pgArtwork|91800072|001
pgIllustration|91759703|001
pgPackingMaterial|96347731|001
pgIllustration|91759704|001
pgPackingMaterial|91188134|001
pgPackingMaterial|91784091|001
pgPackingMaterial|91188136|001
pgArtwork|91192094|001
pgArtwork|91799602|001
pgArtwork|94532662|001
pgArtwork|91809844|001
pgPackingMaterial|91781702|001
pgPackingMaterial|91181467|001
pgPackingMaterial|91181792|001
pgArtwork|91799598|001
pgPackingMaterial|91808883|001
pgIllustration|91722868|002
pgArtwork|91816359|001
pgArtwork|91816356|001
pgArtwork|91816358|001
pgPackingMaterial|91775371|001
pgArtwork|91817316|001
pgPackingMaterial|91815751|001
pgPackingMaterial|91815674|001
pgArtwork|91815750|001
pgArtwork|91815673|001
pgIllustration|91755341|002
pgArtwork|91823241|001
pgArtwork|91476874|001
pgArtwork|91288901|001
pgPackingMaterial|91785223|002
pgPackingMaterial|91825872|001
pgPackingMaterial|91826023|001
pgArtwork|POA-00036109|001
pgArtwork|91819211|001
pgArtwork|POA-00037077|001
pgMasterPackagingMaterialPart|MPMP-00043350|001
pgMasterPackagingMaterialPart|MPMP-00043349|001
pgMasterPackagingMaterialPart|MPMP-00043352|001
pgMasterPackagingMaterialPart|MPMP-00043353|001
Packaging Material Part|91540463|001
Packaging Material Part|91540464|001
pgIllustration|91842573|001
pgIllustration|91842574|001
pgArtwork|POA-00038037|001
pgPackingMaterial|91845063|001
pgPackingMaterial|91845053|001
pgPackingMaterial|91845073|001
pgArtwork|91860041|001
pgIllustration|91850662|001
pgPackingMaterial|91857576|001
pgArtwork|91643191|001
Packaging Material Part|91040563|002
Packaging Material Part|91055611|002
pgArtwork|91813841|001
pgArtwork|POA-00039848|001
pgArtwork|POA-00039846|001
Packaging Material Part|91634521|002
Packaging Material Part|91314888|003
Packaging Material Part|90962676|003
Packaging Material Part|91045202|002
pgArtwork|POA-00042158|001
pgArtwork|POA-00042155|001
pgArtwork|POA-00042163|001
pgArtwork|POA-00042585|001
pgArtwork|POA-00042591|001
pgMasterPackagingMaterialPart|MPMP-00047054|001
Packaging Material Part|90841744|002
Packaging Material Part|91090239|002
pgMasterPackagingMaterialPart|MPMP-00047053|001
Packaging Material Part|91634461|002
Packaging Material Part|91316863|002
Packaging Material Part|90841737|002
pgArtwork|POA-00043659|001
pgArtwork|98936822|002
pgArtwork|98900815|002
pgArtwork|98936885|002
Packaging Material Part|91055608|002
Packaging Material Part|91608695|003
Packaging Material Part|90920984|003
Packaging Material Part|90975732|003
Packaging Material Part|91045203|002
Packaging Material Part|90979281|003
Packaging Material Part|91075579|003
pgArtwork|91902079|001
pgArtwork|POA-00046195|001
pgArtwork|POA-00046395|001
pgArtwork|POA-00046396|001
Packaging Material Part|91058396|002
pgArtwork|POA-00048105|001
pgArtwork|POA-00048463|001
POA|POA-00034276|001
POA|POA-00034280|001
pgArtwork|POA-00049158|001
pgArtwork|POA-00049159|001
Packaging Material Part|91745099|003
pgMasterPackagingMaterialPart|MPMP-00054432|001
pgArtwork|91905362|001
pgArtwork|POA-00049636|001
pgArtwork|POA-00049630|001
pgArtwork|POA-00049640|001
pgArtwork|POA-00049631|001
pgArtwork|POA-00049639|001
Packaging Material Part|91775269|002
Packaging Material Part|91490455|003
Packaging Material Part|91775270|002
Packaging Material Part|90842289|002
Packaging Material Part|91664356|002
Packaging Material Part|91308370|002
Packaging Material Part|91641761|002
Packaging Material Part|90838755|002
Packaging Material Part|90842304|002
pgArtwork|POA-00050893|001
pgMasterPackagingMaterialPart|MPMP-00047080|001
pgIllustration|91158127|002
Packaging Material Part|91879451|001
pgArtwork|POA-00051996|001
pgArtwork|POA-00051994|001
pgArtwork|POA-00048853|001
Packaging Material Part|91427719|002
pgArtwork|91471574|001
Packaging Material Part|91662461|002
Packaging Material Part|91883383|002
pgArtwork|POA-00055593|001
pgArtwork|91725956|001
pgArtwork|POA-00031928|001
pgArtwork|91454346|001
Packaging Material Part|90920982|003
pgArtwork|POA-00056098|001
pgArtwork|96834685|001
pgArtwork|POA-00056140|001
Packaging Material Part|90918747|002
Packaging Material Part|91563805|002
Packaging Material Part|91666593|002
Packaging Material Part|91662777|002
Packaging Material Part|91664357|002
pgMasterPackagingMaterialPart|MPMP-00058932|001
Packaging Material Part|91750949|003
pgArtwork|91188344|001
pgArtwork|POA-00058450|001
pgArtwork|POA-00058570|001
pgArtwork|POA-00032205|001
Packaging Material Part|90842297|002
pgArtwork|POA-00060464|001
pgArtwork|POA-00061329|001
pgArtwork|POA-00061971|001
pgArtwork|POA-00061972|001
Packaging Material Part|91969326|001
Packaging Material Part|91969325|001
pgArtwork|91753807|001
pgArtwork|POA-00062142|001
pgArtwork|POA-00062141|001
pgArtwork|POA-00062140|001
pgArtwork|POA-00062144|001
pgArtwork|POA-00061900|001
pgArtwork|POA-00065273|001
pgArtwork|POA-00065272|001
pgArtwork|POA-00065269|001
pgArtwork|POA-00065998|001
pgArtwork|POA-00066095|001
pgArtwork|POA-00065995|001
pgArtwork|POA-00066413|001
pgArtwork|POA-00066415|001
pgArtwork|POA-00066586|001
pgArtwork|POA-00066599|001
pgArtwork|POA-00066585|001
pgArtwork|POA-00067334|001
pgArtwork|POA-00067339|001
pgArtwork|POA-00067325|001
pgMasterPackagingMaterialPart|MPMP-00047058|002
pgMasterPackagingMaterialPart|MPMP-00047048|002
pgMasterPackagingMaterialPart|MPMP-00047049|002
pgArtwork|POA-00069459|001
pgArtwork|POA-00070347|001
pgArtwork|POA-00070582|001
pgArtwork|POA-00070580|001
Packaging Material Part|91842603|002
Packaging Material Part|91995864|001
Packaging Material Part|91842611|002
pgArtwork|POA-00072066|001
pgArtwork|POA-00074048|001
pgArtwork|POA-00075305|001
pgArtwork|POA-00069222|001
pgArtwork|POA-00076949|001
pgArtwork|POA-00076950|001
pgArtwork|POA-00076952|001
pgArtwork|POA-00076956|001
pgArtwork|POA-00076955|001
pgArtwork|POA-00077346|001
pgArtwork|POA-00077347|001
pgArtwork|POA-00077707|001
pgArtwork|91816357|001
pgArtwork|POA-00081549|001
pgArtwork|POA-00084761|001
Packaging Material Part|90600016|001
Packaging Material Part|91177921|002
pgArtwork|POA-00085806|001
pgArtwork|POA-00087809|001
Packaging Material Part|91841199|002
pgMasterPackagingMaterialPart|MPMP-00056046|001
pgArtwork|POA-00087852|001
pgArtwork|POA-00090468|001
Packaging Material Part|91723892|002
pgArtwork|POA-00094420|001
pgMasterPackagingMaterialPart|MPMP-00074988|001
pgMasterPackagingMaterialPart|MPMP-00074992|001
pgArtwork|POA-00107578|001
pgArtwork|POA-00107584|001
pgIllustration|ILST-00019606|001
Packaging Material Part|90528771|001
pgIllustration|ILST-00020615|001
Packaging Material Part|90566907|001
Packaging Material Part|90562141|001
Packaging Material Part|90562278|001
Packaging Material Part|90566827|001
pgArtwork|POA-00082664|001
Packaging Assembly Part|90568387|001
pgArtwork|POA-00113745|001
pgArtwork|POA-00113741|001
pgArtwork|POA-00113744|001
Packaging Material Part|90571481|001
pgIllustration|ILST-00021574|001
Packaging Material Part|90612728|001
pgIllustration|ILST-00018600|001
Packaging Material Part|90600337|001
Packaging Material Part|90581415|001
pgMasterPackagingMaterialPart|MPMP-00077629|001
Packaging Material Part|91457694|001
Packaging Material Part|91948183|001
pgMasterPackagingMaterialPart|MPMP-00077625|001
Packaging Material Part|91953298|001
pgMasterPackagingMaterialPart|MPMP-00077627|001
Packaging Material Part|91958623|001
pgMasterPackagingMaterialPart|MPMP-00077628|001
pgMasterPackagingMaterialPart|MPMP-00077631|001
Packaging Material Part|91547094|001
pgMasterPackagingMaterialPart|MPMP-00077630|001
Packaging Material Part|91457695|001
Packaging Material Part|91677685|001
pgMasterPackagingMaterialPart|MPMP-00077633|001
pgArtwork|POA-00118211|001
pgArtwork|POA-00118210|001
pgArtwork|POA-00118209|001
pgArtwork|POA-00125244|001
pgArtwork|POA-00125246|001
pgArtwork|POA-00125240|001
pgArtwork|POA-00125241|001
pgArtwork|POA-00125242|001
pgArtwork|POA-00125243|001
pgArtwork|POA-00125247|001
Packaging Material Part|90616204|001
Packaging Material Part|90635364|001
Packaging Material Part|90573737|001
Packaging Material Part|91678063|002
POA|POA-00115595|001
POA|POA-00115599|001
pgMasterPackagingMaterialPart|MPMP-00074827|001
Packaging Material Part|91457717|002
Packaging Material Part|91542804|002
Packaging Material Part|91547844|002
Packaging Material Part|91557904|002
Packaging Material Part|91542805|002
pgArtwork|POA-00104104|001
Packaging Material Part|90510303|002
Packaging Material Part|91636551|004
Packaging Material Part|90881372|003
Packaging Material Part|91969373|002
Packaging Material Part|91500266|003
Packaging Material Part|91311738|004
POA|POA-00123334|001
POA|POA-00123336|001
POA|POA-00123337|001
POA|POA-00123335|001
Packaging Material Part|90635201|002
Packaging Material Part|90813683|001
pgIllustration|ILST-00027152|001
pgIllustration|ILST-00027169|001
POA|POA-00146192|001
Packaging Material Part|90840123|001
Packaging Material Part|90843802|001
Packaging Material Part|90840165|001
pgMasterPackagingMaterialPart|MPMP-00047085|002
pgIllustration|ILST-00011946|001
pgMasterPackagingMaterialPart|MPMP-00060849|002
Packaging Material Part|90901628|001
Packaging Material Part|90926710|001
pgIllustration|ILST-00028941|001
POA|POA-00155148|001
Packaging Material Part|91012489|001
POA|POA-00161411|001
POA|POA-00151875|001
Packaging Material Part|90981254|001
POA|POA-00148988|001
POA|POA-00148989|001
pgArtwork|97549204|001
Packaging Material Part|97371173|002
Packaging Material Part|91190524|002
POA|POA-00100292|001
pgArtwork|91724126|001
pgArtwork|91240220|001
Packaging Material Part|91109467|002
Packaging Material Part|91606355|002
Packaging Material Part|97202781|002
pgArtwork|90503775|001
POA|POA-00133317|001
pgArtwork|POA-00100336|001
Packaging Material Part|90508448|001
Packaging Material Part|90696091|002
Packaging Material Part|91878828|001
Packaging Material Part|91957513|001
Packaging Material Part|91986176|001
Packaging Material Part|91943130|001
POA|POA-00159678|001
Packaging Material Part|91012718|001
Packaging Material Part|91989583|001
pgArtwork|POA-00051995|001
pgArtwork|POA-00085808|001
Packaging Material Part|91879047|001
pgArtwork|POA-00110595|001
Packaging Material Part|91432997|001
Packaging Material Part|91974041|001
Packaging Material Part|91884347|001
Packaging Material Part|91988830|001
Packaging Material Part|91953538|001
Packaging Material Part|91959294|001
Packaging Material Part|90611622|002
POA|POA-00146832|001
Packaging Material Part|91990620|001
Packaging Material Part|91956669|001
Packaging Material Part|91956643|001
Packaging Material Part|91852801|001
Packaging Material Part|91894439|002
Packaging Material Part|91960122|001
Packaging Material Part|90917352|001
Packaging Material Part|90829688|001
POA|POA-00143321|001
Packaging Material Part|91946229|001
Packaging Material Part|91886760|001
Packaging Material Part|91876318|002
Packaging Material Part|91954604|001
Packaging Material Part|90799254|001
POA|POA-00137937|001
Packaging Material Part|91415002|003
Packaging Material Part|91892354|002
Packaging Material Part|91383049|003
POA|POA-00135322|001
Packaging Material Part|90607436|001
POA|POA-00135315|001
Packaging Material Part|91913659|001
pgArtwork|POA-00102105|001
Packaging Material Part|91851365|001
Packaging Material Part|91541464|001
POA|POA-00137267|001
Packaging Material Part|91365258|002
POA|POA-00100241|001
Packaging Material Part|90770449|001
POA|POA-00144135|001
Packaging Material Part|90828973|001
Packaging Material Part|91887595|001
Packaging Material Part|91698841|001
Packaging Material Part|91931758|001
Packaging Material Part|91956988|001
Packaging Material Part|90971338|001
Packaging Material Part|92377890|004
POA|POA-00159693|001
Packaging Material Part|91959073|001
Packaging Material Part|91855729|001
Packaging Material Part|90952011|001
POA|POA-00162638|001
Packaging Material Part|91946897|001
pgArtwork|POA-00102310|001
Packaging Material Part|91729847|001
POA|POA-00135321|001
Packaging Material Part|90617970|001
Packaging Material Part|90505136|001
Packaging Material Part|91739594|001
pgArtwork|POA-00113738|001
Packaging Material Part|91930605|001
Packaging Material Part|91986180|001
Packaging Material Part|90754593|002
Packaging Material Part|91946900|001
POA|POA-00139520|001
Packaging Material Part|91001864|004
Packaging Material Part|91895357|001
Packaging Material Part|91869403|001
POA|POA-00133363|001
Packaging Material Part|90746170|003
POA|POA-00154540|001
Packaging Material Part|90862888|002
Packaging Material Part|91711802|002
POA|POA-00159694|001
Packaging Material Part|90971339|001
Packaging Material Part|91190388|001
Packaging Material Part|90606992|001
POA|POA-00133320|001
Packaging Material Part|91001863|002
Packaging Material Part|90734870|001
POA|POA-00142401|001
Packaging Material Part|90829011|001
pgArtwork|POA-00100701|001
Packaging Material Part|91745931|001
Packaging Material Part|91774179|003
Packaging Material Part|91911935|001
Packaging Material Part|90505382|001
Packaging Material Part|91956665|001
Packaging Material Part|91946008|001
Packaging Material Part|91767860|002
POA|POA-00158642|001
pgArtwork|POA-00108455|001
Packaging Material Part|91681772|001
Packaging Material Part|91939512|001
Packaging Material Part|91939507|001
POA|POA-00153518|001
Packaging Material Part|90835028|001
Packaging Material Part|91953850|001
POA|POA-00120516|001
Packaging Material Part|90594064|003
Packaging Material Part|90724270|003
POA|POA-00137269|001
Packaging Material Part|91884374|001
Packaging Material Part|90816724|001
Packaging Material Part|91969805|001
Packaging Material Part|90682577|003
Packaging Material Part|91432998|002
POA|POA-00122463|001
Packaging Material Part|91938856|001
POA|POA-00158645|001
Packaging Material Part|91994837|001
Packaging Material Part|91681781|001
Packaging Material Part|91469308|003
Packaging Material Part|90770883|001
Packaging Material Part|91946898|001
POA|POA-00160550|001
Packaging Material Part|91701263|001
Packaging Material Part|90920763|001
Packaging Material Part|91969530|001
Packaging Material Part|91909691|002
Packaging Material Part|91312177|003
Packaging Material Part|90607301|001
POA|POA-00122461|001
Packaging Material Part|90714245|003
Packaging Material Part|90688919|002
Packaging Material Part|90920718|001
POA|POA-00143006|001
Packaging Material Part|91948509|001
Packaging Material Part|90541461|002
Packaging Material Part|90933391|001
POA|POA-00159691|001
Packaging Material Part|91518131|001
Packaging Material Part|91560094|002
POA|POA-00127860|001
Packaging Material Part|90823276|002
pgArtwork|POA-00108453|001
Packaging Material Part|91969690|001
POA|POA-00147055|001
POA|POA-00147726|001
Packaging Material Part|91729108|002
Packaging Material Part|90716199|001
POA|POA-00133318|001
Packaging Material Part|90711471|001
Packaging Material Part|90894143|001
Packaging Material Part|90594706|001
Packaging Material Part|90713542|002
POA|POA-00133365|001
POA|POA-00127852|001
Packaging Material Part|90527673|001
pgArtwork|POA-00113739|001
Packaging Material Part|91375765|001
Packaging Material Part|90923493|002
POA|POA-00158187|001
POA|POA-00159695|001
Packaging Material Part|91012719|001
POA|POA-00151676|001
Packaging Material Part|91426287|002
POA|POA-00143327|001
Packaging Material Part|90829692|001
Packaging Material Part|90845029|001
Packaging Material Part|91957339|001
Packaging Material Part|91826497|002
Packaging Material Part|91889123|002
Packaging Material Part|91995018|001
Packaging Material Part|91544923|002
Packaging Material Part|91941172|001
Packaging Material Part|91852786|001
Packaging Material Part|91887943|002
Packaging Material Part|91961096|001
Packaging Material Part|91001643|002
Packaging Material Part|91930636|001
Packaging Material Part|91711801|002
Packaging Material Part|91959072|001
Packaging Material Part|91942711|002
Packaging Material Part|91826495|002
Packaging Material Part|91001865|003
Packaging Material Part|91681782|002
Packaging Material Part|91881433|002
Packaging Material Part|91884128|001
Packaging Material Part|91973503|001
Packaging Material Part|91674783|002
Packaging Material Part|91628128|002
Packaging Material Part|91509876|001
pgArtwork|POA-00095169|001
Packaging Material Part|91954812|001
Packaging Material Part|91946228|001
Packaging Material Part|91956666|001
Packaging Material Part|91543694|001
Packaging Material Part|91879252|001
Packaging Material Part|90787405|002
POA|POA-00141305|001
Packaging Material Part|91875816|001
POA|POA-00145279|001
Packaging Material Part|90813681|001
Packaging Material Part|91969139|001
Packaging Material Part|91269873|002
Packaging Material Part|91879043|001
Packaging Material Part|91929819|002
Packaging Material Part|91426286|002
Packaging Material Part|91959144|001
pgArtwork|POA-00108457|001
Packaging Material Part|91767861|002
Packaging Material Part|96797195|004
POA|POA-00155158|001
Packaging Material Part|91677492|001
Packaging Material Part|90906022|001
POA|POA-00142679|001
Packaging Material Part|90821198|001
POA|POA-00159696|001
Packaging Material Part|90991832|001
Packaging Material Part|91990644|001
Packaging Material Part|91701115|001
pgArtwork|POA-00107122|001
Packaging Material Part|91649788|002
Packaging Material Part|90669185|002
Packaging Material Part|91909311|001
POA|POA-00128315|001
Packaging Material Part|91619172|001
pgArtwork|POA-00100699|001
Packaging Material Part|90752037|001
POA|POA-00147546|001
Packaging Material Part|91620994|002
pgArtwork|POA-00108451|001
Packaging Material Part|91679691|001
Packaging Material Part|91972895|001
POA|POA-00120825|001
Packaging Material Part|90796405|001
POA|POA-00147059|001
Packaging Material Part|90593883|002
Packaging Material Part|96377400|003
Packaging Material Part|91471502|002
POA|POA-00165361|001
Packaging Material Part|90772114|002
Packaging Material Part|91946009|001
Packaging Material Part|97044373|005
Packaging Material Part|91008799|001
Packaging Material Part|91375231|001
Packaging Material Part|96548790|004
Packaging Material Part|91334274|001
pgArtwork|POA-00085807|001
Packaging Material Part|91951984|001
pgArtwork|91223302|001
Packaging Material Part|91223766|003
Packaging Material Part|91336716|004
POA|POA-00165881|001
Packaging Material Part|90602450|002
pgArtwork|POA-00129239|001
POA|POA-00147057|001
Packaging Material Part|90778460|002
pgArtwork|POA-00129238|001
Packaging Material Part|90602448|002
pgIllustration|ILST-00030110|002
Packaging Material Part|91307528|004
POA|POA-00158647|001
POA|POA-00158649|001
Packaging Material Part|90578469|006
Packaging Material Part|91025890|001
Packaging Material Part|90995285|001
Packaging Material Part|90977990|001
Packaging Material Part|91048600|001
POA|POA-00170285|001
Packaging Material Part|91029252|001
Packaging Material Part|90992924|001
Packaging Material Part|91111798|001
Packaging Material Part|90988546|001
Packaging Material Part|91046176|001
Packaging Material Part|91046651|001
Packaging Material Part|90949231|001
Packaging Material Part|90986689|001
Packaging Material Part|90968662|001
Packaging Material Part|91005898|001
POA|POA-00167279|001
POA|POA-00172104|001
POA|POA-00165898|001
Packaging Material Part|91093806|001
Packaging Material Part|90842951|003
POA|POA-00165883|001
POA|POA-00165882|001
POA|POA-00165118|001
POA|POA-00173971|001
Packaging Material Part|91120862|001
POA|POA-00175317|001
POA|POA-00172070|001
Packaging Material Part|90992922|002
pgIllustration|ILST-00030110|003
Packaging Material Part|90995712|002
POA|POA-00173099|001
Packaging Material Part|91155813|001
Packaging Material Part|90849194|002
Packaging Material Part|91159637|001
Packaging Material Part|91085780|001
POA|POA-00177978|001
Packaging Material Part|91113348|002
POA|POA-00176962|001
POA|POA-00177967|001
POA|POA-00179326|001
Packaging Material Part|91840662|004
pgArtwork|91901929|001
Packaging Material Part|90974382|002
POA|POA-00164219|001
POA|POA-00162639|001
Packaging Material Part|91016645|002
Packaging Material Part|91159805|001
pgIllustration|ILST-00033266|001
pgIllustration|ILST-00033216|001
Packaging Material Part|91125437|001
pgIllustration|ILST-00033217|001
Packaging Material Part|91069808|001
Packaging Material Part|91164684|001
POA|POA-00181569|001
Packaging Material Part|91188569|001
Packaging Material Part|91202850|001
Packaging Material Part|91188567|001
Packaging Material Part|91113078|001
Packaging Material Part|91181800|001
Packaging Material Part|91217398|001
pgMasterPackagingMaterialPart|MPMP-00047038|003
pgMasterPackagingMaterialPart|MPMP-00047068|003
pgMasterPackagingMaterialPart|MPMP-00047051|003
pgMasterPackagingMaterialPart|MPMP-00067420|003
pgIllustration|91904388|002
pgMasterPackagingMaterialPart|MPMP-00053650|003
pgMasterPackagingMaterialPart|MPMP-00055196|003
pgIllustration|90904336|001
pgMasterPackagingMaterialPart|MPMP-00047072|003
pgIllustration|90904317|001
pgMasterPackagingMaterialPart|MPMP-00047070|003
pgMasterPackagingMaterialPart|MPMP-00047035|003
pgMasterPackagingMaterialPart|MPMP-00047034|003
pgMasterPackagingMaterialPart|MPMP-00047041|003
pgMasterPackagingMaterialPart|MPMP-00047064|003
pgIllustration|90904338|001
pgMasterPackagingMaterialPart|MPMP-00047036|003
pgMasterPackagingMaterialPart|MPMP-00047061|003
pgMasterPackagingMaterialPart|MPMP-00047050|004
POA|POA-00180539|001
Packaging Material Part|91064368|001
Packaging Material Part|91204022|001
Packaging Material Part|91220343|001
Packaging Material Part|91220344|001
Packaging Material Part|91204023|001
Packaging Material Part|91220264|001
Packaging Material Part|91241627|001
POA|POA-00182707|001
POA|POA-00176424|001
Packaging Material Part|91209580|001
Packaging Material Part|91066541|001
Packaging Material Part|91243272|001
Packaging Material Part|91220584|001
POA|POA-00182737|001
POA|POA-00182735|001
Packaging Material Part|91223431|001
Packaging Material Part|91172676|001
Packaging Material Part|91172674|001
Packaging Material Part|91248167|001
Packaging Material Part|91059862|001
Packaging Material Part|91059861|001
Packaging Material Part|91059863|001
POA|POA-00185157|001
Packaging Material Part|91220743|001
POA|POA-00182736|001
POA|POA-00182779|001
POA|POA-00182786|001
POA|POA-00182748|001
Packaging Material Part|91217020|002
POA|POA-00182753|001
Packaging Material Part|91239980|002
POA|POA-00182741|001
Packaging Material Part|91202858|002
Packaging Material Part|91048188|002
POA|POA-00182762|001
Packaging Material Part|90950080|002
POA|POA-00182755|001
Packaging Material Part|91193718|003
Packaging Material Part|91168046|002
Packaging Material Part|91239970|002
POA|POA-00182764|001
POA|POA-00182738|001
Packaging Material Part|90950075|002
POA|POA-00182774|001
POA|POA-00184782|001
POA|POA-00182731|001
Packaging Material Part|91139520|002
Packaging Material Part|91077973|002
POA|POA-00184052|001
POA|POA-00184053|001
Packaging Material Part|91257416|001
Packaging Material Part|91257417|001
POA|POA-00182766|001
POA|POA-00181042|001
Packaging Material Part|91228093|001
Packaging Material Part|91157703|002
Packaging Material Part|91840983|003
Packaging Material Part|91212862|001
Packaging Material Part|91256719|001
Packaging Material Part|91178803|001
POA|POA-00188158|001
POA|POA-00186098|001
POA|POA-00188152|001
Packaging Material Part|91204795|001
Packaging Material Part|91220560|001
Packaging Material Part|91220738|001
POA|POA-00184874|001
Packaging Material Part|91756645|002
POA|POA-00184872|001
POA|POA-00184861|001
POA|POA-00186614|001
POA|POA-00186613|001
Packaging Material Part|91259072|001
Packaging Material Part|91198201|001
Packaging Material Part|91299335|001
POA|POA-00182732|001
Packaging Material Part|91725960|004
POA|POA-00178236|001
Packaging Material Part|91314307|001
POA|POA-00185321|001
POA|POA-00184892|001
POA|POA-00184893|001
POA|POA-00185326|001
POA|POA-00185327|001
Packaging Material Part|95361812|004
Packaging Material Part|91310039|003
Packaging Material Part|95373399|005
pgArtwork|91729500|001
POA|POA-00185324|001
Packaging Material Part|91316333|001
POA|POA-00115864|001
Packaging Material Part|91547233|003
Packaging Material Part|91316074|001
Packaging Material Part|91341824|001
Packaging Material Part|91281246|001
Packaging Material Part|91318438|001
POA|POA-00191738|001
Packaging Material Part|90958984|002
POA|POA-00193242|001
POA|POA-00193260|001
Packaging Material Part|91725935|003
Packaging Material Part|91214425|001
Packaging Material Part|91253545|001
POA|POA-00117962|001
Packaging Material Part|91547267|002
POA|POA-00117965|001
Packaging Material Part|91547269|002
Packaging Material Part|91291459|001
POA|POA-00187853|001
Packaging Material Part|91259075|002
Packaging Material Part|91259070|002
Packaging Material Part|91280199|001
POA|POA-00195253|001
Packaging Material Part|91428970|001
Packaging Material Part|91430107|001
Packaging Material Part|91376670|001
Packaging Material Part|91376673|001
Packaging Material Part|91395513|001
Packaging Material Part|91235821|002
POA|POA-00182744|001
POA|POA-00182734|001
Packaging Material Part|90950019|002
POA|POA-00182768|001
POA|POA-00199302|001
Packaging Material Part|91250943|002
Packaging Material Part|91706145|003
Packaging Material Part|91156232|002
pgArtwork|POA-00104105|001
Packaging Material Part|90515268|002
POA|POA-00184868|001
Packaging Material Part|91248273|002
Packaging Material Part|91323566|001
POA|POA-00184871|001
Packaging Material Part|91209577|002
pgArtwork|92027434|001
pgArtwork|99477028|001
pgArtwork|92144254|002
pgArtwork|92043767|001
pgArtwork|95577509|001
pgIllustration|99457797|002
Packaging Material Part|91369663|001
Packaging Material Part|91421450|001
Packaging Material Part|91388196|001
Packaging Material Part|91387374|001
Packaging Material Part|91422689|001
Packaging Material Part|91420759|001
Packaging Material Part|91453027|001
Packaging Material Part|91422709|001
Packaging Material Part|91421464|001
Packaging Material Part|91454224|001
Packaging Material Part|91406022|001
POA|POA-00203951|001
POA|POA-00203954|001
POA|POA-00203953|001
POA|POA-00203935|001
POA|POA-00203932|001
POA|POA-00205165|001
POA|POA-00205160|001
POA|POA-00205164|001
POA|POA-00205163|001
POA|POA-00205161|001
POA|POA-00205162|001
Packaging Material Part|91427357|001
pgIllustration|91604495|002
pgArtwork|POA-00104103|001
Packaging Material Part|90510290|003
Packaging Material Part|91447013|004
Packaging Material Part|90841726|002
POA|POA-00154043|001
Packaging Material Part|91427359|001
Packaging Material Part|91464152|001
Packaging Material Part|91291599|002
Packaging Material Part|91448049|001
Packaging Material Part|91466111|001
POA|POA-00204617|001
Packaging Material Part|91369576|002
Packaging Material Part|91380231|002
Packaging Material Part|91440883|002
Packaging Material Part|91379494|002
POA|POA-00206361|001
POA|POA-00208529|001
POA|POA-00208527|001
POA|POA-00208528|001
Packaging Material Part|91469696|001
POA|POA-00207132|001
POA|POA-00203350|001
Packaging Material Part|91488806|001
Packaging Material Part|91473308|001
POA|POA-00206056|001
Packaging Material Part|91518514|001
Packaging Material Part|91520258|002
Packaging Material Part|90893910|003
POA|POA-00148971|001
POA|POA-00207459|001
Packaging Material Part|91351545|002
POA|POA-00196972|001
Packaging Material Part|91706224|003
Packaging Material Part|91856904|004
POA|POA-00193261|001
pgIllustration|ILST-00036853|001
Packaging Material Part|91285562|002
Packaging Material Part|91071822|003
Packaging Material Part|91940494|005
pgIllustration|96849682|002
Packaging Material Part|91985253|004
POA|POA-00195254|001
Packaging Material Part|91341831|002
POA|POA-00161412|001
Packaging Material Part|91012585|002
POA|POA-00165974|001
Packaging Material Part|90941249|002
Packaging Material Part|91856905|004
POA|POA-00206080|001
POA|POA-00206060|001
POA|POA-00206072|001
POA|POA-00208162|001
Packaging Material Part|91469424|002
pgIllustration|91850663|004
Packaging Material Part|91953201|004
pgIllustration|91604494|002
pgMasterPackagingMaterialPart|MPMP-00055189|003
Packaging Material Part|91509133|001
Packaging Material Part|91576632|001
Packaging Material Part|91530009|001
Packaging Material Part|91576631|002
POA|POA-00215633|001
POA|POA-00216415|001
POA|POA-00215639|001
POA|POA-00216022|001
POA|POA-00216021|001
Packaging Material Part|91489438|001
Packaging Material Part|91638950|001
Packaging Material Part|91609548|001
Packaging Material Part|91583320|001
Packaging Material Part|91638901|001
Packaging Material Part|91516729|001
Packaging Material Part|91271171|001
Packaging Material Part|91286262|001
Packaging Material Part|91629340|001
Packaging Material Part|91649329|001
Packaging Material Part|91613481|001
Packaging Material Part|91613445|001
Packaging Material Part|91613447|001
Packaging Material Part|91342318|002
Packaging Material Part|91342311|002
Packaging Material Part|91649904|001
Packaging Material Part|91649905|001
Packaging Material Part|91630779|001
POA|POA-00223780|001
Packaging Material Part|91593101|001
Packaging Material Part|91604779|001
Packaging Material Part|91658170|001
Packaging Material Part|91593100|001
Packaging Material Part|91617442|001
Packaging Material Part|91625274|001
POA|POA-00225417|001
POA|POA-00225420|001
POA|POA-00230196|001
Packaging Material Part|91663866|001
Packaging Material Part|91688301|001
Packaging Material Part|91688292|001
Packaging Material Part|91721728|001
Packaging Material Part|91724710|001
Packaging Material Part|91665811|001
Packaging Material Part|91695526|001
POA|POA-00172110|001
Packaging Material Part|91131949|002
POA|POA-00172109|001
Packaging Material Part|91131948|002
Packaging Material Part|90897526|002
POA|POA-00227651|001
Packaging Material Part|91713084|001
POA|POA-00222445|001
POA|POA-00222444|001
POA|POA-00222446|001
POA|POA-00222448|001
POA|POA-00235194|001
POA|POA-00235193|001
POA|POA-00212129|001
Packaging Material Part|91688299|002
Packaging Material Part|91709879|002
Packaging Material Part|91714841|001
Packaging Material Part|91755656|001
Packaging Material Part|91755658|001
Packaging Material Part|91703496|001
Packaging Material Part|91756467|001
Packaging Material Part|91726911|001
Packaging Material Part|91702929|001
Packaging Material Part|91726473|001
Packaging Material Part|91726512|001
POA|POA-00234881|001
Packaging Material Part|91757568|001
Packaging Material Part|91729175|001
Packaging Material Part|91757567|001
Packaging Material Part|91670300|001
Packaging Material Part|91757565|001
Packaging Material Part|91704224|001
POA|POA-00215637|001
POA|POA-00236172|001
POA|POA-00237066|001
Packaging Material Part|91752872|001
POA|POA-00237049|001
POA|POA-00237694|001
POA|POA-00236879|001
Packaging Material Part|91988469|002
Packaging Material Part|91990760|002
POA|POA-00236880|001
POA|POA-00236881|001
pgArtwork|POA-00100968|001
Packaging Material Part|91538205|002
pgArtwork|POA-00102104|001
Packaging Material Part|91486623|002
Packaging Material Part|91434393|002
Packaging Material Part|91763800|001
Packaging Material Part|91889121|002
Packaging Material Part|91677550|002
pgArtwork|POA-00091029|001
Packaging Material Part|91741314|002
POA|POA-00176275|001
Packaging Material Part|91080744|002
Packaging Material Part|91766147|001
pgArtwork|POA-00082666|001
Packaging Material Part|91339482|003
Packaging Material Part|91813388|001
Packaging Material Part|91803008|001
Packaging Material Part|91767572|001
Packaging Material Part|91767568|001
Packaging Material Part|91814550|001
POA|POA-00223188|001
POA|POA-00239822|001
pgIllustration|ILST-00047628|001
pgIllustration|ILST-00047074|001
pgIllustration|ILST-00047073|001
pgIllustration|ILST-00047072|001
Packaging Material Part|91461172|002
POA|POA-00210223|001
Packaging Material Part|91408800|003
Packaging Material Part|91426929|002
POA|POA-00242731|001
POA|POA-00242730|001
POA|POA-00242732|001
POA|POA-00242734|001
POA|POA-00242729|001
POA|POA-00242733|001
Packaging Material Part|91815183|001
pgIllustration|ILST-00047729|001
POA|POA-00239888|001
POA|POA-00241634|001
Packaging Material Part|91995839|002
Packaging Material Part|91670992|001
Packaging Material Part|91670995|001
POA|POA-00242920|001
POA|POA-00242915|001
POA|POA-00242916|001
Packaging Material Part|91768232|001
Packaging Material Part|91788613|001
Packaging Material Part|91816924|001
POA|POA-00230448|001
Packaging Material Part|91780193|001
Packaging Material Part|91820239|001
Packaging Material Part|91809463|001
Packaging Material Part|91809407|001
Packaging Material Part|91820241|001
POA|POA-00239885|001
POA|POA-00230450|001
POA|POA-00230453|001
POA|POA-00243434|001
POA|POA-00245102|001
POA|POA-00246206|001
POA|POA-00243507|001
POA|POA-00243509|001
Packaging Material Part|91810246|001
Packaging Material Part|91792573|001
Packaging Material Part|91698837|002
POA|POA-00210225|001
Packaging Material Part|91461165|004
POA|POA-00243487|001
POA|POA-00223196|001
POA|POA-00223197|001
Packaging Material Part|91822664|001
Packaging Material Part|91791885|001
POA|POA-00244157|001
Packaging Material Part|91791689|001
Packaging Material Part|91770621|001
POA|POA-00247878|001
POA|POA-00247880|001
POA|POA-00247881|001
Packaging Material Part|91822354|001
pgIllustration|ILST-00048835|001
pgIllustration|ILST-00048619|001
Packaging Material Part|91730459|002
Packaging Material Part|91784290|001
POA|POA-00246458|001
pgArtwork|91753806|001
POA|POA-00249301|001
pgIllustration|ILST-00048429|002
Packaging Material Part|91829481|001
Packaging Material Part|91829498|001
POA|POA-00251996|001
POA|POA-00251993|001
Packaging Material Part|91823729|001
POA|POA-00250447|001
Packaging Material Part|91800496|002
Packaging Material Part|91414990|002
Packaging Material Part|91029897|002
Packaging Material Part|91666517|002
Packaging Material Part|90953521|002
Packaging Material Part|96221066|002
Packaging Material Part|91459945|002
Packaging Material Part|91533776|002
Packaging Material Part|90826319|002
Packaging Material Part|91461838|002
Packaging Material Part|96426215|002
Packaging Material Part|91581047|002
Packaging Material Part|90826153|002
Packaging Material Part|91034269|002
Packaging Material Part|96714021|002
Packaging Material Part|91349017|002
Packaging Material Part|91808881|002
Packaging Material Part|91349018|002
Packaging Material Part|96221063|002
Packaging Material Part|90953519|002
POA|POA-00249135|001
POA|POA-00249138|001
POA|POA-00246341|001
POA|POA-00246347|001
POA|POA-00249643|001
POA|POA-00249144|001
Packaging Material Part|91873806|001
pgIllustration|ILST-00050544|001
Packaging Material Part|91828352|002
Packaging Material Part|91808805|001
Packaging Material Part|91819129|001
POA|POA-00250871|001
Packaging Material Part|91850812|001
Packaging Material Part|91897292|001
Packaging Material Part|91897316|001
Packaging Material Part|91842444|001
Packaging Material Part|91842445|001
Packaging Material Part|91842456|001
Packaging Material Part|91897329|001
POA|POA-00256622|001
POA|POA-00256621|001
POA|POA-00133364|001
POA|POA-00246398|001
Packaging Material Part|91649419|002
Packaging Material Part|91649446|002
POA|POA-00246395|001
POA|POA-00246348|001
POA|POA-00246397|001
Packaging Material Part|91613459|002
POA|POA-00246353|001
Packaging Material Part|91629600|002
pgIllustration|91474457|001
POA|POA-00251072|001
POA|POA-00256623|001
Packaging Material Part|91821794|002
Packaging Material Part|91834267|001
POA|POA-00249132|001
Packaging Material Part|91783422|002
Packaging Material Part|91850830|002
pgIllustration|ILST-00048834|001
POA|POA-00251516|001
Packaging Material Part|91812357|003
POA|POA-00245204|001
POA|POA-00253909|001
POA|POA-00253900|001
POA|POA-00256843|001
POA|POA-00258204|001
POA|POA-00257962|001
POA|POA-00257961|001
Packaging Material Part|91801718|001
Packaging Material Part|91801182|001
Packaging Material Part|91774778|001
Packaging Material Part|91827767|001
Packaging Material Part|91842280|001
POA|POA-00257656|001
POA|POA-00257268|001
POA|POA-00257259|001
Packaging Material Part|91836423|001
Packaging Material Part|91902148|001
Packaging Material Part|91870426|001
POA|POA-00258908|001
POA|POA-00258917|001
POA|POA-00258910|001
POA|POA-00258911|001
POA|POA-00261407|001
POA|POA-00184883|001
POA|POA-00262606|001
POA|POA-00262608|001
POA|POA-00151868|001
Packaging Material Part|90840168|002
pgArtwork|91705360|001
Packaging Material Part|91662774|003
POA|POA-00251863|001
POA|POA-00262218|001
Packaging Material Part|91834756|002
Packaging Material Part|91906379|001
Packaging Material Part|91592170|001
POA|POA-00251866|001
pgIllustration|ILST-00026211|002
Packaging Material Part|90790246|004
POA|POA-00251872|001
POA|POA-00251869|001
POA|POA-00263956|001
POA|POA-00262610|001
POA|POA-00257335|001
Packaging Material Part|91754846|002
Packaging Material Part|91754758|002
POA|POA-00257256|001
Packaging Material Part|91641925|002
Packaging Material Part|91925065|001
Packaging Material Part|91962597|001
Packaging Material Part|91944917|001
Packaging Material Part|91965282|001
Packaging Material Part|91965295|001
Packaging Material Part|91920989|001
Packaging Material Part|91967467|001
Packaging Material Part|91967482|001
Packaging Material Part|91962614|002
Packaging Material Part|91966483|001
Packaging Material Part|91920266|001
POA|POA-00264504|001
POA|POA-00271424|001
Packaging Material Part|91927482|001
Packaging Material Part|91966408|001
Packaging Material Part|91965826|001
Packaging Material Part|90004383|001
POA|POA-00271781|001
Packaging Material Part|91980590|001
POA|POA-00272784|001
POA|POA-00272787|001
POA|POA-00272782|001
POA|POA-00273718|001
POA|POA-00274052|001
POA|POA-00274045|001
Packaging Material Part|90011301|001
Packaging Material Part|90011618|001
POA|POA-00275494|001
POA|POA-00277154|001
Packaging Material Part|90002654|001
Packaging Material Part|90020459|001
Packaging Material Part|91811507|002
Packaging Material Part|91773740|002
Packaging Material Part|91458374|003
POA|POA-00207458|001
Packaging Material Part|90052413|001
Packaging Material Part|91740479|003
Packaging Material Part|90014405|002
Packaging Material Part|90031530|001
Packaging Material Part|90024315|001
Packaging Material Part|90032714|001
Packaging Material Part|90007821|002
POA|POA-00281619|001
Packaging Material Part|90014180|001
Packaging Material Part|90029805|001
POA|POA-00285471|001
POA|POA-00230452|001
POA|POA-00279509-QI|001
Packaging Material Part|90023609|002
POA|POA-00278924|001
POA|POA-00278926|001
POA|POA-00284685|001
Packaging Material Part|90036361|001
Packaging Material Part|90059578|001
Packaging Material Part|90044465|001
Packaging Material Part|90027470|001
pgIllustration|ILST-00057981|001
pgIllustration|ILST-00057980|001
pgIllustration|ILST-00058946|001
Packaging Material Part|91304744|002
Packaging Material Part|91865263|002
Packaging Material Part|91763009|002
POA|POA-00284121|001
Packaging Material Part|91290347|002
Packaging Material Part|91921615|002
Packaging Material Part|91966688|002
Packaging Material Part|91927679|002
POA|POA-00285086|001
Packaging Material Part|90061290|001
Packaging Material Part|90025119|002
POA|POA-00288853|001
POA|POA-00285375|001
POA|POA-00269444|001
POA|POA-00286280|001
POA|POA-00286284|001
POA|POA-00286279|001
POA|POA-00286281|001
POA|POA-00286278|001
POA|POA-00286285|001
POA|POA-00286283|001
POA|POA-00286282|001
Packaging Material Part|90072266|001
Packaging Material Part|90064524|001
Packaging Material Part|90052093|001
POA|POA-00286620|001
pgIllustration|ILST-00059587|001
POA|POA-00286619|001
Packaging Material Part|90072341|001
Packaging Material Part|90072551|001
Packaging Material Part|90078482|001
POA|POA-00279538|001
Packaging Material Part|90077359|001
Packaging Material Part|99315303|005
Packaging Material Part|91561052|002
Packaging Material Part|91371652|002
Packaging Material Part|91493079|002
POA|POA-00289896|001
POA|POA-00289897|001
POA|POA-00290365|001
POA|POA-00290367|001
Packaging Material Part|90079135|001
pgIllustration|ILST-00057982|001
POA|POA-00285383|001
POA|POA-00290359|001
POA|POA-00290358|001
POA|POA-00290360|001
pgMasterPackagingMaterialPart|MPMP-00116992|001
pgIllustration|ILST-00049009|002
POA|POA-00248718|001
Packaging Material Part|91745023|003
POA|POA-00258619|001
Packaging Material Part|91856282|003
POA|POA-00248967|001
Packaging Material Part|91707159|003
Packaging Material Part|90083793|001
Packaging Material Part|90081542|001
Packaging Material Part|90088081|001
pgIllustration|ILST-00060610|001
pgArtwork|91729499|001
pgMasterPackagingMaterialPart|MPMP-00102386|003
pgIllustration|ILST-00036706|004
Packaging Material Part|91505629|004
POA|POA-00209437|001
POA|POA-00209446|001
Packaging Material Part|91563736|004
Packaging Material Part|91505630|004
POA|POA-00209433|001
POA|POA-00209456|001
Packaging Material Part|91149589|002
Packaging Material Part|91409672|002
POA|POA-00281063|001
Packaging Material Part|91978452|002
POA|POA-00281061|001
Packaging Material Part|90076086|001
Packaging Material Part|90081187|001
pgIllustration|ILST-00051728|001
Packaging Material Part|91898349|002
Packaging Material Part|90075349|001
POA|POA-00250771|001
Packaging Material Part|91707720|004
POA|POA-00298125|001
POA|POA-00295830|001
POA|POA-00296244|001
POA|POA-00298396|001
POA|POA-00296243|001
POA|POA-00296241|001
POA|POA-00294131|001
Packaging Material Part|90110433|001
Packaging Material Part|90095539|001
pgArtwork|91799599|001
Packaging Material Part|91781703|005
Packaging Material Part|91523200|004
Packaging Material Part|90927137|004
Packaging Material Part|90120141|001
Packaging Material Part|90095880|001
Packaging Material Part|90099222|001
Packaging Material Part|90105092|001
POA|POA-00302286|001
POA|POA-00297726|001
Packaging Material Part|90073748|002
Packaging Material Part|90097415|001
Packaging Material Part|90110413|001
Packaging Material Part|90128182|001
Packaging Material Part|91725958|003
pgArtwork|91753805|001
POA|POA-00304778|001
Packaging Material Part|90107500|001
Packaging Material Part|90108082|001
Packaging Material Part|90129077|001
POA|POA-00305875|001
POA|POA-00305874|001
POA|POA-00307638|001
POA|POA-00308039|001
Packaging Material Part|90127010|001
Packaging Material Part|90116959|001
POA|POA-00274151|001
Packaging Material Part|91907364|005
Packaging Material Part|90135156|001
POA|POA-00306725|001
Packaging Material Part|90126453|002
POA|POA-00306724|001
Packaging Material Part|90100088|002
pgIllustration|ILST-00050028|001
pgMasterPackagingMaterialPart|MPMP-00117772|002
Packaging Material Part|90160958|001
pgIllustration|ILST-00064302|001
Packaging Material Part|91409669|002
Packaging Material Part|90827365|004
Packaging Material Part|95779227|003
Packaging Material Part|98749207|003
Packaging Material Part|91628120|002
Packaging Material Part|91581046|002
pgIllustration|91850663|005
Packaging Material Part|90151228|001
Packaging Material Part|90144797|001
Packaging Material Part|90167901|001
Packaging Material Part|90137411|001
POA|POA-00314770|001
POA|POA-00271768|001
Packaging Material Part|90648315|004
Packaging Material Part|90138325|001
Packaging Material Part|90143452|001
Packaging Material Part|90158452|001
POA|POA-00314013|001
POA|POA-00319173|001
Packaging Material Part|90140972|001
POA|POA-00316880|001
Packaging Material Part|91594992|004
Packaging Material Part|91847390|003
POA|POA-00262617|001
POA|POA-00262620|001
Packaging Material Part|91944581|003
POA|POA-00262619|001
Packaging Material Part|91838285|003
Packaging Material Part|90821922|004
POA|POA-00316661|001
Packaging Material Part|90166280|001
Packaging Material Part|90166279|001
Packaging Material Part|91335150|006
pgArtwork|POA-00089803|001
Packaging Material Part|91177125|005
Packaging Material Part|90180775|001
Packaging Material Part|90196716|001
Packaging Material Part|90181019|001
Packaging Material Part|90186392|001
POA|POA-00184869|001
Packaging Material Part|91171492|002
POA|POA-00323786|001
POA|POA-00323802|001
Packaging Material Part|90199877|001
Packaging Material Part|90199890|001
POA|POA-00302938|001
Packaging Material Part|90046346|003
POA|POA-00302937|001
Packaging Material Part|90040131|003
POA|POA-00302939|001
Packaging Material Part|90040132|003
POA|POA-00302940|001
Packaging Material Part|90040133|003
POA|POA-00302936|001
Packaging Material Part|90040112|003
POA|POA-00274046|001
POA|POA-00274051|001
Packaging Material Part|90199517|001
POA|POA-00324870|001
Packaging Material Part|90141050|001
Packaging Material Part|90175652|001
Packaging Material Part|90144711|002
Packaging Material Part|90169795|001
Packaging Material Part|90169790|001
Packaging Material Part|90169794|001
Packaging Material Part|90192540|001
Packaging Material Part|90214918|001
Packaging Material Part|90184420|001
Packaging Material Part|90216079|001
Packaging Material Part|90216443|001
POA|POA-00330653|001
POA|POA-00330869|001
POA|POA-00325710|001
POA|POA-00325709|001
POA|POA-00325705|001
Packaging Material Part|90233310|001
Packaging Material Part|90216718|001
POA|POA-00330650|001
POA|POA-00330639|001
Packaging Material Part|90218330|001
POA|POA-00332279|001
pgMasterPackagingMaterialPart|MPMP-00137291|002
pgIllustration|ILST-00065411|002
Packaging Material Part|90148111|002
POA|POA-00303832|001
POA|POA-00303826|001
Packaging Material Part|90167124|002
POA|POA-00328781|001
POA|POA-00330666|001
POA|POA-00330664|001
POA|POA-00334179|001
POA|POA-00334180|001
POA|POA-00334178|001
Packaging Material Part|90185473|001
POA|POA-00334183|001
Packaging Material Part|90235277|001
pgIllustration|ILST-00067489|001
POA|POA-00330670|001
POA|POA-00330667|001
POA|POA-00330680|001
Packaging Material Part|90235662|001
Packaging Material Part|90229434|001
Packaging Material Part|90224547|001
Packaging Material Part|90211933|001
Packaging Material Part|90230094|001
Packaging Material Part|90175535|002
POA|POA-00334181|001
Packaging Material Part|90191062|002
POA|POA-00330834|001
POA|POA-00335295|001
POA|POA-00335462|001
POA|POA-00335463|001
POA|POA-00335464|001
Packaging Material Part|90228352|001
Packaging Material Part|90231506|001
Packaging Material Part|90231507|001
Packaging Material Part|90239052|001
Packaging Material Part|90245516|001
Packaging Material Part|90221927|001
Packaging Material Part|90245530|001
Packaging Material Part|90226705|001
pgIllustration|ILST-00067682|001
Packaging Material Part|90231435|001
Packaging Material Part|90239048|001
POA|POA-00341178|001
Packaging Material Part|90231753|001
Packaging Material Part|90226950|001
POA|POA-00341219|001
POA|POA-00341225|001
Packaging Material Part|90239590|001
Packaging Material Part|90872027|003
POA|POA-00343113|001
POA|POA-00341744|001
POA|POA-00341743|001
POA|POA-00340995|001
Packaging Assembly Part|MEP-00051434|1
Packaging Material Part|MEP-00051435|1
Packaging Material Part|MEP-00051804|1
Packaging Assembly Part|MEP-00051885|1
Packaging Material Part|MEP-00054043|2
POA|POA-00122070|001
pgArtwork|91534341|001
Packaging Material Part|91699393|002
POA|POA-00178525|001
POA|POA-00122769|001
pgArtwork|91573133|001
Packaging Material Part|91679207|002
POA|POA-00178527|001
pgArtwork|91534241|001
pgArtwork|91534242|001
POA|POA-00136012|001
Packaging Material Part|90564745|003
POA|POA-00060360|001
Packaging Material Part|91699406|002
POA|POA-00042292|001
Packaging Material Part|91675379|002
pgArtwork|91534340|001
Packaging Material Part|90596013|003
pgArtwork|91534240|001
Packaging Material Part|90564743|004
POA|POA-00216959|001
POA|POA-00123410|001
Packaging Material Part|90567415|003
pgArtwork|POA-00045911|001
Packaging Assembly Part|90626683|001
Packaging Assembly Part|90613115|001
Packaging Assembly Part|91940538|001
Packaging Assembly Part|91941237|002
Packaging Assembly Part|91943801|002
Packaging Assembly Part|91490968|005
Packaging Assembly Part|90613122|001
Packaging Assembly Part|90613114|001
Packaging Assembly Part|90600815|001
Packaging Assembly Part|90626671|001
Packaging Assembly Part|91933008|003
Packaging Assembly Part|91130950|001
Packaging Assembly Part|91273314|001
Packaging Assembly Part|91490966|005
Packaging Assembly Part|91490967|005
Packaging Assembly Part|91486475|005
Packaging Assembly Part|91490969|005
Packaging Assembly Part|91953086|001
Packaging Assembly Part|90613116|001
Packaging Assembly Part|91451531|001
Packaging Assembly Part|91891226|002
Packaging Assembly Part|91938252|002
Packaging Assembly Part|91490970|005
Packaging Assembly Part|90626682|001
Packaging Assembly Part|91090602|001
Packaging Assembly Part|91972056|001
Packaging Assembly Part|91858750|002
Packaging Assembly Part|90582203|001
Packaging Assembly Part|90582205|001
Packaging Assembly Part|91947966|001
Packaging Assembly Part|91733507|002
Packaging Assembly Part|91456986|002
Packaging Assembly Part|91456995|002
Packaging Assembly Part|91508676|002
Packaging Assembly Part|91546241|002
Packaging Assembly Part|91434211|002
Packaging Assembly Part|91546271|002
Packaging Assembly Part|91676781|002
Packaging Material Part|90881869|002
Packaging Assembly Part|97570525|004
Packaging Assembly Part|91534520|003
Packaging Assembly Part|91826510|001
Packaging Material Part|91904503|001
Packaging Assembly Part|91810398|001
Packaging Material Part|90665228|002
POA|POA-00134822|001
Packaging Material Part|90697429|002
POA|POA-00137537|001
Packaging Material Part|90713203|002
POA|POA-00134825|001
pgArtwork|91750320|001
Packaging Material Part|91416403|003
Packaging Assembly Part|90678448|002
Packaging Assembly Part|90713201|002
Packaging Assembly Part|90678140|002
Packaging Assembly Part|91535045|004
POA|POA-00272702|001
POA|POA-00272701|001
pgIllustration|91384428|003
POA|POA-00272698|001
Packaging Assembly Part|90059502|001
Qualification|PQR-00077284|001
pgMasterPackagingAssemblyPart|MPAP-00001530|004
Packaging Assembly Part|91821962|002
Packaging Assembly Part|91772138|002
Packaging Material Part|90189695|001
Packaging Assembly Part|91781134|002
pgMasterPackagingMaterialPart|MPMP-00116800|004
POA|POA-00265667|001
Qualification|PQR-00078653|002
Qualification|PQR-00078653|001
Packaging Material Part|91771699|003
pgManufacturerMaterial|bv2142-1280168445667|001
pgManufacturerMaterial|ax4454-1177010994331|001
pgManufacturerMaterial|bb9252-1292265876970|001
pgManufacturerMaterial|tm8189-1263306281575|001
pgManufacturerMaterial|tm8189-1263306282076|001
Raw Material|MEP-00006987|1
Raw Material|MEP-00010547|2
Raw Material|MEP-00008448|2
pgIllustration|95591844|001
pgMasterRawMaterialPart|91564597|002
Raw Material|95612321|007
Raw Material|SEP-00011567|1
pgMasterRawMaterialPart|91561038|002
pgMasterRawMaterialPart|MRMP-00001308|003
Packaging Material Part|90578290|002
POA|POA-00258665|001
POA|POA-00258692|001
POA|POA-00258668|001
POA|POA-00258689|001
POA|POA-00259488|001
POA|POA-00258666|001
Packaging Material Part|90735020|002
POA|POA-00258699|001
POA|POA-00259478|001
Packaging Material Part|90735015|002
POA|POA-00258697|001
Packaging Material Part|90669845|002
POA|POA-00259482|001
POA|POA-00259473|001
Packaging Material Part|90686937|002
Packaging Material Part|90694884|002
POA|POA-00258688|001
pgArtwork|POA-00097407|001
pgManufacturerMaterial|as7191-1270493131264|001
Packaging Material Part|MEP-00010610|1
Packaging Assembly Part|MEP-00010611|1
Packaging Material Part|SEP-00010705|1
Packaging Material Part|MEP-00025402|1
Packaging Assembly Part|SEP-00010999|1
Packaging Material Part|MEP-00049322|1
pgMasterPackingMaterial|96660384|001
pgMasterPackingMaterial|99474216|002
pgIllustration|99426714|001
pgIllustration|96649929|001
pgIllustration|99424093|002
pgPackingMaterial|99457910|003
pgMasterPackingMaterial|99474213|003
pgIllustration|99426717|002
pgPackingMaterial|98544021|004
pgMasterPackingMaterial|90839775|001
pgIllustration|90840666|001
pgMasterPackingMaterial|90853369|001
pgIllustration|90853373|001
pgMasterPackingMaterial|99507793|005
pgQualitySpecification|97254966|001
pgQualitySpecification|95518017|001
pgQualitySpecification|60084014|001
pgQualitySpecification|95338433|001
pgQualitySpecification|95037090|002
pgMasterPackingMaterial|90840751|001
pgPackingMaterial|91399671|001
pgArtwork|POA-00037541|001
pgArtwork|POA-00037543|001
pgArtwork|POA-00037544|001
pgArtwork|POA-00037542|001
pgIllustration|ILST-00005868|001
Packaging Material Part|91544636|001
Packaging Assembly Part|90888482|002
Packaging Material Part|91625236|002
Packaging Assembly Part|91782820|003
Packaging Material Part|91626393|004
Packaging Material Part|90853374|003
Packaging Material Part|96660272|003
pgMasterPackagingAssemblyPart|MPAP-00001671|001
Packaging Assembly Part|91858328|002
Packaging Assembly Part|91969654|001
Packaging Assembly Part|91885358|001
Packaging Assembly Part|91939493|001
Packaging Assembly Part|91939491|001
Packaging Assembly Part|91957269|001
Packaging Assembly Part|91957271|001
Packaging Material Part|91948381|001
Packaging Material Part|91797796|002
Packaging Material Part|91797795|002
Packaging Material Part|91700321|002
Packaging Material Part|91797798|002
Packaging Material Part|91115135|001
Packaging Material Part|91994362|001
Packaging Assembly Part|91339864|001
Packaging Material Part|91434582|001
Packaging Material Part|91734050|001
Packaging Material Part|91335123|002
POA|POA-00088674|001
Packaging Assembly Part|90522830|001
Packaging Assembly Part|90535745|001
Packaging Material Part|91739229|001
pgIllustration|ILST-00015750|001
pgIllustration|ILST-00020517|001
pgMasterPackagingMaterialPart|MPMP-00073284|001
Packaging Material Part|90527425|001
pgIllustration|ILST-00015746|001
pgIllustration|ILST-00015747|001
pgMasterPackagingMaterialPart|MPMP-00076068|001
POA|POA-00096062|001
POA|POA-00096067|001
POA|POA-00096068|001
Packaging Material Part|90531533|001
Packaging Material Part|90567409|001
Packaging Assembly Part|90610710|001
Packaging Assembly Part|90564759|001
Packaging Material Part|90640168|001
Packaging Assembly Part|90507483|001
pgMasterPackagingAssemblyPart|MPAP-00002355|001
Packaging Assembly Part|90715836|001
pgMasterPackagingAssemblyPart|MPAP-00002737|001
pgIllustration|ILST-00024200|001
pgMasterPackagingMaterialPart|MPMP-00082487|001
Packaging Assembly Part|90718184|002
pgMasterPackagingMaterialPart|MPMP-00077274|001
pgIllustration|ILST-00021270|001
Packaging Material Part|90617577|003
Packaging Assembly Part|90749209|001
Packaging Assembly Part|90616370|001
Packaging Material Part|90564531|002
POA|POA-00134374|001
pgIllustration|90840764|001
pgIllustration|91625154|001
Packaging Material Part|90644234|001
Packaging Assembly Part|90665847|001
pgMasterPackagingMaterialPart|MPMP-00086406|001
pgIllustration|ILST-00024294|001
Packaging Material Part|90700009|002
pgIllustration|ILST-00023809|001
Packaging Assembly Part|90695839|001
Packaging Assembly Part|90737061|001
Packaging Material Part|90507484|002
Packaging Assembly Part|90829644|001
pgIllustration|ILST-00016072|001
pgIllustration|ILST-00016802|001
pgMasterPackagingMaterialPart|MPMP-00073208|003
Packaging Material Part|90854241|001
pgIllustration|ILST-00028165|001
Packaging Assembly Part|90907864|001
Packaging Assembly Part|90890158|001
Packaging Assembly Part|90737063|001
Packaging Assembly Part|90594778|002
pgMasterPackagingAssemblyPart|MPAP-00002581|002
Packaging Assembly Part|90907865|001
pgArtwork|90965505|001
Packaging Material Part|90884909|003
Packaging Assembly Part|90837187|001
pgMasterPackagingMaterialPart|MPMP-00072602|003
Packaging Material Part|91645567|004
pgIllustration|ILST-00029208|001
Packaging Material Part|91305043|004
Packaging Assembly Part|90711312|002
pgMasterPackagingMaterialPart|MPMP-00031161|002
pgIllustration|90740183|002
pgArtwork|90965506|001
Packaging Assembly Part|90889048|003
Packaging Assembly Part|90902148|002
pgPackingInstructions|95618882|008
POA|POA-00127024|001
pgMasterPackagingMaterialPart|MPMP-00095010|001
pgIllustration|ILST-00031029|001
Packaging Material Part|90965900|001
Packaging Material Part|91004774|001
POA|POA-00127007|001
POA|POA-00127021|001
POA|POA-00178915|001
Packaging Assembly Part|91239244|001
Packaging Assembly Part|91220910|001
pgMasterPackagingMaterialPart|MPMP-00102772|001
pgIllustration|ILST-00036059|001
Packaging Material Part|91308452|001
pgMasterPackagingMaterialPart|MPMP-00100979|001
Packaging Material Part|91327693|001
pgIllustration|ILST-00034420|001
pgMasterPackagingMaterialPart|MPMP-00098747|001
Packaging Assembly Part|91359902|001
Packaging Assembly Part|91358452|002
pgMasterPackagingAssemblyPart|MPAP-00004597|001
Packaging Assembly Part|91358588|002
Packaging Material Part|91230991|001
Packaging Assembly Part|91379066|001
Packaging Material Part|91346244|001
Packaging Assembly Part|91291346|001
pgMasterPackagingAssemblyPart|MPAP-00004588|001
pgMasterPackagingMaterialPart|MPMP-00102358|001
pgMasterPackagingMaterialPart|MPMP-00104931|001
Packaging Material Part|91358454|004
Packaging Assembly Part|91321917|002
pgMasterPackagingAssemblyPart|MPAP-00004589|001
pgMasterPackagingAssemblyPart|MPAP-00002570|001
Packaging Assembly Part|91016228|002
Packaging Assembly Part|91290749|002
Packaging Material Part|91562113|001
Packaging Assembly Part|91360027|001
pgMasterPackagingMaterialPart|MPMP-00104934|001
POA|POA-00205356|001
Packaging Material Part|91323486|003
Packaging Material Part|91296371|001
Packaging Assembly Part|91520682|001
pgMasterPackagingMaterialPart|MPMP-00103023|002
Packaging Assembly Part|91352354|002
pgMasterPackagingAssemblyPart|MPAP-00004586|001
Packaging Material Part|91296372|001
Packaging Assembly Part|91569482|001
pgMasterPackagingAssemblyPart|MPAP-00004747|001
Packaging Assembly Part|91352262|002
Packaging Material Part|91396126|002
Packaging Material Part|91327713|002
pgIllustration|ILST-00039896|001
Packaging Material Part|91442836|002
pgIllustration|ILST-00026994|002
Packaging Material Part|90834165|004
POA|POA-00219189|001
Packaging Assembly Part|91560892|001
Packaging Material Part|90640067|004
Packaging Assembly Part|91747726|001
Packaging Material Part|91360778|002
pgMasterPackagingAssemblyPart|MPAP-00004709|001
pgPackingInstructions|95615597|006
Packaging Assembly Part|91362763|004
Packaging Assembly Part|91307393|004
Packaging Assembly Part|91401779|003
Packaging Material Part|91138099|003
pgMasterPackagingMaterialPart|MPMP-00102848|002
pgIllustration|ILST-00037796|001
Packaging Material Part|90839776|005
pgArtwork|91033213|001
pgArtwork|91033226|001
pgArtwork|91026470|001
pgArtwork|91033225|001
pgArtwork|91026312|001
pgArtwork|91033224|001
pgArtwork|91041549|001
pgArtwork|91033214|001
Packaging Material Part|91373255|001
pgMasterPackagingMaterialPart|MPMP-00105584|002
pgIllustration|ILST-00039894|002
Test Method Specification|91731316|001
pgMasterPackagingAssemblyPart|MPAP-00004578|002
pgArtwork|90885002|001
Packaging Material Part|90847237|005
pgArtwork|91033212|001
pgMasterPackagingMaterialPart|MPMP-00081668|004
Packaging Material Part|91800033|001
Packaging Assembly Part|91825891|001
Packaging Material Part|91779637|001
pgMasterPackagingMaterialPart|MPMP-00116273|001
pgIllustration|ILST-00048352|001
Packaging Material Part|91786668|001
Packaging Assembly Part|91814274|001
POA|POA-00121140|001
Packaging Material Part|90635365|002
Packaging Material Part|90605488|002
POA|POA-00161621|001
Packaging Material Part|90814350|002
pgMasterPackagingMaterialPart|MPMP-00081562|002
pgIllustration|ILST-00015435|001
pgIllustration|ILST-00016082|001
pgMasterPackagingMaterialPart|MPMP-00083702|002
POA|POA-00228925|001
Packaging Assembly Part|90618173|002
Packaging Assembly Part|90889033|002
Packaging Assembly Part|90618183|002
Packaging Assembly Part|90618219|002
Packaging Assembly Part|91108216|004
Packaging Assembly Part|90607581|002
Packaging Assembly Part|90577574|002
Packaging Material Part|91764199|001
pgMasterPackagingMaterialPart|MPMP-00042643|006
pgQualitySpecification|58017998|001
pgQualitySpecification|58026914|001
pgIllustration|95795071|002
pgQualitySpecification|58026915|001
pgQualitySpecification|58026913|001
pgQualitySpecification|58026912|001
pgQualitySpecification|58026911|001
Test Method Specification|95735652|001
pgQualitySpecification|98548376|001
pgIllustration|95767432|001
Test Method Specification|95722151|001
Test Method Specification|95558173|001
Test Method Specification|95727438|001
Test Method Specification|95727306|001
Test Method Specification|95727386|001
pgMasterPackagingMaterialPart|MPMP-00105483|002
POA|POA-00204391|001
Packaging Material Part|91157818|005
POA|POA-00264200|001
pgMasterPackagingAssemblyPart|MPAP-00005190|001
pgMasterPackagingMaterialPart|MPMP-00102746|002
pgIllustration|ILST-00037299|001
pgMasterPackagingMaterialPart|MPMP-00031048|003
Packaging Material Part|91847998|002
pgMasterPackagingMaterialPart|MPMP-00123346|001
Packaging Material Part|90668575|002
Packaging Material Part|90013383|001
pgMasterPackagingMaterialPart|MPMP-00125493|001
pgIllustration|ILST-00057435|001
Packaging Material Part|90008947|001
Packaging Material Part|91980076|001
pgQualitySpecification|98883969|002
pgMasterPackagingMaterialPart|MPMP-00030898|004
Packaging Material Part|91323516|002
pgIllustration|90740181|003
pgMasterPackagingAssemblyPart|MPAP-00004749|003
Test Method Specification|60084387|001
pgIllustration|ILST-00004012|001
pgIllustration|ILST-00004834|002
pgMasterPackagingMaterialPart|MPMP-00034112|008
pgIllustration|ILST-00056316|002
pgIllustration|ILST-00055733|001
pgMasterPackagingMaterialPart|MPMP-00123449|002
pgMasterPackagingMaterialPart|MPMP-00035054|008
pgIllustration|92119941|005
pgMasterPackagingMaterialPart|MPMP-00115522|002
pgIllustration|ILST-00041551|001
pgMasterPackagingMaterialPart|MPMP-00123450|002
Packaging Material Part|90030438|001
Packaging Assembly Part|90025864|001
Packaging Assembly Part|90002020|001
Packaging Assembly Part|90018276|001
Packaging Assembly Part|90018277|001
pgMasterPackagingAssemblyPart|MPAP-00005252|001
Packaging Assembly Part|90063188|001
Packaging Assembly Part|90014373|001
pgMasterPackagingAssemblyPart|MPAP-00005363|001
pgMasterPackagingMaterialPart|MPMP-00046732|004
pgIllustration|99285613|007
pgIllustration|ILST-00029543|001
Packaging Material Part|91916370|002
POA|POA-00270947|001
pgMasterPackagingAssemblyPart|MPAP-00001516|002
Packaging Assembly Part|90751708|001
Packaging Assembly Part|91911130|004
Packaging Assembly Part|90808503|004
Packaging Assembly Part|90617119|002
POA|POA-00236639|001
Packaging Material Part|91392051|003
pgMasterPackagingMaterialPart|MPMP-00105587|002
pgIllustration|ILST-00039908|001
pgIllustration|ILST-00039895|002
POA|POA-00236643|001
Packaging Material Part|91463115|003
pgIllustration|ILST-00046227|002
pgMasterPackagingMaterialPart|MPMP-00113993|003
pgMasterPackagingMaterialPart|MPMP-00102845|002
Packaging Assembly Part|91978262|001
Packaging Assembly Part|90018275|001
Packaging Material Part|91880911|002
pgMasterPackagingMaterialPart|MPMP-00103025|001
pgIllustration|ILST-00038211|001
Packaging Material Part|91380556|003
Packaging Assembly Part|91156175|003
Packaging Assembly Part|91156178|003
Packaging Assembly Part|91004772|003
pgMasterPackagingAssemblyPart|MPAP-00002456|002
Packaging Assembly Part|90663260|003
pgMasterPackagingAssemblyPart|MPAP-00005395|001
Packaging Assembly Part|90067427|001
Packaging Assembly Part|90082320|001
Packaging Assembly Part|90014005|003
Packaging Assembly Part|90693276|002
Packaging Assembly Part|91718633|008
pgMasterPackagingAssemblyPart|MPAP-00001465|004
pgIllustration|ILST-00038282|001
pgMasterPackagingMaterialPart|MPMP-00103444|004
pgMasterPackagingMaterialPart|MPMP-00030815|006
pgIllustration|96774276|001
pgMasterPackagingMaterialPart|MPMP-00030885|006
pgIllustration|96773222|001
POA|POA-00264437|001
POA|POA-00264438|001
Packaging Material Part|91874873|002
pgMasterPackagingMaterialPart|MPMP-00031683|005
pgIllustration|90883377|001
pgArtwork|POA-10017057|001
Packaging Material Part|91875818|003
pgArtwork|POA-00060394|001
Packaging Material Part|91886615|003
pgArtwork|POA-00061559|001
Packaging Assembly Part|91368680|002
pgMasterPackagingMaterialPart|MPMP-00123492|001
Packaging Material Part|91980232|003
POA|POA-00289002|001
Packaging Material Part|91980235|004
POA|POA-00289004|001
Packaging Material Part|90014711|002
POA|POA-00288954|001
POA|POA-00288953|001
pgMasterPackagingAssemblyPart|MPAP-00005284|002
POA|POA-00288998|001
pgIllustration|96786675|002
pgMasterPackagingMaterialPart|MPMP-00030224|004
pgMasterPackagingMaterialPart|MPMP-00128423|001
Packaging Material Part|90022177|001
pgIllustration|ILST-00057862|001
pgIllustration|ILST-00059162|001
pgMasterPackagingMaterialPart|MPMP-00128197|001
pgIllustration|ILST-00057859|001
pgMasterPackagingMaterialPart|MPMP-00112588|003
pgIllustration|92119940|005
pgMasterPackagingMaterialPart|MPMP-00030262|003
pgIllustration|90840876|001
Packaging Assembly Part|91743489|002
Packaging Assembly Part|91743483|002
Packaging Assembly Part|90610669|002
Packaging Assembly Part|91557142|002
Packaging Assembly Part|90610719|002
Packaging Assembly Part|91743471|002
pgMasterPackagingAssemblyPart|MPAP-00002356|002
pgIllustration|ILST-00019351|001
pgMasterPackagingMaterialPart|MPMP-00074405|002
pgIllustration|91646476|001
POA|POA-00288974|001
Packaging Assembly Part|91795637|003
Packaging Material Part|90159053|001
pgMasterPackagingMaterialPart|MPMP-00070218|003
pgIllustration|ILST-00017804|001
pgMasterPackagingMaterialPart|MPMP-00030903|003
pgIllustration|ILST-00064489|001
pgMasterPackagingAssemblyPart|MPAP-00004585|002
pgMasterPackagingMaterialPart|MPMP-00102703|002
pgIllustration|ILST-00037298|001
pgMasterPackagingAssemblyPart|MPAP-00001434|005
pgMasterPackagingAssemblyPart|MPAP-00001515|003
Packaging Assembly Part|91709307|002
Packaging Assembly Part|90745459|003
pgMasterPackagingAssemblyPart|MPAP-00005527|001
pgMasterPackagingMaterialPart|MPMP-00030232|003
pgIllustration|95966516|003
pgIllustration|95966596|001
pgIllustration|98559413|002
Packaging Material Part|90839620|004
pgMasterPackagingMaterialPart|MPMP-00031179|003
pgIllustration|95717224|001
Packaging Material Part|90839618|004
pgMasterPackagingMaterialPart|MPMP-00034707|004
pgIllustration|91667966|001
Packaging Material Part|90154751|001
pgIllustration|95569447|003
pgMasterPackagingMaterialPart|MPMP-00030270|002
pgMasterPackagingMaterialPart|MPMP-00077182|002
pgIllustration|ILST-00019766|001
Packaging Material Part|90612832|002
pgMasterPackagingMaterialPart|MPMP-00073644|003
pgIllustration|ILST-00017924|001
Packaging Assembly Part|90531071|002
pgMasterPackagingAssemblyPart|MPAP-00004598|003
pgIllustration|ILST-00030947|001
pgMasterPackagingMaterialPart|MPMP-00102763|002
pgIllustration|ILST-00059161|001
pgArtwork|POA-10063905|001
Packaging Material Part|90046792|002
pgIllustration|ILST-00057861|001
pgMasterPackagingMaterialPart|MPMP-00127843|001
pgIllustration|ILST-00059163|001
pgIllustration|ILST-00057856|001
Packaging Material Part|90030512|002
pgArtwork|POA-10063907|001
pgMasterPackagingMaterialPart|MPMP-00030282|003
pgIllustration|96625310|001
pgIllustration|97113922|001
pgIllustration|96830430|001
Test Method Specification|60038979|002
pgIllustration|99311837|001
Test Method Specification|60059364|002
Test Method Specification|60049849|001
Packaging Material Part|91637298|004
pgMasterPackagingMaterialPart|MPMP-00071553|002
pgIllustration|ILST-00016128|001
Packaging Material Part|91854025|003
Packaging Material Part|94515760|008
POA|POA-00113680|001
POA|POA-00264198|001
Packaging Material Part|91850320|002
pgMasterPackagingMaterialPart|MPMP-00030271|003
pgIllustration|99788670|002
Packaging Material Part|95623313|007
POA|POA-00113682|001
pgIllustration|ILST-00015639|001
pgMasterPackagingMaterialPart|MPMP-00050759|004
pgMasterPackagingMaterialPart|MPMP-00102770|001
pgMasterPackagingMaterialPart|MPMP-00086357|002
Packaging Material Part|90577801|003
pgMasterPackagingMaterialPart|MPMP-00131273|001
POA|POA-00196059|001
pgMasterPackagingMaterialPart|MPMP-00129607|001
pgArtwork|POA-00061242|001
pgMasterPackagingMaterialPart|MPMP-00037224|004
pgIllustration|ILST-00005869|002
pgMasterPackagingMaterialPart|MPMP-00087544|002
pgIllustration|ILST-00026324|001
POA|POA-00253047|001
pgMasterPackagingMaterialPart|MPMP-00073146|002
pgIllustration|ILST-00016326|001
Packaging Material Part|91854685|004
pgMasterPackagingMaterialPart|MPMP-00100918|002
POA|POA-00235583|001
Packaging Assembly Part|90770673|003
Packaging Assembly Part|90749689|002
Packaging Assembly Part|90607037|003
Packaging Assembly Part|91854728|002
pgMasterPackagingMaterialPart|MPMP-00126013|002
pgIllustration|ILST-00057820|002
Packaging Assembly Part|91873142|003
Packaging Assembly Part|91156177|004
pgAuthorizedTemporarySpecification|ATS-00005760|002
pgMasterPackagingMaterialPart|MPMP-00071134|003
pgIllustration|ILST-00016126|001
Packaging Material Part|91528221|006
pgMasterPackagingMaterialPart|MPMP-00104933|001
pgIllustration|ILST-00031008|001
Packaging Assembly Part|91411618|004
pgMasterPackagingMaterialPart|MPMP-00068770|004
pgIllustration|ILST-00015466|001
Packaging Material Part|90639712|002
Packaging Material Part|91434761|004
pgMasterPackagingAssemblyPart|MPAP-00001488|002
pgMasterPackagingAssemblyPart|MPAP-00002647|003
pgMasterPackagingAssemblyPart|MPAP-00003690|003
pgMasterPackagingMaterialPart|MPMP-00134588|002
pgIllustration|ILST-00014899|001
pgIllustration|96786672|001
pgMasterPackagingMaterialPart|MPMP-00094016|003
pgMasterPackagingMaterialPart|MPMP-00037223|002
pgMasterPackagingMaterialPart|MPMP-00055088|002
pgIllustration|90884556|001
pgArtwork|POA-10042253|001
pgMasterPackagingMaterialPart|MPMP-00102769|003
pgMasterPackagingMaterialPart|MPMP-00075446|004
pgIllustration|ILST-00014900|001
POA|POA-00113681|001
pgIllustration|90753753|002
pgIllustration|92234773|002
pgQualitySpecification|92239342|001
pgIllustration|90934306|001
pgIllustration|95033883|003
pgQualitySpecification|98562905|001
pgMasterPackingMaterial|60005141|003
pgIllustration|97177905|001
pgIllustration|96173961|001
pgIllustration|97184151|001
pgIllustration|94518062|001
pgIllustration|94518064|001
pgIllustration|96249866|003
pgIllustration|96191191|001
pgIllustration|96361694|002
pgIllustration|90922495|001
pgMasterPackingMaterial|92234564|004
pgMasterPackagingMaterialPart|MPMP-00033824|001
pgStackingPattern|95372376|002
pgIllustration|ILST-00017643|001
pgMasterPackagingMaterialPart|MPMP-00055515|002
pgIllustration|91759332|003
pgPackingMaterial|95306542|003
pgPackingMaterial|96793918|002
Raw Material|SEP-00012514|1
Raw Material|MEP-00005061|1
Raw Material|MEP-00048855|1
Raw Material|MEP-00005055|2
Raw Material|MEP-00005069|2
Raw Material|95713313|004
pgQualitySpecification|90721122|001
Qualification|PQR-00075898|001
Raw Material|90864543|003
Qualification|PQR-00076330|002
pgMasterRawMaterialPart|MRMP-00002616|002
pgMasterRawMaterialPart|MRMP-00002613|002
Qualification|PQR-00009516|001
Qualification|PQR-00009519|001
Qualification|PQR-00009518|001
Qualification|PQR-00024091|001
Qualification|PQR-00009517|001
Qualification|PQR-00009520|001
Qualification|PQR-00009521|001
Qualification|PQR-00009523|001
Qualification|PQR-00009522|001
Qualification|PQR-00024097|001
Qualification|PQR-00074630|002
Qualification|PQR-00074907|003
Qualification|PQR-00024093|001
Qualification|PQR-00074907|002
Qualification|PQR-00024095|001
Qualification|PQR-00076329|001
Qualification|PQR-00080821|001
Qualification|PQR-00075897|001
Raw Material|MEP-00047378|1
Raw Material|MEP-00047379|1
Raw Material|MEP-00047996|1
Raw Material|MEP-00052321|1
Raw Material|91326847|001
Raw Material|91358756|002
Raw Material|91848318|002
Packaging Material Part|MEP-00034039|1
Packaging Material Part|91129300|001
pgMasterPackagingMaterialPart|MPMP-00095042|001
pgArtwork|POA-10033894|001
pgIllustration|ILST-00029549|001
POA|POA-00163895|001
pgMasterPackagingMaterialPart|MPMP-00094908|001
Packaging Material Part|90974521|002
pgMasterPackagingMaterialPart|MPMP-00095044|001
pgArtwork|POA-10036946|001
Packaging Material Part|91129291|002
pgMasterPackagingMaterialPart|MPMP-00094040|001
POA|POA-00163783|001
pgIllustration|ILST-00029548|002
Packaging Material Part|90994566|003
pgIllustration|ILST-00029547|002
Packaging Material Part|91020500|003
POA|POA-00163885|001
pgMasterPackagingMaterialPart|MPMP-00095043|001
Packaging Material Part|91129303|002
pgArtwork|POA-10036951|001
pgMasterPackagingMaterialPart|MPMP-00095631|001
Packaging Material Part|91136382|002
pgIllustration|ILST-00031924|001
Packaging Material Part|91129166|002
pgArtwork|POA-10033891|001
pgIllustration|ILST-00031139|002
pgIllustration|ILST-00031286|002
pgIllustration|ILST-00031289|002
Packaging Material Part|91363045|001
Packaging Material Part|91380510|001
Packaging Material Part|91416433|001
pgIllustration|ILST-00036900|001
POA|POA-00209592|001
POA|POA-00209590|001
POA|POA-00209583|001
pgArtwork|POA-10042642|001
Packaging Material Part|91316815|001
pgArtwork|POA-10039382|001
pgIllustration|ILST-00036905|001
pgMasterPackagingMaterialPart|MPMP-00112680|001
pgIllustration|ILST-00036907|001
pgIllustration|96792599|003
pgArtwork|POA-10045461|001
Packaging Material Part|91617350|001
Packaging Material Part|91604407|001
Packaging Material Part|91410750|001
Packaging Material Part|91563248|001
pgIllustration|ILST-00041244|001
pgIllustration|ILST-00041245|001
Packaging Material Part|91481590|001
Packaging Material Part|91581495|001
POA|POA-00216634|001
POA|POA-00215569|001
pgIllustration|ILST-00036906|001
POA|POA-00215629|001
POA|POA-00250651|001
POA|POA-00250064|001
Packaging Material Part|91604406|001
Packaging Material Part|91657534|001
pgArtwork|POA-10041709|001
pgArtwork|POA-10041708|001
pgMasterPackagingMaterialPart|MPMP-00029009|002
Packaging Material Part|90057175|001
Packaging Material Part|90048959|001
pgArtwork|POA-10055767|001
pgArtwork|POA-10055768|001
pgArtwork|POA-10042641|001
pgArtwork|POA-10045460|001
Packaging Material Part|91657533|002
pgArtwork|POA-10057336|001
POA|POA-00216661|001
POA|POA-00289057|001
POA|POA-00289044|001
Packaging Material Part|90036174|001
Packaging Material Part|90036177|001
pgMasterPackagingMaterialPart|MPMP-00134277|001
pgMasterPackagingMaterialPart|MPMP-00133876|001
pgIllustration|ILST-00058945|001
pgIllustration|ILST-00031285|002
POA|POA-00314688|001
POA|POA-00314687|001
POA|POA-00314338|001
POA|POA-00314339|001
POA|POA-00316178|001
POA|POA-00316185|001
pgIllustration|96726774|004
POA|POA-00320404|001
POA|POA-00324327|001
pgMasterPackagingMaterialPart|MPMP-00029014|001
Packaging Material Part|90176293|001
Packaging Material Part|90189315|001
pgArtwork|POA-10063395|001
pgArtwork|POA-10063372|001
pgArtwork|POA-10063612|001
pgArtwork|POA-10062917|001
pgArtwork|POA-10063322|001
pgArtwork|POA-10063464|001
pgArtwork|POA-10062643|001
pgIllustration|ILST-00066350|001
POA|POA-00322445|001
pgIllustration|ILST-00066050|001
pgMasterPackagingMaterialPart|MPMP-00112676|002
pgManufacturerMaterial|bb9252-1345578387807|001
pgManufacturerMaterial|bb9252-1345578388989|001
pgManufacturerMaterial|bb9252-1345581257826|001
Raw Material|MEP-00005544|1
Raw Material|MEP-00005546|1
Raw Material|MEP-00005550|1
Raw Material|MEP-00006922|1
Raw Material|MEP-00007522|1
Raw Material|MEP-00007523|1
Raw Material|MEP-00007524|1
Raw Material|MEP-00008912|1
Raw Material|SEP-00001322|1
Raw Material|SEP-00001323|1
Raw Material|SEP-00001324|1
Raw Material|SEP-00001325|1
Raw Material|SEP-00002309|1
Raw Material|MEP-00009605|1
Raw Material|SEP-00003282|1
Raw Material|SEP-00003291|1
Raw Material|SEP-00003303|1
Raw Material|SEP-00003310|1
Raw Material|SEP-00003314|1
Raw Material|MEP-00010161|1
Raw Material|MEP-00010809|1
Raw Material|MEP-00010811|1
Raw Material|SEP-00001327|2
Raw Material|SEP-00004296|2
Raw Material|SEP-00004305|2
Raw Material|SEP-00004317|2
Raw Material|SEP-00004324|2
Raw Material|SEP-00004328|2
Raw Material|MEP-00010802|2
Raw Material|MEP-00043935|1
Raw Material|MEP-00057049|1
pgQualitySpecification|91500891|001
pgMasterRawMaterialPart|96338895|007
Raw Material|96588715|003
Raw Material|97014721|003
Raw Material|96694021|002
Raw Material|97146064|003
Raw Material|90842805|002
Raw Material|96338897|004
pgMasterRawMaterialPart|96694019|005
Qualification|PQR-00020384|001
Qualification|PQR-00020386|001
Qualification|PQR-00020407|001
Qualification|PQR-00020456|001
Qualification|PQR-00020385|001
Qualification|PQR-00020408|001
Qualification|PQR-00020466|001
Qualification|PQR-00020437|001
Qualification|PQR-00020464|001
Qualification|PQR-00020465|001
Qualification|PQR-00020455|001
Qualification|PQR-00020454|001
Qualification|PQR-00038570|001
Qualification|PQR-00020409|001
pgQualitySpecification|90842809|001
pgQualitySpecification|91501304|002
Qualification|PQR-00023115|001
Raw Material|91594134|004
Qualification|PQR-00023117|001
Qualification|PQR-00023097|001
Qualification|PQR-00023099|001
Raw Material|91586275|005
Qualification|PQR-00023107|001
Qualification|PQR-00023109|001
Raw Material|91594133|004
Test Method Specification|60057820|003
pgMasterRawMaterialPart|91594132|005
pgManufacturerMaterial|bj5948-1233777138407|001
pgManufacturerMaterial|tf8637-1203533298419|001
Packaging Material Part|SEP-00013248|1
Packaging Material Part|MEP-00009171|3
Raw Material|MEP-00056452|1
Test Method Specification|58042915|003
Test Method Specification|58042920|003
Test Method Specification|58042971|003
Test Method Specification|58042916|003
Test Method Specification|58043742|003
pgQualitySpecification|98672094|001
Packaging Material Part|50093915|006
pgMasterRawMaterialPart|MRMP-00000951|001
pgMasterRawMaterialPart|MRMP-00000950|004
Raw Material|90110914|001
Raw Material|95102837|014
Qualification|PQR-00078986|001
Raw Material|16001322|032
Qualification|PQR-00078906|001
pgManufacturerMaterial|bh1375-1296760994238|001
Packaging Material Part|MEP-00020504|1
Packaging Material Part|MEP-00003662|2
Packaging Material Part|MEP-00052291|1
Packaging Material Part|MEP-00053537|1
pgArtwork|99731495|001
pgMasterPackagingMaterialPart|MPMP-00027874|001
Packaging Material Part|91938425|001
Packaging Material Part|91943345|001
Packaging Material Part|91933355|001
Packaging Material Part|91950844|001
pgArtwork|POA-00058884|001
pgArtwork|POA-00058887|001
pgArtwork|POA-00058886|001
pgArtwork|POA-00058888|001
Packaging Material Part|91154031|001
Packaging Material Part|91338382|001
Packaging Material Part|91154030|001
Packaging Material Part|91431851|001
pgArtwork|POA-00087016|001
pgArtwork|POA-00087010|001
pgArtwork|POA-00087009|001
pgArtwork|POA-00087013|001
Packaging Material Part|91546996|001
Packaging Material Part|91434381|001
Packaging Material Part|91547005|001
pgArtwork|POA-00088485|001
pgArtwork|POA-00088486|001
pgArtwork|POA-00088484|001
Packaging Material Part|91971641|001
Packaging Material Part|90510390|001
Packaging Material Part|90533716|001
Packaging Material Part|90547031|001
Packaging Material Part|90527652|001
Packaging Material Part|90559511|001
Packaging Material Part|90540893|001
Packaging Material Part|90527650|001
pgArtwork|POA-00111522|001
pgArtwork|POA-00111520|001
pgArtwork|POA-00111521|001
pgArtwork|POA-00111523|001
pgArtwork|POA-00119117|001
pgArtwork|POA-00119125|001
pgArtwork|POA-00119120|001
pgArtwork|POA-00119132|001
Packaging Material Part|90655420|001
Packaging Material Part|90660264|001
pgArtwork|POA-00131738|001
pgArtwork|POA-00131748|001
Packaging Material Part|90703579|002
Packaging Material Part|90687804|002
pgArtwork|POA-00131744|001
Packaging Material Part|90721405|002
pgArtwork|POA-00131752|001
Packaging Material Part|90769980|001
Packaging Material Part|91948796|002
pgArtwork|POA-00107131|001
Packaging Material Part|90703637|002
POA|POA-00133784|001
Packaging Material Part|90835397|001
Packaging Material Part|90835399|001
Packaging Material Part|90835400|001
Packaging Material Part|91009189|001
Packaging Material Part|90972550|001
Packaging Material Part|90951621|001
POA|POA-00131095|001
POA|POA-00144507|001
POA|POA-00144506|001
POA|POA-00144472|001
POA|POA-00159422|001
POA|POA-00159424|001
Packaging Material Part|91122370|001
Packaging Material Part|91150930|002
POA|POA-00159423|001
POA|POA-00176677|001
POA|POA-00175185|001
Packaging Material Part|91245105|001
Packaging Material Part|91220960|001
POA|POA-00183490|001
POA|POA-00183493|001
Packaging Material Part|91342780|001
Packaging Material Part|91342782|001
Packaging Material Part|91395002|001
POA|POA-00192256|001
POA|POA-00192254|001
POA|POA-00194952|001
Packaging Material Part|90629888|003
POA|POA-00175204|001
Packaging Material Part|90572460|003
POA|POA-00175203|001
Packaging Material Part|91475788|001
Packaging Material Part|91489918|001
Packaging Material Part|91524613|001
Packaging Material Part|91489915|001
Packaging Material Part|91479069|001
Packaging Material Part|91479058|001
Packaging Material Part|91574883|001
POA|POA-00212600|001
POA|POA-00212603|001
POA|POA-00212604|001
POA|POA-00211006|001
POA|POA-00200968|001
Packaging Material Part|91442622|003
POA|POA-00200962|001
Packaging Material Part|91401513|003
Packaging Material Part|91363021|003
POA|POA-00200970|001
POA|POA-00200972|001
Packaging Material Part|91365145|003
POA|POA-00210606|001
POA|POA-00214149|001
POA|POA-00214152|001
Packaging Material Part|91731759|001
Packaging Material Part|91731761|001
POA|POA-00170747|001
Packaging Material Part|91035760|003
Packaging Material Part|91053144|002
POA|POA-00170754|001
POA|POA-00170526|001
Packaging Material Part|91091799|002
Packaging Material Part|90961739|003
POA|POA-00170761|001
Packaging Material Part|91740965|001
Packaging Material Part|91762031|001
Packaging Material Part|91706875|001
POA|POA-00237705|001
POA|POA-00237706|001
Packaging Material Part|91764416|001
Packaging Material Part|91708243|001
Packaging Material Part|91720739|001
POA|POA-00240348|001
POA|POA-00240349|001
Packaging Material Part|91818645|001
Packaging Material Part|91806901|001
POA|POA-00241959|001
POA|POA-00241963|001
POA|POA-00241964|001
POA|POA-00236081|001
Packaging Material Part|91716994|003
POA|POA-00245086|001
POA|POA-00245089|001
POA|POA-00241960|001
Packaging Material Part|91763848|002
POA|POA-00241968|001
Packaging Material Part|91719778|002
POA|POA-00241967|001
Packaging Material Part|91763833|002
Packaging Material Part|91719738|002
POA|POA-00241957|001
Packaging Material Part|91746550|002
POA|POA-00241965|001
POA|POA-00241962|001
Packaging Material Part|91746536|002
pgMasterPackagingMaterialPart|MPMP-00113864|002
Packaging Material Part|91800846|001
Packaging Material Part|91827415|001
POA|POA-00248421|001
POA|POA-00248423|001
Packaging Material Part|91228511|003
POA|POA-00188160|001
POA|POA-00247106|001
POA|POA-00247110|001
Packaging Material Part|91857488|001
Packaging Material Part|91867184|001
POA|POA-00258178|001
POA|POA-00258177|001
Packaging Material Part|91846329|002
POA|POA-00263601|001
pgIllustration|ILST-00052079|001
Packaging Material Part|91961939|003
pgMasterPackagingMaterialPart|MPMP-00119660|001
Packaging Material Part|91746534|003
Packaging Material Part|91763845|003
Packaging Material Part|91961941|003
POA|POA-00266160|001
POA|POA-00266162|001
POA|POA-00267039|001
POA|POA-00267040|001
pgIllustration|90578978|005
Packaging Material Part|90073955|001
Packaging Material Part|90073966|001
Packaging Material Part|90082823|001
Packaging Material Part|90067973|001
Test Method Specification|91861901|001
pgMasterPackagingMaterialPart|MPMP-00113593|004
pgMasterPackagingMaterialPart|MPMP-00087182|003
pgIllustration|90817655|003
pgMasterPackagingMaterialPart|MPMP-00113597|004
pgMasterPackagingMaterialPart|MPMP-00051600|007
pgIllustration|92091323|002
pgMasterPackagingMaterialPart|MPMP-00113595|004
pgMasterPackagingMaterialPart|MPMP-00113594|002
Packaging Material Part|91763877|003
POA|POA-00245117|001
POA|POA-00245112|001
Packaging Material Part|91763885|003
POA|POA-00282425|001
Packaging Material Part|90004021|002
POA|POA-00289506|001
Packaging Material Part|90092454|001
Packaging Material Part|90092453|001
POA|POA-00291876|001
POA|POA-00291875|001
POA|POA-00291863|001
POA|POA-00291862|001
POA|POA-00294707|001
POA|POA-00294706|001
Packaging Material Part|90124084|001
POA|POA-00304686|001
Packaging Material Part|90155599|001
Packaging Material Part|90109506|001
Packaging Material Part|90102503|001
Packaging Material Part|90155590|001
POA|POA-00304679|001
POA|POA-00304681|001
POA|POA-00309140|001
POA|POA-00309135|001
POA|POA-00312431|001
POA|POA-00312433|001
Packaging Material Part|90180600|001
Packaging Material Part|90194518|001
Packaging Material Part|90194520|001
Packaging Material Part|90170675|001
Packaging Material Part|90171081|001
pgMasterPackagingMaterialPart|MPMP-00113151|002
pgIllustration|ILST-00045484|001
Packaging Material Part|90180597|002
POA|POA-00311904|001
POA|POA-00321670|001
POA|POA-00321664|001
POA|POA-00321666|001
POA|POA-00321665|001
POA|POA-00321669|001
POA|POA-00321663|001
POA|POA-00325518|001
Packaging Material Part|90177328|001
Packaging Material Part|90189025|001
pgMasterPackagingMaterialPart|MPMP-00038713|001
Packaging Material Part|90185098|001
Packaging Material Part|90190526|001
Packaging Material Part|90179559|001
Packaging Material Part|90178440|001
Packaging Material Part|90190197|001
Packaging Material Part|90217134|001
Packaging Material Part|90215932|001
Packaging Material Part|90189339|001
Packaging Material Part|90177620|001
Packaging Material Part|90215933|001
Packaging Material Part|90233840|001
Packaging Material Part|90233828|001
POA|POA-00325472|001
POA|POA-00325475|001
POA|POA-00325467|001
POA|POA-00328083|001
POA|POA-00328084|001
POA|POA-00328085|001
POA|POA-00328244|001
POA|POA-00328243|001
POA|POA-00329646|001
Packaging Material Part|90224670|001
Packaging Material Part|90229560|001
Packaging Material Part|90224671|001
POA|POA-00329647|001
POA|POA-00304659|001
POA|POA-00304660|001
POA|POA-00330905|001
POA|POA-00330901|001
POA|POA-00330903|001
POA|POA-00330913|001
POA|POA-00330911|001
POA|POA-00336667|001
POA|POA-00333075|001
POA|POA-00333079|001
Packaging Material Part|90239949|001
Packaging Material Part|90247196|001
Packaging Material Part|90247195|001
Packaging Material Part|90239936|001
Packaging Material Part|90222823|001
POA|POA-00338036|001
POA|POA-00338035|001
Packaging Material Part|90232728|001
Packaging Material Part|90253517|001
Packaging Material Part|90258319|001
pgManufacturerMaterial|bz7498-1311603501743|001
pgManufacturerMaterial|bz7498-1311603501396|001
pgManufacturerMaterial|bz7498-1311603500575|001
pgManufacturerMaterial|bz7498-1311603501084|001
pgManufacturerMaterial|bz7498-1311603502609|001
pgManufacturerMaterial|bz7498-1311603502056|001
pgManufacturerMaterial|bz7498-1311603502359|001
pgManufacturerMaterial|ts7968-1297177362535|001
pgManufacturerMaterial|ts7968-1297177360632|001
pgManufacturerMaterial|ts7968-1297177360223|001
pgManufacturerMaterial|ts7968-1297177360929|001
pgManufacturerMaterial|ab9213-1315588580241|001
pgManufacturerMaterial|ab9213-1315588580520|001
pgManufacturerMaterial|ab9213-1315588580717|001
pgManufacturerMaterial|ab9213-1315588580950|001
pgManufacturerMaterial|ab9213-1315590877958|001
pgManufacturerMaterial|ab9213-1315591030695|001
Raw Material|MEP-00053425|1
Test Method Specification|95154625|002
pgArtwork|98664708|002
pgIllustration|95257513|001
pgArtwork|99799956|002
pgIllustration|96520085|002
pgIllustration|96240105|002
pgArtwork|96776866|001
pgArtwork|98678894|001
pgArtwork|98782473|001
pgArtwork|99774215|001
pgIllustration|99619933|001
pgArtwork|97177203|001
pgArtwork|99418312|002
pgArtwork|99763663|001
pgArtwork|97022154|001
pgQualitySpecification|98617502|001
pgArtwork|99482188|002
pgArtwork|99840280|001
pgIllustration|96892184|001
pgArtwork|97022156|001
pgArtwork|98835014|001
pgArtwork|97072757|001
pgArtwork|99245739|001
pgArtwork|95775015|001
pgIllustration|96572146|001
pgArtwork|96424985|001
pgArtwork|97177202|001
pgArtwork|99799957|002
pgArtwork|92074714|001
pgArtwork|98835013|001
pgIllustration|96848188|002
pgIllustration|96847964|001
pgArtwork|96424983|001
pgArtwork|95904638|001
pgArtwork|99840276|001
pgArtwork|99799958|002
pgArtwork|98959079|001
pgArtwork|99418313|002
pgArtwork|97022155|001
pgArtwork|96370031|001
pgIllustration|96512047|001
pgIllustration|92175750|001
pgArtwork|98786656|002
pgArtwork|96609988|001
pgArtwork|98668442|001
pgArtwork|96260038|001
pgArtwork|92241328|001
pgArtwork|95726304|001
pgArtwork|95374457|001
pgArtwork|96838333|001
pgArtwork|98668443|002
pgArtwork|98668444|002
pgArtwork|96370032|001
pgArtwork|96838335|001
pgArtwork|98782477|003
pgRawMaterial|98923403|004
pgArtwork|99418311|002
pgArtwork|96623806|001
pgArtwork|95698801|001
pgIllustration|96383540|001
pgArtwork|96348984|001
pgArtwork|98668441|001
pgArtwork|96646025|001
pgIllustration|92364838|001
pgIllustration|96511843|001
pgArtwork|98758481|001
pgArtwork|96348987|001
pgArtwork|98758484|001
pgArtwork|96687705|001
pgArtwork|99341659|003
pgIllustration|99640238|001
pgRawMaterial|99542788|003
pgArtwork|99685914|002
pgArtwork|97022157|001
pgArtwork|96774653|001
pgIllustration|99503629|001
pgArtwork|98758486|001
pgArtwork|99418310|002
pgRawMaterial|95965660|004
pgArtwork|92388230|001
pgArtwork|96949036|001
pgArtwork|96348985|001
pgIllustration|96772218|001
pgArtwork|96774655|001
pgArtwork|96672883|001
pgArtwork|96774657|001
pgArtwork|98959081|001
pgArtwork|96776865|001
pgArtwork|96687704|001
pgIllustration|99655308|001
pgArtwork|99290108|001
pgArtwork|97022153|001
pgArtwork|98959080|001
pgArtwork|99392786|001
pgArtwork|99799955|001
pgArtwork|96348988|001
pgArtwork|97559276|001
pgArtwork|92074710|001
pgArtwork|96362646|001
pgIllustration|96267998|001
pgArtwork|96687706|001
pgArtwork|99742786|002
pgArtwork|97242013|001
pgArtwork|99482189|001
pgIllustration|96520091|002
pgIllustration|96735154|001
pgArtwork|98959082|002
pgArtwork|95938272|001
pgIllustration|99655305|001
pgRawMaterial|99676947|003
pgIllustration|99983676|001
pgRawMaterial|99742609|002
pgArtwork|96348989|001
pgArtwork|96467374|001
pgIllustration|99617833|001
pgRawMaterial|99650641|003
pgArtwork|99763773|001
pgArtwork|99245737|001
pgIllustration|99821723|001
pgArtwork|92320008|001
pgRawMaterial|92335352|003
pgArtwork|98548294|002
pgArtwork|96684703|001
pgArtwork|96838331|001
pgIllustration|96634670|001
pgArtwork|96442323|001
pgArtwork|96424984|001
pgArtwork|96609986|001
pgArtwork|92241330|001
pgArtwork|96776864|001
pgArtwork|96949272|001
pgArtwork|92074712|003
pgArtwork|99774258|001
pgArtwork|96684705|001
pgArtwork|96369275|001
pgArtwork|96838332|001
pgArtwork|99840279|001
pgArtwork|96949039|001
pgArtwork|92074715|001
pgArtwork|99799954|001
pgArtwork|97072755|001
pgArtwork|96672884|001
pgArtwork|96684704|001
pgArtwork|95786454|002
pgArtwork|99539051|002
pgArtwork|96838334|001
pgArtwork|98678897|002
pgArtwork|99685920|002
pgArtwork|96949273|001
pgArtwork|98799526|001
pgArtwork|98799523|001
pgArtwork|99539052|003
pgArtwork|92119860|003
pgIllustration|92047689|003
pgArtwork|96623805|001
pgArtwork|99290107|001
pgArtwork|97072754|001
pgIllustration|99655307|001
pgRawMaterial|99615856|004
pgArtwork|99539054|002
pgArtwork|98799525|001
pgIllustration|92071159|001
pgIllustration|99602411|001
pgRawMaterial|99362566|004
pgArtwork|96774654|001
pgArtwork|92074711|001
pgArtwork|99763769|001
pgArtwork|96424982|001
pgArtwork|99840278|001
pgArtwork|96348986|001
pgArtwork|96623803|001
pgMasterPackingMaterial|95378645|006
pgArtwork|99328862|001
pgIllustration|98682838|002
pgPackingMaterial|98974332|001
pgIllustration|95470642|001
pgArtwork|95624729|001
pgPackingMaterial|95882515|002
pgPackingMaterial|95876911|002
pgArtwork|98565143|001
pgArtwork|98678895|001
pgArtwork|98678896|001
pgArtwork|96776863|001
pgArtwork|95774747|001
pgArtwork|96672882|001
pgArtwork|92119858|003
pgIllustration|92047688|003
pgArtwork|96830687|001
pgArtwork|95774772|001
pgArtwork|95600252|001
pgPackingMaterial|95739906|002
pgArtwork|92074713|001
pgArtwork|96949038|001
pgArtwork|96949037|001
pgArtwork|98835015|001
pgArtwork|98555511|001
pgArtwork|98758477|002
pgArtwork|99245738|001
pgArtwork|98799522|001
pgArtwork|98799524|001
pgArtwork|98959083|001
pgArtwork|96623804|001
pgArtwork|96459329|001
pgPackingMaterial|95739907|002
pgArtwork|98565141|001
pgIllustration|99655310|001
pgRawMaterial|99362438|004
pgArtwork|99290109|001
pgArtwork|99290110|001
pgArtwork|95624686|001
pgPackingMaterial|95879713|002
pgArtwork|96609987|001
pgArtwork|96609989|001
pgArtwork|96260030|001
pgArtwork|99763767|001
pgArtwork|99763734|001
pgArtwork|99773927|001
pgIllustration|99606209|001
pgArtwork|99735231|001
pgArtwork|96684702|001
pgArtwork|98565142|001
pgPackingMaterial|95875748|002
pgIllustration|99655309|001
pgIllustration|99640239|001
pgRawMaterial|99650639|003
pgArtwork|96370030|001
pgIllustration|99655306|001
pgRawMaterial|99676795|003
pgArtwork|92241331|001
pgArtwork|92241333|001
pgArtwork|92241336|001
pgArtwork|99840275|001
pgArtwork|99840277|001
pgArtwork|98551072|002
Test Method Specification|95002859|005
pgArtwork|98548295|003
pgArtwork|95854785|002
pgArtwork|95854789|003
pgArtwork|95854790|002
pgArtwork|99482187|001
pgArtwork|92388226|001
pgArtwork|98565144|001
pgPackingMaterial|95912485|002
pgArtwork|95600254|001
pgPackingMaterial|95739908|002
pgArtwork|90639084|001
pgArtwork|90639083|001
pgArtwork|90639082|001
pgArtwork|90639085|001
pgArtwork|97177205|001
pgArtwork|97177204|001
pgArtwork|97517344|001
pgArtwork|97517347|001
pgArtwork|99742785|002
pgArtwork|99742784|002
pgArtwork|97517348|001
pgArtwork|90735289|001
pgArtwork|90735286|001
pgArtwork|97517345|001
pgIllustration|97305944|001
pgIllustration|97232217|001
pgArtwork|99742787|002
pgIllustration|97526769|001
pgIllustration|90575308|001
pgArtwork|97331535|001
pgArtwork|97331534|001
pgArtwork|90742690|001
pgArtwork|90742687|001
pgArtwork|97331536|001
pgArtwork|90742688|001
pgArtwork|90742689|001
pgIllustration|90575309|001
pgIllustration|90575307|001
pgIllustration|90878731|001
pgIllustration|90575312|001
pgIllustration|90575306|001
pgIllustration|96963265|001
pgIllustration|97526770|001
pgIllustration|90639179|001
pgIllustration|90639109|001
pgIllustration|90639180|001
pgIllustration|96963266|001
pgIllustration|90639113|001
pgArtwork|90911825|001
pgIllustration|90954696|001
pgIllustration|90880353|001
pgIllustration|96572878|001
pgIllustration|90880354|001
pgArtwork|90911826|001
pgArtwork|90911824|001
pgIllustration|90878728|001
pgIllustration|90878730|001
pgIllustration|90878729|001
pgStackingPattern|98749010|002
pgArtwork|90801634|001
pgArtwork|90801632|001
pgArtwork|90801633|001
pgArtwork|90801635|001
pgArtwork|91147024|001
pgArtwork|91147026|001
pgArtwork|91147025|001
pgArtwork|91147023|001
pgArtwork|91147027|001
pgArtwork|91347342|001
pgArtwork|91347341|001
pgArtwork|91347340|001
pgArtwork|91347343|001
pgIllustration|91444118|001
pgIllustration|91256925|002
pgIllustration|91256927|002
pgIllustration|91444116|001
pgArtwork|91349376|001
pgArtwork|91349374|001
pgArtwork|91349364|001
pgArtwork|91349366|001
pgArtwork|91349365|001
pgArtwork|91349375|001
pgIllustration|91515149|001
pgIllustration|91515153|001
pgIllustration|91515152|001
pgIllustration|91515151|001
pgArtwork|91446784|001
pgArtwork|91447105|001
pgArtwork|91446786|001
pgArtwork|91447103|001
pgArtwork|91446790|001
pgArtwork|90511991|001
pgIllustration|91650365|001
pgIllustration|91650364|001
pgIllustration|91665317|001
pgArtwork|91650578|001
pgArtwork|91650577|001
pgArtwork|91650576|001
pgArtwork|91533444|001
pgArtwork|91614711|001
pgArtwork|91614710|001
pgArtwork|91614714|001
Raw Material|91272252|003
Raw Material|91444120|004
Raw Material|90891730|002
Raw Material|91272251|003
Raw Material|91272246|003
Raw Material|91360740|002
Raw Material|91272253|003
Raw Material|99552596|009
Raw Material|91272248|003
Raw Material|91272244|004
Raw Material|99552592|010
Raw Material|91444115|004
Raw Material|91584999|003
Raw Material|91360741|002
Raw Material|91584997|003
Raw Material|91360739|002
Raw Material|91272245|003
Raw Material|91535386|003
Raw Material|91584998|003
Raw Material|91272243|003
Raw Material|91272249|003
Raw Material|91272247|003
Raw Material|99552604|008
Raw Material|91272241|004
Raw Material|90624013|002
Raw Material|96904329|004
Raw Material|96904324|004
Raw Material|91084377|003
Raw Material|90890670|002
Raw Material|96904333|004
pgArtwork|POA-10007124|001
pgArtwork|POA-10007125|001
pgArtwork|POA-10007126|001
Raw Material|99829748|010
Raw Material|92001023|007
pgIllustration|91754589|002
pgIllustration|91754588|002
pgIllustration|91164185|002
pgIllustration|91372498|002
pgIllustration|96447807|002
pgIllustration|91627815|002
pgIllustration|91733416|002
pgIllustration|91289332|002
pgIllustration|91515148|001
Raw Material|91584981|004
pgIllustration|96447693|003
pgIllustration|96447808|003
pgArtwork|POA-10007543|001
pgArtwork|POA-10007542|001
pgArtwork|POA-10007539|001
pgArtwork|POA-10007540|001
pgArtwork|POA-10007541|001
pgMasterRawMaterialPart|MRMP-00000780|003
pgArtwork|POA-10007999|001
pgArtwork|POA-10008001|001
pgArtwork|POA-10008000|001
pgArtwork|POA-10008002|001
pgArtwork|POA-10008003|001
pgArtwork|POA-10015479|001
pgArtwork|POA-10015478|001
pgArtwork|POA-10015480|001
Raw Material|91735700|003
Raw Material|91735690|003
Raw Material|91735699|003
Raw Material|91735689|003
Raw Material|91735693|003
pgIllustration|ILST-00014311|002
pgIllustration|ILST-00014310|002
pgIllustration|ILST-00016675|001
pgIllustration|91754590|003
pgIllustration|ILST-00010880|002
pgIllustration|ILST-00010881|002
pgMasterRawMaterialPart|96197915|010
pgMasterRawMaterialPart|99552590|011
pgArtwork|98556488|001
pgIllustration|95380735|001
pgMasterRawMaterialPart|96414813|002
Raw Material|91426810|001
Raw Material|91534885|001
pgMasterRawMaterialPart|MRMP-00002527|001
pgArtwork|POA-10036166|001
pgMasterRawMaterialPart|MRMP-00000813|001
pgArtwork|POA-10030777|001
pgArtwork|POA-10033555|001
pgArtwork|POA-10036171|001
pgArtwork|POA-10019085|001
pgArtwork|POA-10019088|001
pgArtwork|POA-10019082|001
pgArtwork|POA-10019081|001
pgArtwork|POA-10019083|001
pgArtwork|POA-10019084|001
pgArtwork|POA-10019087|001
pgArtwork|POA-10019086|001
pgArtwork|POA-10025002|001
pgArtwork|POA-10033558|001
pgArtwork|POA-10030876|001
pgArtwork|POA-10018631|001
pgArtwork|POA-10018635|001
pgArtwork|POA-10019071|001
pgArtwork|POA-10024994|001
pgArtwork|POA-10024995|001
pgArtwork|POA-10018632|001
pgArtwork|POA-10019806|001
pgArtwork|POA-10019800|001
pgArtwork|POA-10019807|001
pgArtwork|POA-10019808|001
pgArtwork|POA-10019801|001
pgArtwork|POA-10019802|001
pgArtwork|POA-10030875|001
pgArtwork|POA-10017563|001
pgArtwork|POA-10012936|001
pgArtwork|POA-10012933|001
pgArtwork|POA-10018243|001
pgArtwork|POA-10012930|001
pgArtwork|POA-10012931|001
pgArtwork|POA-10012935|001
pgArtwork|POA-10030780|001
pgArtwork|POA-10030880|001
pgArtwork|POA-10028083|001
pgArtwork|POA-10024996|001
pgArtwork|POA-10037898|001
pgArtwork|POA-10030878|001
pgArtwork|POA-10018634|001
pgArtwork|POA-10019095|001
pgArtwork|POA-10019092|001
pgArtwork|POA-10019096|001
pgArtwork|POA-10019098|001
pgArtwork|POA-10019091|001
pgArtwork|POA-10019093|001
pgArtwork|POA-10019094|001
pgArtwork|POA-10019097|001
pgArtwork|POA-10030760|001
pgArtwork|POA-10036944|001
pgArtwork|POA-10030776|001
pgArtwork|POA-10030879|001
pgArtwork|POA-10030779|001
pgArtwork|POA-10025001|001
pgArtwork|POA-10039646|001
pgArtwork|POA-10033556|001
pgArtwork|POA-10018633|001
pgArtwork|POA-10030778|001
pgArtwork|POA-10033557|001
pgArtwork|POA-10041027|001
pgArtwork|POA-10036168|001
pgArtwork|POA-10030877|001
pgArtwork|POA-10036167|001
pgArtwork|POA-10019074|001
pgArtwork|POA-10019068|001
pgArtwork|POA-10019073|001
pgArtwork|POA-10019072|001
pgArtwork|POA-10019067|001
pgArtwork|POA-10019069|001
pgArtwork|POA-10019070|001
pgArtwork|POA-10042699|001
pgArtwork|POA-10042698|001
pgArtwork|POA-10041961|001
pgArtwork|POA-10025000|001
pgArtwork|POA-10041962|001
pgArtwork|POA-10041963|001
pgArtwork|POA-10043836|001
pgArtwork|POA-10045893|001
pgArtwork|POA-10045515|001
pgArtwork|POA-10038667|001
pgArtwork|POA-10038665|001
pgArtwork|POA-10038666|001
pgArtwork|POA-10038668|001
Raw Material|90549702|001
pgIllustration|ILST-00019509|001
pgIllustration|ILST-00019505|001
Raw Material|90522679|001
pgArtwork|POA-10040338|001
Raw Material|91343226|002
pgIllustration|ILST-00038528|001
Raw Material|90725760|004
pgIllustration|ILST-00019508|001
Raw Material|91974176|001
pgIllustration|90639171|001
Raw Material|90549516|001
pgIllustration|ILST-00019504|001
Raw Material|90931119|001
pgIllustration|ILST-00031849|001
Raw Material|91385632|004
Raw Material|91376055|001
Raw Material|91376051|001
Raw Material|97237439|004
Raw Material|96526297|004
Raw Material|91429333|001
Raw Material|90511031|001
pgIllustration|ILST-00019506|001
pgIllustration|ILST-00031848|001
Raw Material|90909867|001
Raw Material|90881590|001
Raw Material|97296447|004
Raw Material|91297773|004
Raw Material|91974151|001
Raw Material|91395281|001
pgIllustration|ILST-00019503|001
Raw Material|90549513|001
Raw Material|91974171|001
pgIllustration|ILST-00019507|001
pgIllustration|ILST-00019502|001
Raw Material|90522675|001
Raw Material|96671275|004
Raw Material|90777693|004
Raw Material|91707996|001
Raw Material|90848461|001
Raw Material|91221067|002
pgArtwork|POA-10040671|001
pgArtwork|POA-10038663|001
pgArtwork|POA-10038662|001
pgArtwork|POA-10038660|001
pgArtwork|POA-10038657|001
pgArtwork|POA-10038661|001
Raw Material|91665314|005
pgArtwork|POA-10038664|001
pgArtwork|POA-10038658|001
pgArtwork|POA-10038659|001
pgMasterRawMaterialPart|MRMP-00002934|001
Raw Material|91896983|002
pgMasterRawMaterialPart|96854503|008
pgArtwork|POA-10041939|001
Raw Material|91945484|001
Raw Material|91831105|002
pgMasterRawMaterialPart|MRMP-00002907|002
pgArtwork|POA-10048508|001
Raw Material|91844428|002
Raw Material|91900144|002
Raw Material|91868365|002
Raw Material|91900165|002
Raw Material|91868366|002
Raw Material|91844429|003
Raw Material|91900137|002
Raw Material|91868369|002
Raw Material|91900149|002
pgArtwork|POA-10047876|001
pgArtwork|POA-10047873|001
pgArtwork|POA-10048483|001
pgArtwork|POA-10048478|001
pgMasterRawMaterialPart|MRMP-00003051|001
pgArtwork|POA-10048477|001
pgArtwork|POA-10048484|001
pgArtwork|POA-10048480|001
pgArtwork|POA-10048482|001
pgArtwork|POA-10048479|001
pgArtwork|POA-10048481|001
pgArtwork|POA-10050906|001
Raw Material|90010853|001
pgArtwork|POA-10050905|001
Raw Material|90018259|001
pgArtwork|POA-10053676|001
Raw Material|91976607|001
pgArtwork|POA-10032169|001
Raw Material|91976606|001
pgArtwork|POA-10050904|001
Raw Material|91976604|001
pgArtwork|POA-10050902|001
Raw Material|90010848|001
pgArtwork|POA-10050903|001
Raw Material|91976600|001
pgArtwork|POA-10051172|001
pgArtwork|POA-10051143|001
Qualification|PQR-00079383|001
pgIllustration|91471668|001
Raw Material|91471664|006
pgIllustration|91471670|001
Raw Material|91471663|006
Raw Material|90085294|001
Raw Material|90067181|001
Raw Material|90089370|001
Raw Material|90085295|001
Raw Material|90070421|001
pgMasterRawMaterialPart|MRMP-00003302|001
pgArtwork|POA-10051145|001
pgArtwork|POA-10051147|001
pgArtwork|POA-10051148|001
pgArtwork|POA-10051142|001
pgArtwork|POA-10051162|001
pgArtwork|POA-10051146|001
pgArtwork|POA-10051144|001
Raw Material|90097386|002
pgArtwork|POA-10025005|001
Raw Material|90120653|001
Raw Material|90120655|001
Raw Material|90111505|001
Raw Material|90111506|001
pgArtwork|POA-10052916|001
Raw Material|90056876|002
Raw Material|91879711|004
Raw Material|91884793|004
Raw Material|90098400|001
pgArtwork|POA-10048066|001
Raw Material|90121497|001
Raw Material|90103572|001
Raw Material|90098425|001
Raw Material|90121542|001
Raw Material|90098416|001
Raw Material|90095509|001
Raw Material|90121493|001
Raw Material|90121509|001
Raw Material|90121505|001
pgIllustration|ILST-00027780|001
Raw Material|90156783|001
pgArtwork|POA-10060373|001
Raw Material|90102628|001
pgArtwork|POA-10052922|001
Raw Material|90096886|001
pgArtwork|POA-10057973|001
pgArtwork|POA-10054466|001
pgArtwork|POA-10057972|001
Qualification|PQR-00079578|001
Raw Material|90172051|001
Raw Material|90172038|001
Raw Material|90181836|001
Raw Material|90181840|001
Raw Material|90181841|001
Raw Material|90201337|001
Raw Material|90200272|001
Raw Material|90175735|001
pgMasterRawMaterialPart|MRMP-00002468|003
Raw Material|90172187|001
Raw Material|90187325|001
Raw Material|90175743|001
Raw Material|90175904|001
Raw Material|90172050|001
Raw Material|90175906|001
Raw Material|90181835|001
Raw Material|90201354|001
Raw Material|90175907|001
Raw Material|90172188|001
Raw Material|90181837|001
Raw Material|90181695|001
Qualification|PQR-00080001|001
pgArtwork|POA-10060284|001
Raw Material|91990563|003
pgArtwork|POA-10060283|001
Raw Material|91185055|003
Raw Material|90224369|001
Raw Material|90236077|001
Raw Material|90220405|001
Raw Material|90215876|001
pgArtwork|POA-10048470|001
pgArtwork|POA-10048468|001
pgArtwork|POA-10048463|001
pgArtwork|POA-10048469|001
pgArtwork|POA-10048465|001
pgArtwork|POA-10048464|001
pgArtwork|POA-10048466|001
pgArtwork|POA-10064525|001
pgArtwork|POA-10063364|001
pgArtwork|POA-10061302|001
pgManufacturerMaterial|bo5229-1329259438505|001
pgArtwork|90683404|001
pgArtwork|97485282|002
pgIllustration|95306426|001
pgIllustration|95315885|001
pgQualitySpecification|95148210|001
pgIllustration|95316365|001
pgPackingMaterial|90661897|001
pgArtwork|90683402|001
pgIllustration|98540927|002
pgArtwork|90683406|001
pgPackingMaterial|90662073|001
pgArtwork|97081519|001
pgArtwork|99660244|001
pgIllustration|99279809|002
pgArtwork|90711825|001
pgArtwork|97230286|001
pgArtwork|99331322|001
pgArtwork|90683428|001
pgArtwork|96869468|002
pgArtwork|96869469|002
pgArtwork|90636126|001
pgArtwork|90635652|001
pgArtwork|90683425|001
pgPackingMaterial|90662075|001
pgIllustration|99734646|004
pgArtwork|97485356|002
pgPackingMaterial|90662076|001
pgArtwork|97171654|001
pgArtwork|90683424|001
pgIllustration|97404104|001
pgArtwork|97481530|001
pgArtwork|97083822|001
pgArtwork|90716071|001
pgPackingMaterial|90661837|001
pgArtwork|90683429|001
pgArtwork|90729490|001
pgPackingMaterial|90661836|001
pgArtwork|90716070|001
pgArtwork|97431908|001
pgPackingMaterial|90594713|001
pgArtwork|97081517|001
pgArtwork|90755326|001
pgPackingMaterial|90661840|001
pgArtwork|90702087|001
pgPackingMaterial|90661901|001
pgArtwork|90683430|001
pgPackingMaterial|90662084|001
pgArtwork|97069467|001
pgPackingMaterial|90661838|001
pgPackingMaterial|90662080|001
pgArtwork|96852474|001
pgPackingMaterial|90662085|001
pgPackingMaterial|90596184|001
pgArtwork|96628505|001
pgArtwork|90683426|001
pgArtwork|90697272|001
pgPackingMaterial|90662078|001
pgArtwork|92204241|001
pgArtwork|96850843|001
pgArtwork|96994281|001
pgArtwork|92203646|001
pgArtwork|96852472|001
pgArtwork|99331323|001
pgArtwork|96850840|001
pgPackingMaterial|90737549|001
pgIllustration|90645625|001
pgArtwork|90768695|001
pgArtwork|90735655|001
pgMasterPackingMaterial|60007390|008
pgArtwork|90636465|002
pgArtwork|90696165|002
pgArtwork|90696161|002
pgArtwork|90742896|001
pgArtwork|90742890|001
pgArtwork|90750660|001
pgArtwork|90750619|001
pgArtwork|90742882|001
pgArtwork|90742877|001
pgArtwork|90750622|001
pgArtwork|90737949|001
pgArtwork|90742879|001
pgArtwork|90737953|001
pgArtwork|90742880|001
pgArtwork|90742884|001
pgArtwork|90742889|001
pgArtwork|90742878|001
pgArtwork|90649396|001
pgArtwork|90805741|001
pgArtwork|90639086|002
pgArtwork|90662015|001
pgArtwork|96356686|002
pgArtwork|90649487|001
pgArtwork|99583670|001
pgArtwork|90697376|002
pgArtwork|90649485|001
pgArtwork|90697465|002
pgArtwork|99589442|001
pgArtwork|90649590|001
pgArtwork|90649592|001
pgArtwork|97216193|001
pgArtwork|90696868|002
pgArtwork|90696168|002
pgArtwork|90699002|002
pgArtwork|90803332|001
pgArtwork|90696170|002
pgArtwork|99756731|002
pgArtwork|92203645|002
pgArtwork|90518281|002
pgArtwork|96557639|001
pgArtwork|90699001|002
pgArtwork|90696054|002
pgArtwork|90696174|002
pgArtwork|90696177|002
pgArtwork|90698996|002
pgArtwork|92203644|002
pgArtwork|90696166|002
pgArtwork|90698997|002
pgArtwork|90699000|002
pgArtwork|96314253|001
pgArtwork|90698999|002
pgArtwork|97289162|001
pgArtwork|90697467|002
pgArtwork|99827007|002
pgArtwork|90649395|002
pgArtwork|90805599|002
pgArtwork|90698998|002
pgArtwork|90639081|002
pgArtwork|90700707|002
pgArtwork|90699003|002
pgArtwork|90803330|001
pgArtwork|90636461|002
pgArtwork|90696172|002
pgArtwork|90698994|002
pgArtwork|90697088|002
pgArtwork|90697469|002
pgArtwork|90696140|002
pgArtwork|97086321|002
pgArtwork|90696144|002
pgArtwork|97034682|001
pgArtwork|90696141|002
pgArtwork|97216074|001
pgArtwork|90803333|001
pgArtwork|90696169|002
pgArtwork|90696869|002
pgArtwork|90697466|002
pgArtwork|90636464|002
pgArtwork|90696055|002
pgArtwork|90697468|002
pgArtwork|90696098|002
pgArtwork|90699004|002
pgArtwork|90649596|002
pgArtwork|90696176|002
pgArtwork|90696163|002
pgArtwork|90805740|002
pgArtwork|90830953|001
pgArtwork|90759935|002
pgArtwork|90815528|001
pgArtwork|90815527|001
pgArtwork|90759934|002
pgArtwork|97566207|001
pgArtwork|90759936|002
pgArtwork|90866012|001
pgArtwork|90866050|001
pgArtwork|90856682|001
pgArtwork|90878970|001
pgArtwork|90797942|001
pgArtwork|90878940|001
pgArtwork|90878971|001
pgArtwork|90878941|001
pgArtwork|90878904|001
pgQualitySpecification|99300891|001
pgArtwork|90885296|001
pgIllustration|90779081|002
pgArtwork|97230284|002
pgArtwork|90830999|002
pgArtwork|90932098|001
pgArtwork|90950733|001
pgMasterPackingMaterial|92264603|003
pgArtwork|90969441|001
pgArtwork|90957099|001
pgArtwork|90956711|001
pgArtwork|90957095|001
pgArtwork|90922512|001
pgArtwork|91000481|001
pgArtwork|91000484|001
pgArtwork|91000485|001
pgArtwork|91000489|001
pgArtwork|91000486|001
pgArtwork|91000483|001
pgArtwork|91000488|001
pgArtwork|90625644|002
pgArtwork|91003478|001
pgArtwork|91003483|001
pgArtwork|91003486|001
pgArtwork|91003488|001
pgArtwork|90985393|001
pgArtwork|91056721|001
pgArtwork|91082939|001
pgArtwork|91082938|001
pgArtwork|91083068|001
pgArtwork|91083305|001
pgArtwork|91083901|001
pgMasterPackingMaterial|96384741|002
pgArtwork|91099569|001
pgArtwork|91026709|001
pgArtwork|96367268|001
pgPackingMaterial|96367269|001
pgArtwork|92348495|001
pgArtwork|92362808|001
pgPackingMaterial|92362807|002
pgArtwork|92348247|001
pgPackingMaterial|90733639|004
pgPackingMaterial|90760085|003
pgArtwork|96318478|001
pgPackingMaterial|96368844|001
pgArtwork|90737550|002
pgArtwork|97121151|001
pgPackingMaterial|97121149|001
pgPackingMaterial|97216068|002
pgArtwork|90815754|001
pgPackingMaterial|91049718|001
pgArtwork|92400732|001
pgPackingMaterial|92145708|002
pgArtwork|92345179|001
pgPackingMaterial|90999464|001
pgArtwork|97211568|001
pgPackingMaterial|97189023|001
pgArtwork|97113370|001
pgPackingMaterial|97094189|001
pgArtwork|97056681|001
pgPackingMaterial|97056679|002
pgArtwork|96869835|002
pgPackingMaterial|96869832|001
pgArtwork|96218470|001
pgPackingMaterial|96162032|002
pgArtwork|92199724|001
pgPackingMaterial|92199287|002
pgArtwork|92280153|001
pgPackingMaterial|92145749|002
pgArtwork|96994373|002
pgPackingMaterial|97555249|001
pgArtwork|96488064|001
pgPackingMaterial|96316999|002
pgArtwork|97484648|001
pgPackingMaterial|97472926|002
pgArtwork|99479207|002
pgPackingMaterial|90662002|001
pgPackingMaterial|90661912|003
pgArtwork|90866820|001
pgPackingMaterial|90853931|001
pgPackingMaterial|96691836|001
pgArtwork|96693875|001
pgArtwork|92345973|001
pgPackingMaterial|92345739|003
pgArtwork|96369804|001
pgPackingMaterial|96365624|001
pgArtwork|96635137|001
pgPackingMaterial|96779178|001
pgArtwork|96860138|002
pgPackingMaterial|90606563|002
pgArtwork|92361519|001
pgArtwork|90866819|001
pgPackingMaterial|90853930|001
pgArtwork|94530042|001
pgPackingMaterial|94528396|002
pgArtwork|92364378|001
pgPackingMaterial|92296497|002
pgArtwork|97485285|001
pgPackingMaterial|97484842|001
pgArtwork|96864441|001
pgPackingMaterial|96864437|001
pgArtwork|97301046|001
pgPackingMaterial|97301045|001
pgArtwork|90815752|001
pgPackingMaterial|90978079|002
pgPackingMaterial|90661915|002
pgArtwork|96391175|001
pgPackingMaterial|96295141|001
pgPackingMaterial|90661911|003
pgArtwork|97189008|001
pgPackingMaterial|97188916|001
pgArtwork|92364077|001
pgPackingMaterial|92364076|002
pgArtwork|96635138|001
pgPackingMaterial|96635131|001
pgArtwork|92000219|001
pgPackingMaterial|99989282|002
pgArtwork|96890006|001
pgPackingMaterial|96882532|001
pgArtwork|96852473|001
pgPackingMaterial|96831185|002
pgPackingMaterial|97023685|001
pgArtwork|97032973|001
pgArtwork|96994282|001
pgPackingMaterial|96994283|002
pgArtwork|90815758|001
pgArtwork|96407492|001
pgArtwork|96515215|001
pgArtwork|92348493|001
pgPackingMaterial|97086322|002
pgArtwork|96913661|001
pgPackingMaterial|96856524|002
pgArtwork|96452943|001
pgPackingMaterial|96446637|001
pgPackingMaterial|90661834|003
pgPackingMaterial|97596585|001
pgArtwork|90594712|002
pgArtwork|90737654|002
pgPackingMaterial|90737653|001
pgArtwork|94530040|001
pgPackingMaterial|94528394|002
pgPackingMaterial|90862105|001
pgArtwork|92162299|001
pgPackingMaterial|92363869|002
pgArtwork|94530044|001
pgPackingMaterial|94528398|002
pgArtwork|97139762|001
pgPackingMaterial|97139758|001
pgArtwork|90815750|001
pgArtwork|96488065|001
pgPackingMaterial|96317078|003
pgPackingMaterial|90683411|004
pgArtwork|96852471|001
pgPackingMaterial|96764118|002
pgArtwork|90815745|001
pgArtwork|96339075|001
pgPackingMaterial|96316998|001
pgPackingMaterial|97587916|005
pgPackingMaterial|90681350|002
pgPackingMaterial|96850842|002
pgPackingMaterial|90595911|001
pgPackingMaterial|97084695|001
pgArtwork|96693877|001
pgPackingMaterial|96691847|001
pgArtwork|96365016|001
pgPackingMaterial|96365003|002
pgArtwork|96323489|001
pgPackingMaterial|96323488|001
pgArtwork|97485354|003
pgPackingMaterial|97555313|001
pgArtwork|97230285|001
pgPackingMaterial|97230288|001
pgArtwork|96228284|001
pgPackingMaterial|96228359|002
pgPackingMaterial|92047156|001
pgArtwork|95856893|001
pgPackingMaterial|90661919|002
pgArtwork|96890009|001
pgPackingMaterial|96882535|001
pgArtwork|92263807|001
pgPackingMaterial|92077559|001
pgArtwork|97484651|001
pgPackingMaterial|97472924|002
pgArtwork|96370173|001
pgPackingMaterial|96365346|001
pgArtwork|96365899|001
pgArtwork|96323462|001
pgPackingMaterial|96323461|001
pgPackingMaterial|90750011|001
pgArtwork|96411357|001
pgPackingMaterial|96411358|002
pgPackingMaterial|90999636|001
pgIllustration|96291702|001
pgArtwork|96343700|001
pgPackingMaterial|94522731|005
pgArtwork|96890007|001
pgPackingMaterial|96882533|002
pgPackingMaterial|96509341|001
pgArtwork|96509339|001
pgPackingMaterial|90760551|002
pgArtwork|91000487|001
pgPackingMaterial|90978159|001
pgArtwork|90636139|001
pgPackingMaterial|90636137|001
pgPackingMaterial|90683414|003
pgArtwork|96833960|001
pgPackingMaterial|96828156|001
pgArtwork|96370169|001
pgPackingMaterial|96580739|001
pgArtwork|96528265|001
pgPackingMaterial|90661982|002
pgArtwork|94530041|001
pgPackingMaterial|94528395|002
pgArtwork|92345314|001
pgArtwork|90866052|001
pgArtwork|96476090|001
pgPackingMaterial|96476091|001
pgArtwork|96924926|001
pgPackingMaterial|96925704|002
pgPackingMaterial|92145739|002
pgArtwork|94503411|001
pgArtwork|90969543|001
pgPackingMaterial|90969540|001
pgArtwork|96329038|001
pgPackingMaterial|97092629|001
pgArtwork|97092829|001
pgArtwork|97481532|001
pgPackingMaterial|97472922|002
pgPackingMaterial|96323483|001
pgArtwork|96323485|001
pgArtwork|96862193|001
pgPackingMaterial|96780335|001
pgArtwork|96245823|001
pgArtwork|92362679|001
pgPackingMaterial|92362680|003
pgPackingMaterial|96663276|004
pgArtwork|96218471|001
pgPackingMaterial|96218487|002
pgArtwork|96511697|001
pgPackingMaterial|96511640|002
pgArtwork|97113322|001
pgPackingMaterial|97221980|001
pgPackingMaterial|90760087|002
pgArtwork|96859327|001
pgPackingMaterial|96859328|002
pgPackingMaterial|90760093|002
pgArtwork|92348246|001
pgPackingMaterial|92346202|002
pgArtwork|94503412|001
pgPackingMaterial|92145740|002
pgPackingMaterial|90983696|001
pgArtwork|96243054|001
pgPackingMaterial|96196857|001
pgPackingMaterial|90606561|002
pgPackingMaterial|90683395|003
pgArtwork|92364340|001
pgIllustration|92035310|001
pgPackingMaterial|92033725|004
pgArtwork|96890010|002
pgPackingMaterial|96882536|003
pgArtwork|97169977|001
pgPackingMaterial|97169933|001
pgArtwork|96889885|001
pgPackingMaterial|96882528|001
pgPackingMaterial|96370374|002
pgArtwork|96370172|001
pgArtwork|96365017|001
pgPackingMaterial|96365004|001
pgArtwork|96658386|001
pgPackingMaterial|96384590|001
pgPackingMaterial|90571436|003
pgArtwork|99537478|001
pgArtwork|96853383|001
pgPackingMaterial|96853072|001
pgPackingMaterial|96323459|001
pgArtwork|96323460|001
pgArtwork|96406241|001
pgPackingMaterial|96351341|001
pgArtwork|91076450|001
pgPackingMaterial|91079083|001
pgPackingMaterial|90737547|001
pgArtwork|90737548|002
pgPackingMaterial|96786630|003
pgArtwork|96230619|001
pgPackingMaterial|96230751|001
pgArtwork|97221836|001
pgPackingMaterial|97076962|001
pgPackingMaterial|90812896|001
pgArtwork|90815526|001
pgPackingMaterial|90661918|003
pgArtwork|97033023|001
pgPackingMaterial|97024728|001
pgArtwork|96802699|001
pgPackingMaterial|96390674|001
pgPackingMaterial|90595918|002
pgArtwork|97222113|001
pgPackingMaterial|97222112|001
pgArtwork|97295803|001
pgPackingMaterial|97295799|001
pgArtwork|96329044|001
pgPackingMaterial|96329043|002
pgPackingMaterial|96625702|001
pgArtwork|96635136|001
pgArtwork|92345745|001
pgPackingMaterial|92345734|003
pgArtwork|90866812|001
pgPackingMaterial|90853929|001
pgArtwork|97484652|001
pgPackingMaterial|97472920|002
pgArtwork|96800937|001
pgPackingMaterial|99971454|001
pgPackingMaterial|99840308|001
pgPackingMaterial|96828359|001
pgArtwork|96833967|001
pgArtwork|92348490|001
pgArtwork|96201222|001
pgPackingMaterial|96201148|002
pgArtwork|97092727|001
pgPackingMaterial|97092624|001
pgPackingMaterial|96777320|002
pgArtwork|96856671|001
pgArtwork|92375432|001
pgPackingMaterial|94531170|002
pgArtwork|96411220|001
pgPackingMaterial|96411226|002
pgPackingMaterial|90661896|002
pgArtwork|92348364|001
pgPackingMaterial|92346211|003
pgArtwork|96851555|001
pgPackingMaterial|96851554|001
pgArtwork|94530049|001
pgPackingMaterial|94528403|001
pgPackingMaterial|90760092|002
pgArtwork|96365901|001
pgPackingMaterial|96365348|001
pgPackingMaterial|90662077|002
pgArtwork|96365014|001
pgPackingMaterial|96365001|001
pgArtwork|96833959|001
pgPackingMaterial|96746674|001
pgArtwork|90505396|001
pgPackingMaterial|96852088|001
pgArtwork|97168444|001
pgPackingMaterial|97168436|002
pgArtwork|96843504|001
pgPackingMaterial|96859415|001
pgArtwork|96368557|001
pgPackingMaterial|96368558|001
pgArtwork|97039611|001
pgPackingMaterial|97023507|001
pgArtwork|92367685|001
pgPackingMaterial|99972203|001
pgPackingMaterial|96316994|002
pgArtwork|96389186|001
pgPackingMaterial|94528399|003
pgArtwork|94530045|001
pgPackingMaterial|96323486|001
pgArtwork|96323487|001
pgArtwork|90737552|002
pgPackingMaterial|90737551|001
pgArtwork|96864439|001
pgPackingMaterial|96864378|001
pgArtwork|96534050|001
pgPackingMaterial|96691850|001
pgPackingMaterial|97094190|001
pgArtwork|97113372|001
pgPackingMaterial|90853764|001
pgArtwork|90788900|001
pgPackingMaterial|90978161|003
pgArtwork|96369805|001
pgPackingMaterial|96365625|001
pgArtwork|94530047|001
pgArtwork|96228283|001
pgArtwork|92375433|001
pgPackingMaterial|94531243|002
pgPackingMaterial|90586452|002
pgPackingMaterial|90802574|002
pgArtwork|98781311|001
pgPackingMaterial|97152649|001
pgPackingMaterial|90760094|002
pgPackingMaterial|97555314|001
pgArtwork|97485355|003
pgArtwork|96218469|001
pgPackingMaterial|96218476|002
pgArtwork|96365015|001
pgPackingMaterial|96365002|001
pgPackingMaterial|92345735|003
pgArtwork|92345757|001
pgArtwork|96355652|001
pgArtwork|96228281|001
pgArtwork|96897270|002
pgPackingMaterial|96897332|002
pgPackingMaterial|96328976|003
pgArtwork|96328977|001
pgPackingMaterial|90924661|001
pgArtwork|92332913|001
pgPackingMaterial|92202283|002
pgPackingMaterial|99871455|002
pgPackingMaterial|96446636|002
pgArtwork|96452746|001
pgPackingMaterial|96867830|001
pgArtwork|97033022|001
pgPackingMaterial|96882529|002
pgArtwork|96889886|001
pgPackingMaterial|90738168|001
pgArtwork|90738218|002
pgArtwork|96317151|001
pgPackingMaterial|96388431|002
pgArtwork|96809638|001
pgPackingMaterial|96809655|003
pgArtwork|96488063|001
pgPackingMaterial|96316995|002
pgPackingMaterial|90661994|004
pgPackingMaterial|91079164|001
pgArtwork|91076451|001
pgPackingMaterial|96218472|002
pgArtwork|96218466|001
pgArtwork|96368650|001
pgPackingMaterial|96368651|001
pgPackingMaterial|90812910|002
pgPackingMaterial|96257710|002
pgPackingMaterial|96317077|001
pgArtwork|96389274|001
pgArtwork|92297670|001
pgPackingMaterial|92019448|001
pgArtwork|92263901|001
pgPackingMaterial|99716776|001
pgPackingMaterial|96851691|003
pgArtwork|90815748|001
pgArtwork|96369807|001
pgPackingMaterial|90802570|002
pgPackingMaterial|90683418|004
pgArtwork|92398828|001
pgPackingMaterial|92346160|003
pgArtwork|96859416|001
pgPackingMaterial|96859417|001
pgPackingMaterial|90694303|002
pgArtwork|92399047|001
pgPackingMaterial|92340662|004
pgPackingMaterial|96882531|002
pgArtwork|96889888|001
pgPackingMaterial|90878456|001
pgPackingMaterial|90661993|004
pgPackingMaterial|90760090|002
pgArtwork|96463267|001
pgPackingMaterial|96580740|001
pgPackingMaterial|90758492|003
pgArtwork|90697470|002
pgArtwork|96311069|001
pgPackingMaterial|96311064|001
pgArtwork|94530048|001
pgPackingMaterial|97596588|002
pgPackingMaterial|90978087|003
pgPackingMaterial|96809654|003
pgArtwork|96809637|001
pgArtwork|90696143|002
pgArtwork|92263819|001
pgPackingMaterial|92123236|001
pgArtwork|96753568|001
pgPackingMaterial|95413448|001
pgArtwork|90698995|002
pgPackingMaterial|90853916|001
pgArtwork|90866047|001
pgPackingMaterial|90978102|002
pgPackingMaterial|90683408|004
pgPackingMaterial|90595916|002
pgArtwork|96833963|002
pgPackingMaterial|96828158|003
pgPackingMaterial|96863933|001
pgArtwork|97378049|001
pgArtwork|96411098|001
pgPackingMaterial|96411099|002
pgPackingMaterial|90918323|001
pgPackingMaterial|96245851|001
pgArtwork|96164505|001
pgArtwork|92362678|001
pgPackingMaterial|92362681|003
pgPackingMaterial|96691244|002
pgArtwork|96854634|001
pgPackingMaterial|97075447|001
pgArtwork|97081516|001
pgArtwork|90866011|001
pgPackingMaterial|97289165|002
pgArtwork|92345484|001
pgPackingMaterial|92338548|002
pgArtwork|92263193|001
pgArtwork|92398824|001
pgPackingMaterial|92336982|002
pgArtwork|96753569|001
pgPackingMaterial|95950062|001
pgArtwork|97485288|002
pgPackingMaterial|97457449|001
pgArtwork|96318546|001
pgPackingMaterial|96318547|001
pgPackingMaterial|92345740|003
pgArtwork|92345974|001
pgArtwork|96311068|001
pgPackingMaterial|96936931|001
pgArtwork|96188095|002
pgPackingMaterial|96994280|002
pgPackingMaterial|90802578|002
pgPackingMaterial|99855190|002
pgArtwork|96924928|001
pgPackingMaterial|96922323|002
pgPackingMaterial|96944848|001
pgArtwork|96833973|001
pgPackingMaterial|96830016|001
pgArtwork|96833965|001
pgPackingMaterial|96746766|001
pgPackingMaterial|99594252|001
pgArtwork|99594253|001
pgArtwork|96658384|001
pgPackingMaterial|96384301|001
pgPackingMaterial|97465036|001
pgArtwork|97032978|001
pgPackingMaterial|97023694|001
pgArtwork|96850957|001
pgPackingMaterial|96850867|002
pgPackingMaterial|97484843|001
pgArtwork|97485286|001
pgArtwork|92280150|001
pgArtwork|99615045|001
pgPackingMaterial|96329039|002
pgArtwork|96329040|001
pgPackingMaterial|92123239|001
pgArtwork|92263802|001
pgArtwork|92363085|001
pgPackingMaterial|96411091|003
pgArtwork|96411090|001
pgPackingMaterial|90661913|002
pgPackingMaterial|97139757|001
pgArtwork|97139761|001
pgPackingMaterial|97092631|001
pgArtwork|97092832|001
pgArtwork|96783458|001
pgPackingMaterial|97295809|001
pgPackingMaterial|97075449|001
pgArtwork|97081518|001
pgPackingMaterial|96869329|003
pgArtwork|96890015|002
pgArtwork|90788987|001
pgArtwork|96869837|002
pgPackingMaterial|96869836|001
pgArtwork|96985493|001
pgPackingMaterial|96990269|002
pgPackingMaterial|96768266|003
pgPackingMaterial|97092628|001
pgArtwork|97092828|001
pgPackingMaterial|90760086|002
pgPackingMaterial|92345737|003
pgArtwork|92345971|001
pgPackingMaterial|96411086|002
pgArtwork|96411089|001
pgMasterPackingMaterial|92345418|001
pgArtwork|90836823|001
pgIllustration|99655628|001
pgPackingMaterial|90814250|002
pgPackingMaterial|97092626|001
pgArtwork|97092728|001
pgPackingMaterial|90978100|002
pgPackingMaterial|92345742|003
pgArtwork|92345976|001
pgArtwork|92000214|001
pgArtwork|96850746|001
pgPackingMaterial|96683942|001
pgArtwork|90565195|001
pgPackingMaterial|90565194|002
pgPackingMaterial|96864435|001
pgArtwork|96864440|001
pgPackingMaterial|97301048|001
pgArtwork|97301047|001
pgArtwork|96859329|001
pgPackingMaterial|96859330|001
pgPackingMaterial|90760095|002
pgPackingMaterial|90760096|002
pgPackingMaterial|97216194|002
pgPackingMaterial|90683410|004
pgPackingMaterial|90978163|003
pgArtwork|92363088|001
pgArtwork|90815756|001
pgPackingMaterial|96365626|001
pgArtwork|96369806|001
pgArtwork|96509338|001
pgPackingMaterial|96509340|002
pgArtwork|92348492|001
pgPackingMaterial|96580735|001
pgArtwork|96388365|001
pgPackingMaterial|92346212|002
pgArtwork|92348491|001
pgPackingMaterial|90760089|002
pgPackingMaterial|94528400|002
pgArtwork|94530046|001
pgArtwork|96318263|001
pgPackingMaterial|96368260|001
pgPackingMaterial|97094191|001
pgArtwork|97113373|001
pgPackingMaterial|90735654|002
pgPackingMaterial|90661839|002
pgPackingMaterial|90760098|002
pgArtwork|96924927|001
pgPackingMaterial|96922322|001
pgArtwork|92345298|001
pgArtwork|97311815|001
pgPackingMaterial|97310069|001
pgPackingMaterial|96554296|001
pgArtwork|96833964|001
pgPackingMaterial|90683397|003
pgPackingMaterial|97069466|002
pgArtwork|96703002|001
pgPackingMaterial|96702935|001
pgPackingMaterial|97023691|001
pgArtwork|97032976|001
pgPackingMaterial|91079165|001
pgArtwork|91076452|001
pgArtwork|96515214|001
pgArtwork|90866051|001
pgPackingMaterial|97039612|001
pgArtwork|97061275|001
pgPackingMaterial|96318259|001
pgArtwork|96368145|001
pgArtwork|97092726|001
pgPackingMaterial|97092565|001
pgPackingMaterial|97341936|003
pgPackingMaterial|90661996|002
pgArtwork|91080409|001
pgPackingMaterial|91079084|001
pgArtwork|97092723|001
pgPackingMaterial|97092545|001
pgArtwork|97081520|001
pgPackingMaterial|97075456|001
pgArtwork|97484653|001
pgPackingMaterial|97477877|002
pgPackingMaterial|90737553|001
pgArtwork|90737554|002
pgArtwork|96315779|001
pgArtwork|96365011|001
pgPackingMaterial|96364998|002
pgPackingMaterial|96368649|001
pgArtwork|96368648|001
pgPackingMaterial|97472898|002
pgPackingMaterial|90862107|001
pgPackingMaterial|96388512|003
pgArtwork|96488062|001
pgPackingMaterial|97072907|002
pgIllustration|97086560|001
pgArtwork|97073201|001
pgPackingMaterial|90736657|002
pgPackingMaterial|90661909|002
pgArtwork|96218468|001
pgPackingMaterial|96218474|002
pgArtwork|97484649|001
pgPackingMaterial|97472925|002
pgPackingMaterial|92008751|005
pgArtwork|99653166|001
pgPackingMaterial|92037228|001
pgArtwork|96230618|001
pgPackingMaterial|96230750|001
pgPackingMaterial|90662083|002
pgPackingMaterial|92037052|001
pgArtwork|92327352|001
pgArtwork|92000209|001
pgPackingMaterial|99951344|001
pgPackingMaterial|97472921|002
pgArtwork|97484647|001
pgPackingMaterial|90661833|003
pgArtwork|90866049|001
pgPackingMaterial|90853921|001
pgArtwork|90661979|002
pgPackingMaterial|90737555|001
pgArtwork|97380411|001
pgPackingMaterial|97380409|001
pgPackingMaterial|90805175|002
pgPackingMaterial|96368388|002
pgArtwork|96368387|001
pgArtwork|92345097|001
pgArtwork|92339029|001
pgPackingMaterial|96143262|002
pgPackingMaterial|90760088|003
pgPackingMaterial|96476088|001
pgArtwork|96476089|001
pgPackingMaterial|96802241|001
pgArtwork|96802277|001
pgPackingMaterial|97121150|001
pgArtwork|97121152|001
pgPackingMaterial|90683420|004
pgPackingMaterial|96364977|002
pgArtwork|96365006|001
pgPackingMaterial|97221837|001
pgArtwork|97221899|001
pgArtwork|96329042|001
pgPackingMaterial|94528393|002
pgArtwork|96159021|001
pgPackingMaterial|96869330|001
pgArtwork|96869467|002
pgPackingMaterial|96218473|003
pgArtwork|96218467|001
pgPackingMaterial|99989281|002
pgArtwork|92000213|001
pgArtwork|96222245|001
pgPackingMaterial|90661835|003
pgPackingMaterial|99841391|002
pgPackingMaterial|96859325|001
pgArtwork|96859323|001
pgPackingMaterial|94531244|004
pgArtwork|92398827|001
pgPackingMaterial|96364996|002
pgArtwork|96365007|001
pgPackingMaterial|97085846|002
pgArtwork|92345301|001
pgArtwork|91090977|001
pgPackingMaterial|90924658|001
pgPackingMaterial|92363956|002
pgArtwork|92364073|001
pgArtwork|90866130|001
pgPackingMaterial|96211363|002
pgArtwork|96203945|001
pgPackingMaterial|90758495|003
pgPackingMaterial|92014670|001
pgArtwork|92263870|001
pgPackingMaterial|99537995|001
pgArtwork|92263808|001
pgArtwork|94530043|001
pgPackingMaterial|94528397|002
pgPackingMaterial|97097221|001
pgArtwork|97153207|001
pgPackingMaterial|96328974|004
pgArtwork|96328975|001
pgPackingMaterial|97222116|001
pgArtwork|97222117|001
pgPackingMaterial|90737939|003
pgPackingMaterial|90768513|002
pgArtwork|97222115|001
pgPackingMaterial|97222114|001
pgPackingMaterial|90683399|003
pgPackingMaterial|96580736|001
pgArtwork|96402532|001
pgPackingMaterial|96318260|001
pgArtwork|96318262|001
pgArtwork|90737656|002
pgPackingMaterial|90737655|001
pgPackingMaterial|97092553|001
pgArtwork|97092725|001
pgPackingMaterial|97555251|001
pgArtwork|97485283|003
pgPackingMaterial|90787238|001
pgPackingMaterial|96901915|001
pgArtwork|96831327|001
pgPackingMaterial|96328978|002
pgArtwork|96328979|001
pgArtwork|92399040|001
pgArtwork|96706701|001
pgPackingMaterial|96706697|001
pgPackingMaterial|96828360|001
pgArtwork|96833968|001
pgPackingMaterial|96882534|001
pgArtwork|96890008|001
pgPackingMaterial|97094188|001
pgArtwork|97113369|001
pgArtwork|92345297|001
pgArtwork|90815746|001
pgPackingMaterial|90815744|002
pgArtwork|96275980|001
pgPackingMaterial|96228295|002
pgArtwork|96228239|001
pgPackingMaterial|92072654|002
pgArtwork|92239515|001
pgPackingMaterial|96625700|001
pgArtwork|96635135|001
pgPackingMaterial|96370300|002
pgArtwork|96370171|001
pgArtwork|97075454|001
pgPackingMaterial|97118372|001
pgPackingMaterial|92363089|002
pgArtwork|92363090|001
pgPackingMaterial|97216138|002
pgPackingMaterial|96850821|003
pgPackingMaterial|96882530|001
pgArtwork|96889887|001
pgPackingMaterial|90661914|003
pgPackingMaterial|90978084|001
pgArtwork|91000482|001
pgPackingMaterial|96381544|001
pgArtwork|96381546|001
pgArtwork|97485189|003
pgPackingMaterial|97555250|001
pgArtwork|90866048|001
pgPackingMaterial|90978098|002
pgPackingMaterial|97058781|001
pgArtwork|97058782|001
pgPackingMaterial|97075455|002
pgArtwork|92345159|001
pgArtwork|96365900|001
pgPackingMaterial|96365347|001
pgPackingMaterial|99971453|001
pgArtwork|96800938|001
pgPackingMaterial|96691846|001
pgArtwork|96693876|001
pgPackingMaterial|90596216|001
pgArtwork|90738166|002
pgPackingMaterial|96869331|003
pgPackingMaterial|90661908|003
pgIllustration|92344990|001
pgPackingMaterial|92344827|001
pgPackingMaterial|96230752|002
pgArtwork|96230747|001
pgArtwork|92345474|001
pgPackingMaterial|92346203|002
pgArtwork|92348363|001
pgPackingMaterial|97075448|002
pgPackingMaterial|97341937|002
pgPackingMaterial|90661986|002
pgPackingMaterial|96364999|001
pgArtwork|96365012|001
pgPackingMaterial|97472923|002
pgArtwork|97481538|001
pgPackingMaterial|96802242|001
pgArtwork|96802278|001
pgPackingMaterial|97472919|002
pgArtwork|97481534|001
pgArtwork|92345198|001
pgMasterPackingMaterial|60007479|004
pgArtwork|91119329|001
pgPackingMaterial|90758651|004
pgPackingMaterial|90787511|003
pgPackingMaterial|91095638|001
pgPackingMaterial|91093608|001
pgArtwork|91093609|001
pgArtwork|91095639|001
pgArtwork|90866942|001
pgIllustration|99538444|003
pgArtwork|91106487|001
pgPackingMaterial|90875856|003
pgArtwork|91119331|001
pgPackingMaterial|91020389|001
pgArtwork|91106488|001
pgArtwork|91119445|001
pgPackingMaterial|90878441|003
pgPackingMaterial|91129828|001
pgPackingMaterial|91129827|001
pgPackingMaterial|91129830|001
pgPackingMaterial|91129829|001
pgPackingMaterial|91129825|001
pgArtwork|91137581|001
pgArtwork|91137582|001
pgArtwork|91137580|001
pgArtwork|91154016|001
pgPackingMaterial|91079187|001
pgArtwork|91154015|001
pgPackingMaterial|91150588|001
pgArtwork|91154017|001
pgPackingMaterial|91117701|001
pgArtwork|91157577|001
pgArtwork|91157578|001
pgPackingMaterial|91150590|001
pgArtwork|91085630|001
pgPackingMaterial|91110012|001
pgArtwork|91085631|001
pgPackingMaterial|91138314|001
pgArtwork|91085628|001
pgPackingMaterial|91109875|001
pgArtwork|91085629|001
pgPackingMaterial|91120265|001
pgArtwork|91085576|001
pgPackingMaterial|91078574|001
pgPackingMaterial|91078572|001
pgArtwork|91168266|001
pgPackingMaterial|91173306|001
pgPackingMaterial|91173308|001
pgArtwork|91164046|002
pgArtwork|91173887|001
pgArtwork|91164047|002
pgArtwork|91164045|002
pgArtwork|91164044|002
pgArtwork|91183252|001
pgArtwork|91183253|001
pgPackingMaterial|91188495|001
pgPackingMaterial|91188493|001
pgPackingMaterial|91188399|001
pgPackingMaterial|91188494|001
pgPackingMaterial|91186210|001
pgArtwork|91187238|001
pgArtwork|91275223|001
pgArtwork|91275502|001
pgArtwork|91275501|001
pgArtwork|91275503|001
pgArtwork|91275500|001
pgArtwork|91204150|001
pgPackingMaterial|90853917|002
pgPackingMaterial|90636232|002
pgPackingMaterial|90853933|002
pgPackingMaterial|90853928|002
pgPackingMaterial|90853656|002
pgPackingMaterial|90853926|002
pgPackingMaterial|90853927|002
pgPackingMaterial|90999243|003
pgPackingMaterial|95510465|002
pgIllustration|91078401|001
pgIllustration|91078398|001
pgIllustration|91079167|001
pgIllustration|91245213|001
pgPackingMaterial|91237020|001
pgIllustration|91244941|001
pgPackingMaterial|91236613|001
pgArtwork|91242771|001
pgPackingMaterial|91237018|001
pgArtwork|91242768|001
pgPackingMaterial|91154020|001
pgArtwork|91242769|001
pgPackingMaterial|91236609|001
pgArtwork|91242770|001
pgPackingMaterial|91237017|001
pgArtwork|91246545|001
pgArtwork|91258484|001
pgArtwork|91258485|001
pgArtwork|91246507|001
pgArtwork|91246546|001
pgArtwork|91258126|001
pgPackingMaterial|91242321|003
pgPackingMaterial|91268565|001
pgArtwork|91346161|001
pgIllustration|91258353|002
pgIllustration|91114323|002
pgArtwork|91358469|001
pgPackingMaterial|91358470|001
pgArtwork|91408143|001
pgArtwork|91416498|001
pgArtwork|91416597|001
pgArtwork|91425933|001
pgArtwork|91427211|001
pgArtwork|91426830|001
pgPackingMaterial|91416561|002
pgArtwork|91337263|001
pgPackingMaterial|91416560|002
pgArtwork|91426826|001
pgPackingMaterial|91416562|002
pgPackingMaterial|91435574|001
pgArtwork|91426823|001
pgPackingMaterial|91416557|002
pgPackingMaterial|91425588|001
pgArtwork|91426828|001
pgPackingMaterial|91416555|002
pgArtwork|91426825|001
pgPackingMaterial|91416556|002
pgArtwork|91418694|001
pgArtwork|91332726|001
pgArtwork|91418798|001
pgArtwork|91426945|001
pgPackingMaterial|94538457|002
pgArtwork|91337174|001
pgPackingMaterial|99971007|002
pgArtwork|91426948|001
pgPackingMaterial|91416564|002
pgArtwork|91426947|001
pgPackingMaterial|91416558|002
pgArtwork|91426946|001
pgPackingMaterial|91416563|002
pgArtwork|91377031|001
pgPackingMaterial|91416559|002
pgArtwork|91454381|001
pgArtwork|91455205|001
pgPackingMaterial|91455204|001
pgPackingMaterial|91268564|002
pgArtwork|91491590|001
pgPackingMaterial|91435693|002
pgArtwork|91497505|001
pgPackingMaterial|91486200|002
pgPackingMaterial|91486102|002
pgPackingMaterial|91486856|002
pgArtwork|91486858|001
pgArtwork|91487013|001
pgArtwork|91486857|001
pgArtwork|91510835|001
pgArtwork|90799554|001
pgArtwork|91459903|001
pgPackingMaterial|91110014|001
pgArtwork|91510836|001
pgArtwork|91517045|001
pgArtwork|90597866|001
pgArtwork|91520986|001
pgPackingMaterial|90691177|002
pgArtwork|91529742|001
pgArtwork|91565231|001
pgPackingMaterial|91565222|001
pgPackingMaterial|91459504|003
pgPackingMaterial|91575363|001
pgArtwork|91578001|001
pgIllustration|91578127|001
pgPackingMaterial|91575481|001
pgPackingMaterial|91591004|001
pgPackingMaterial|91590101|001
pgPackingMaterial|91602592|001
pgPackingMaterial|91602588|001
pgIllustration|91392943|003
pgArtwork|91638630|001
pgArtwork|91693929|001
pgArtwork|91695245|001
pgArtwork|91709207|001
pgArtwork|91709208|001
pgArtwork|91712391|001
pgArtwork|91712432|001
pgArtwork|91712433|001
pgArtwork|91712392|001
pgArtwork|91712434|001
pgArtwork|91712431|001
pgArtwork|91712393|001
pgPackingMaterial|91599250|002
pgPackingMaterial|91176857|002
pgPackingMaterial|91176860|002
pgPackingMaterial|96595265|002
pgArtwork|91177947|001
pgArtwork|91176852|001
pgArtwork|91176897|001
pgArtwork|91176858|001
pgArtwork|96595279|001
pgArtwork|91709028|001
pgArtwork|91708937|001
pgArtwork|91708938|001
pgArtwork|91709029|001
pgPackingMaterial|91111812|002
pgPackingMaterial|91642995|002
pgArtwork|91111814|001
pgArtwork|91643025|001
pgArtwork|91712390|001
pgArtwork|91718703|001
pgArtwork|91718573|001
pgArtwork|91595300|001
pgArtwork|91595303|001
pgArtwork|91595302|001
pgArtwork|91595301|001
pgArtwork|91594208|001
pgArtwork|91724859|001
pgArtwork|91725924|001
pgArtwork|91725901|001
pgArtwork|91725925|001
Test Method Specification|95195869|003
pgPackingMaterial|91718394|001
pgIllustration|91529609|002
pgIllustration|91425932|002
pgIllustration|91529514|002
pgIllustration|90593324|005
pgIllustration|91529608|002
pgIllustration|91529515|002
pgArtwork|91603343|001
pgPackingMaterial|91728522|001
pgArtwork|91728523|001
pgPackingMaterial|91150713|001
pgPackingMaterial|91150710|001
pgPackingMaterial|91728822|001
pgMasterPackagingMaterialPart|MPMP-00030733|001
Packaging Material Part|99576771|003
Packaging Material Part|95497585|002
pgMasterPackagingMaterialPart|MPMP-00030728|001
Packaging Material Part|95510468|003
pgMasterPackagingMaterialPart|MPMP-00030725|001
Packaging Material Part|91245708|002
pgMasterPackagingMaterialPart|MPMP-00030734|001
Packaging Material Part|95520861|003
pgMasterPackagingMaterialPart|MPMP-00030727|001
Packaging Material Part|91436890|003
pgMasterPackagingMaterialPart|MPMP-00030724|001
Packaging Material Part|91110013|002
Packaging Material Part|91138313|002
Packaging Material Part|91268568|003
Packaging Material Part|91425633|002
Packaging Material Part|91078826|002
pgPackingMaterial|91708859|002
Packaging Material Part|91073213|003
pgArtwork|91712203|001
pgArtwork|91275224|001
Packaging Material Part|91186265|002
Packaging Material Part|91186211|002
pgPackingMaterial|91150714|001
pgPackingMaterial|91150711|001
Packaging Material Part|91173305|002
pgMasterPackagingMaterialPart|MPMP-00030463|001
Packaging Material Part|91181861|002
Packaging Material Part|91049863|004
Packaging Material Part|91458709|003
pgMasterPackagingMaterialPart|MPMP-00040705|001
Packaging Material Part|90861980|002
Packaging Material Part|90853763|003
Packaging Material Part|90852999|004
Packaging Material Part|91149253|003
Packaging Material Part|91458793|003
Packaging Material Part|91458712|003
Packaging Material Part|90924653|003
pgMasterPackagingMaterialPart|MPMP-00030467|001
Packaging Material Part|91242324|002
Packaging Material Part|91459044|003
Packaging Material Part|90862054|002
Packaging Material Part|91459423|003
Packaging Material Part|90853923|003
pgMasterPackagingMaterialPart|MPMP-00040721|001
Packaging Material Part|90875578|004
pgArtwork|91718702|002
pgArtwork|91750668|001
pgPackingMaterial|91643111|001
Packaging Material Part|91078576|002
Packaging Material Part|91245709|002
Packaging Material Part|90815749|003
Packaging Material Part|90853915|003
Packaging Material Part|91700739|001
Packaging Material Part|91514896|002
Packaging Material Part|90924652|003
Packaging Material Part|91256196|003
pgMasterPackagingMaterialPart|MPMP-00047907|001
Packaging Material Part|90815751|003
Packaging Material Part|90815757|003
pgMasterPackagingMaterialPart|MPMP-00047908|001
Packaging Material Part|90815755|003
Packaging Material Part|90815747|003
pgMasterPackagingMaterialPart|MPMP-00047901|001
Packaging Material Part|90815753|003
pgMasterPackagingMaterialPart|MPMP-00047895|001
pgMasterPackagingMaterialPart|MPMP-00047938|001
Packaging Material Part|90647499|003
Packaging Material Part|91049717|002
Packaging Material Part|90661841|002
Packaging Material Part|99840307|003
Packaging Material Part|90957398|002
pgArtwork|91759331|001
pgArtwork|96297156|001
pgArtwork|91615788|001
pgArtwork|91616130|001
pgArtwork|91477107|001
pgArtwork|99774537|001
pgArtwork|91615861|001
pgArtwork|91615698|001
pgArtwork|91614818|001
pgIllustration|91242443|003
pgIllustration|99832551|003
pgArtwork|POA-00053462|001
Packaging Material Part|91637616|004
Packaging Material Part|91645600|003
Packaging Material Part|91645597|003
Packaging Material Part|91637595|003
Packaging Material Part|91645089|002
Packaging Material Part|91634959|002
Packaging Material Part|91635049|002
Packaging Material Part|91892301|002
pgArtwork|POA-10014663|001
Packaging Material Part|91593673|003
Packaging Material Part|91718524|002
Packaging Material Part|91718523|002
Packaging Material Part|91718526|003
Packaging Material Part|91718525|003
Packaging Material Part|91637732|003
Packaging Material Part|91638011|003
Packaging Material Part|91662802|004
Packaging Material Part|91636704|004
Packaging Material Part|91645451|003
Packaging Material Part|91645142|004
Packaging Material Part|91645141|003
Packaging Material Part|91645450|003
Packaging Material Part|91645392|003
pgMasterPackagingMaterialPart|MPMP-00040714|003
pgMasterPackagingMaterialPart|MPMP-00040719|003
pgMasterPackagingMaterialPart|MPMP-00040710|003
pgMasterPackagingMaterialPart|MPMP-00040704|003
pgMasterPackagingMaterialPart|MPMP-00040692|003
pgMasterPackagingMaterialPart|MPMP-00030464|003
Packaging Material Part|91892005|002
pgArtwork|POA-10014993|001
Packaging Material Part|91972416|001
Packaging Material Part|91892009|002
Packaging Material Part|91875988|002
pgArtwork|POA-10016549|001
pgArtwork|POA-10016554|001
pgArtwork|POA-00076664|001
pgArtwork|POA-00076668|001
Packaging Material Part|91712445|004
Packaging Material Part|91637121|005
Packaging Material Part|91634962|004
Packaging Material Part|91635260|004
Packaging Material Part|91635051|005
Packaging Material Part|91347185|001
Packaging Material Part|90599805|001
Packaging Material Part|90599866|001
Packaging Material Part|91336417|001
pgArtwork|POA-10020020|001
pgArtwork|POA-10020016|001
pgArtwork|POA-10020025|001
pgArtwork|POA-10020014|001
Packaging Material Part|90955690|002
pgArtwork|POA-00098715|001
Packaging Material Part|91973296|001
pgArtwork|POA-10023254|001
Packaging Material Part|91439459|002
Packaging Material Part|91990947|003
pgArtwork|POA-10023507|001
pgMasterPackagingMaterialPart|MPMP-00040717|002
Packaging Material Part|90666137|004
Packaging Material Part|90955689|005
Packaging Material Part|91682733|002
POA|POA-00113976|001
pgArtwork|POA-10025242|001
pgArtwork|POA-10025239|001
pgMasterPackagingMaterialPart|MPMP-00040720|002
Packaging Material Part|91732066|003
Packaging Material Part|90588726|002
pgArtwork|POA-10028265|001
POA|POA-00131266|001
POA|POA-00131269|001
POA|POA-00131268|001
pgPackingInstructions|96350236|004
pgMasterPackagingMaterialPart|MPMP-00074951|003
Packaging Material Part|90594747|003
POA|POA-00150708|001
pgMasterPackagingMaterialPart|MPMP-00092606|001
pgIllustration|ILST-00032954|001
pgArtwork|POA-10035793|001
Packaging Material Part|90887221|002
Packaging Material Part|90986345|001
pgMasterPackagingMaterialPart|MPMP-00094587|004
pgIllustration|ILST-00030729|002
Packaging Material Part|91041250|002
pgArtwork|POA-10040215|001
Packaging Material Part|91226870|001
pgIllustration|95532983|001
pgIllustration|95544774|001
pgIllustration|95527314|001
pgIllustration|60052376|001
pgIllustration|95527315|001
pgIllustration|95527313|001
pgIllustration|60052375|001
pgIllustration|95546537|001
pgIllustration|95527312|001
pgIllustration|60052447|001
pgIllustration|95546536|001
pgQualitySpecification|95364257|002
pgMasterPackagingMaterialPart|MPMP-00047890|002
pgMasterPackagingMaterialPart|MPMP-00047870|002
pgMasterPackagingMaterialPart|MPMP-00047876|002
pgIllustration|ILST-00040380|001
pgMasterPackagingMaterialPart|MPMP-00040723|002
Packaging Material Part|91478366|001
pgIllustration|ILST-00037976|001
pgMasterPackagingMaterialPart|MPMP-00103081|003
pgMasterPackagingMaterialPart|MPMP-00037797|002
pgMasterPackagingMaterialPart|MPMP-00030761|002
pgIllustration|ILST-00020957|001
pgMasterPackagingMaterialPart|MPMP-00037796|003
pgMasterPackagingMaterialPart|MPMP-00030732|002
pgIllustration|91078406|001
pgMasterPackagingMaterialPart|MPMP-00030723|002
pgMasterPackagingMaterialPart|MPMP-00030729|002
pgIllustration|91416317|001
pgMasterPackagingMaterialPart|MPMP-00037899|003
pgArtwork|POA-10047193|001
Packaging Material Part|91610592|002
Packaging Material Part|91598037|002
pgArtwork|POA-10047194|001
pgArtwork|POA-10047273|001
Packaging Material Part|91687204|001
POA|POA-00233598|001
Packaging Material Part|91672699|001
pgArtwork|POA-10048834|001
Packaging Material Part|91937442|001
pgArtwork|POA-10054142|001
pgMasterPackagingMaterialPart|MPMP-00040713|002
pgIllustration|ILST-00057430|001
Packaging Material Part|90038983|002
Packaging Material Part|90061757|002
pgArtwork|POA-10058955|001
pgArtwork|POA-10058957|001
Packaging Material Part|90059300|002
POA|POA-00301847|001
pgMasterPackagingMaterialPart|MPMP-00040697|003
pgMasterPackagingMaterialPart|MPMP-00141582|001
pgIllustration|ILST-00067766|001
Packaging Material Part|90244318|001
Packaging Material Part|90238421|001
Packaging Material Part|MEP-00010456|1
Packaging Assembly Part|MEP-00010457|1
Packaging Material Part|MEP-00020433|1
pgMasterPackingMaterial|98575521|004
pgMasterPackingMaterial|98573357|003
pgIllustration|95660614|003
Test Method Specification|95089578|001
pgQualitySpecification|60080519|001
pgArtwork|92298960|001
pgPackingMaterial|92210038|003
pgSupplierInformationSheet|98911900|001
pgArtwork|98869631|001
pgPackingMaterial|98846366|002
pgIllustration|95860129|004
pgIllustration|95860124|003
pgMasterPackingMaterial|95782676|003
pgMasterPackingMaterial|95784046|003
pgMasterPackingMaterial|95192110|003
pgIllustration|95784490|006
pgArtwork|90961456|001
pgArtwork|90961980|001
pgArtwork|90961984|001
pgArtwork|90961982|001
pgIllustration|95710445|009
pgIllustration|95784369|006
pgIllustration|95784385|007
pgIllustration|95824121|003
pgArtwork|91004993|001
pgArtwork|91004994|001
pgArtwork|91004992|001
pgArtwork|91004995|001
pgIllustration|95784477|007
pgIllustration|95784379|007
pgPackingMaterial|90946114|001
pgPackingMaterial|90946102|001
pgPackingMaterial|90946115|001
pgIllustration|95858173|010
pgPackingMaterial|90946103|001
pgArtwork|91022844|001
pgArtwork|91027106|001
pgArtwork|91027108|001
pgArtwork|91027110|001
pgArtwork|91027703|001
pgPackingMaterial|90891447|002
pgPackingMaterial|90891349|002
pgPackingMaterial|90889123|002
pgPackingMaterial|90889222|002
pgPackingMaterial|90890346|002
pgPackingMaterial|90891437|002
pgPackingMaterial|90888941|002
pgArtwork|91020432|001
pgPackingMaterial|90888946|002
pgPackingMaterial|90890365|002
pgPackingMaterial|90888952|002
pgArtwork|91020433|001
pgPackingMaterial|90891358|002
pgPackingMaterial|90889224|002
pgArtwork|91016375|001
pgPackingMaterial|90890325|002
pgArtwork|91020434|001
pgArtwork|91020153|001
pgArtwork|91029362|001
pgArtwork|91029363|001
pgArtwork|91029364|001
pgArtwork|91031217|001
pgArtwork|91031218|001
pgArtwork|91031213|001
pgArtwork|91031215|001
pgArtwork|91035942|001
pgArtwork|91035944|001
pgArtwork|91035943|001
pgArtwork|91035941|001
pgArtwork|91035947|001
pgArtwork|91035945|001
pgPackingMaterial|90881871|002
pgPackingMaterial|90881912|002
pgPackingMaterial|90881845|002
pgPackingMaterial|90881913|002
pgArtwork|91038074|001
pgArtwork|91038076|001
pgArtwork|91038077|001
pgArtwork|91038079|001
pgArtwork|91038075|001
pgArtwork|91038400|001
pgArtwork|91040319|001
pgArtwork|91042336|001
pgArtwork|91046576|001
pgArtwork|91046578|001
pgIllustration|95790993|004
pgIllustration|95791019|004
pgIllustration|95811954|014
pgIllustration|98757191|002
pgIllustration|96906766|002
pgMasterPackingMaterial|95960949|012
pgPackingMaterial|90998770|001
pgPackingMaterial|90890343|003
pgIllustration|95951240|002
pgPackingMaterial|91020064|001
pgPackingMaterial|91018873|001
pgIllustration|95803053|003
pgPackingMaterial|91012360|001
pgPackingMaterial|91020142|001
pgPackingMaterial|91018572|001
pgPackingMaterial|91018791|001
pgPackingMaterial|91018786|001
pgPackingMaterial|91018819|001
pgIllustration|95807157|003
pgPackingMaterial|91018663|001
pgPackingMaterial|91018818|001
pgPackingMaterial|91018575|001
pgPackingMaterial|91018872|001
pgPackingMaterial|91020141|001
pgPackingMaterial|91012424|001
pgPackingMaterial|91012484|001
pgPackingMaterial|91012480|001
pgPackingMaterial|91020067|001
pgMasterPackingMaterial|90921537|002
pgPackingMaterial|91077980|001
pgIllustration|90896293|002
pgIllustration|90714595|004
pgPackingMaterial|91077978|001
pgIllustration|90854581|001
pgMasterPackingMaterial|91029204|001
pgPackingMaterial|91081241|001
pgIllustration|90954162|001
pgPackingMaterial|91077417|001
pgIllustration|90719001|001
pgMasterPackingMaterial|91083741|001
pgIllustration|99683040|002
pgIllustration|98976977|007
pgIllustration|92172463|004
pgIllustration|99461615|002
pgArtwork|91094521|001
pgArtwork|91094522|001
pgArtwork|91094523|001
pgPackingMaterial|91071115|001
pgPackingMaterial|91071121|001
pgPackingMaterial|91071043|001
pgPackingMaterial|91071145|001
pgPackingMaterial|91071035|001
pgPackingMaterial|91071042|001
pgPackingMaterial|91071034|001
pgPackingMaterial|91071148|001
pgPackingMaterial|91062341|001
pgIllustration|97426306|001
pgPackingMaterial|91070342|001
pgIllustration|95860133|007
pgPackingMaterial|91058404|001
pgIllustration|90854582|001
pgPackingMaterial|91052974|001
pgPackingMaterial|91058515|001
pgPackingMaterial|91062349|001
pgPackingMaterial|91070466|001
pgPackingMaterial|91070353|001
pgPackingMaterial|91062276|001
pgPackingMaterial|91070476|001
pgIllustration|96983194|002
pgPackingMaterial|91104370|001
pgPackingMaterial|91100816|001
pgPackingMaterial|91104374|001
pgPackingMaterial|91100832|001
pgIllustration|91009541|001
pgPackingMaterial|91100817|001
pgArtwork|91115189|001
pgArtwork|91115206|001
pgArtwork|91115207|001
pgIllustration|92368723|002
pgPackingMaterial|91070346|001
pgPackingMaterial|91070340|001
pgPackingMaterial|91070352|001
pgPackingMaterial|91070318|001
pgPackingMaterial|91062340|001
pgPackingMaterial|91070463|001
pgIllustration|99564048|002
pgPackingMaterial|91052972|001
pgPackingMaterial|91104366|001
pgIllustration|98715766|003
pgPackingMaterial|91062274|001
pgPackingMaterial|91062348|001
pgPackingMaterial|91046557|001
pgPackingMaterial|91070475|001
pgPackingMaterial|91058513|001
pgPackingMaterial|91058403|001
pgMasterPackingMaterial|91104585|001
pgIllustration|97045975|001
pgPackingMaterial|91122072|001
pgIllustration|97041076|001
pgPackingMaterial|91122099|001
pgIllustration|97593668|001
pgPackingMaterial|91121980|001
pgPackingMaterial|91109352|001
pgPackingMaterial|91122045|001
pgPackingMaterial|91122037|001
pgArtwork|91128181|001
pgArtwork|91128179|001
pgArtwork|91128178|001
pgArtwork|91128176|001
pgArtwork|91128183|001
pgArtwork|91131827|001
pgIllustration|95861325|004
pgIllustration|95861211|003
pgPackingMaterial|91131668|001
pgPackingMaterial|91123620|001
pgPackingMaterial|91131676|001
pgPackingMaterial|91131675|001
pgPackingMaterial|91131666|001
pgPackingMaterial|91129494|001
pgPackingMaterial|91129501|001
pgPackingMaterial|91129414|001
pgPackingMaterial|91129435|001
pgArtwork|91145444|001
pgArtwork|91145691|001
pgArtwork|91145692|001
pgArtwork|91147564|001
pgArtwork|91147563|001
pgArtwork|91151463|001
pgArtwork|91151461|001
pgArtwork|91154467|001
pgArtwork|91154364|001
pgArtwork|91161810|001
pgArtwork|91161808|001
pgArtwork|91162564|001
pgArtwork|91164993|001
pgArtwork|91166110|001
pgArtwork|91166112|001
pgArtwork|91166111|001
pgArtwork|91166117|001
pgArtwork|91166108|001
pgArtwork|91166109|001
pgArtwork|91166118|001
pgArtwork|91166975|001
pgArtwork|91169753|001
pgArtwork|91170100|001
pgArtwork|91170333|001
pgArtwork|91170331|001
pgArtwork|91170429|001
pgArtwork|91170427|001
pgArtwork|91170430|001
pgArtwork|91172094|001
pgPackingMaterial|91136769|001
pgPackingMaterial|91169958|001
pgPackingMaterial|91136625|001
pgPackingMaterial|91169956|001
pgPackingMaterial|91169961|001
pgPackingMaterial|91122409|001
pgArtwork|91182686|001
pgArtwork|91182687|001
pgIllustration|95779399|006
pgArtwork|91193597|001
pgArtwork|91193598|001
pgIllustration|95792403|009
pgPackingMaterial|91169622|001
pgIllustration|96257349|007
pgPackingMaterial|91169491|001
pgIllustration|95803541|003
pgIllustration|95829271|004
pgIllustration|95861327|004
pgPackingMaterial|91179165|001
pgIllustration|91169829|001
pgIllustration|91170799|001
pgPackingMaterial|91179162|001
pgPackingMaterial|91179168|001
pgIllustration|99382699|003
pgPackingMaterial|91179166|001
pgPackingMaterial|91179169|001
pgIllustration|98537699|007
pgPackingMaterial|91179160|001
pgPackingMaterial|91179171|001
pgPackingMaterial|91179173|001
pgIllustration|95803059|011
pgIllustration|98577001|006
pgIllustration|97363740|003
pgIllustration|92199451|006
pgMasterPackingMaterial|96184833|002
pgArtwork|91213875|001
pgArtwork|91213033|001
pgArtwork|91221321|001
pgArtwork|91221322|001
pgArtwork|91221319|001
pgArtwork|91220776|001
pgArtwork|91220779|001
pgArtwork|91221320|001
pgArtwork|91225450|001
pgArtwork|91225453|001
pgPackingMaterial|91081404|001
pgIllustration|96188986|003
pgPackingMaterial|91078110|001
pgArtwork|91228678|001
pgArtwork|91213034|001
pgArtwork|91238039|001
pgArtwork|91238086|001
pgArtwork|91238089|001
pgArtwork|91238094|001
pgArtwork|91238104|001
pgArtwork|91238075|001
pgArtwork|91238092|001
pgArtwork|91238087|001
pgArtwork|91238077|001
pgArtwork|91239426|001
pgPackingMaterial|91173871|001
pgPackingMaterial|91197594|001
pgArtwork|91241510|001
pgArtwork|91241468|001
pgPackingMaterial|91198918|001
pgArtwork|91247930|001
pgArtwork|91248986|001
pgArtwork|91251577|001
pgArtwork|91253054|001
pgArtwork|91253055|001
pgArtwork|91258605|001
pgIllustration|96631137|003
pgArtwork|91239412|001
pgIllustration|99344924|002
pgPackingMaterial|91224617|001
pgIllustration|97218309|001
pgIllustration|96739263|001
pgPackingMaterial|91224550|001
pgIllustration|96983318|001
pgPackingMaterial|91225249|001
pgPackingMaterial|91225896|001
pgIllustration|96554290|002
pgPackingMaterial|91225654|001
pgPackingMaterial|91225663|001
pgPackingMaterial|91224641|001
pgIllustration|96741181|001
pgIllustration|95803921|003
pgIllustration|96364313|002
pgArtwork|91264857|001
pgArtwork|91264855|001
pgArtwork|91161737|001
pgArtwork|91264836|001
pgArtwork|91265300|001
pgPackingMaterial|91123005|002
pgIllustration|98728689|005
pgPackingMaterial|91173280|001
pgIllustration|98758988|005
pgPackingMaterial|91118978|002
pgIllustration|96318736|002
pgPackingMaterial|91169490|001
pgIllustration|96926721|001
pgPackingMaterial|91169621|001
pgIllustration|95792406|003
pgPackingMaterial|91169604|001
pgPackingMaterial|91173048|001
pgPackingMaterial|91132357|002
pgIllustration|97231040|001
pgPackingMaterial|91173383|001
pgPackingMaterial|91134161|002
pgPackingMaterial|91173505|001
pgPackingMaterial|91126038|002
pgPackingMaterial|91169547|001
pgArtwork|91248990|001
pgArtwork|91267132|001
pgArtwork|91267131|001
pgArtwork|91267127|001
pgArtwork|91267128|001
pgArtwork|91268591|001
pgArtwork|91268595|001
pgArtwork|91268592|001
pgArtwork|91268533|001
pgArtwork|91268594|001
pgArtwork|91268593|001
pgArtwork|91157385|001
pgArtwork|91157383|001
pgArtwork|91157381|001
pgArtwork|91083288|001
pgArtwork|97261711|001
pgPackingMaterial|90946095|002
pgPackingMaterial|90946086|002
pgPackingMaterial|90946097|002
pgPackingMaterial|90946088|002
pgArtwork|91273351|001
pgArtwork|91273334|001
pgArtwork|91278117|001
pgArtwork|91273333|001
pgPackingMaterial|91225897|001
pgArtwork|91265821|001
pgArtwork|91284712|001
pgIllustration|95816128|004
pgPackingMaterial|91098932|001
pgIllustration|95809734|004
pgPackingMaterial|91099086|001
pgArtwork|91284815|001
pgArtwork|91228680|001
pgArtwork|91228681|001
pgArtwork|91286004|001
pgArtwork|91286006|001
pgArtwork|91286827|001
pgArtwork|91290888|001
pgArtwork|91281452|001
pgArtwork|91290849|001
pgArtwork|91290928|001
pgArtwork|91291607|001
pgArtwork|91291608|001
pgArtwork|91292471|001
pgArtwork|91292474|001
pgArtwork|91292473|001
pgPackingMaterial|91285139|001
pgIllustration|97367924|001
pgPackingMaterial|91134074|001
pgPackingMaterial|91285089|001
pgIllustration|95866306|004
pgPackingMaterial|91132365|001
pgIllustration|99661242|002
pgPackingMaterial|91285138|001
pgPackingMaterial|91285133|001
pgPackingMaterial|91285088|001
pgPackingMaterial|91132273|001
pgPackingMaterial|91285132|001
pgPackingMaterial|91285120|001
pgPackingMaterial|91134082|001
pgIllustration|95927521|003
pgPackingMaterial|91285122|001
pgPackingMaterial|91131772|001
pgPackingMaterial|91126404|001
pgMasterPackingMaterial|99747947|002
pgPackingMaterial|91091449|001
pgArtwork|91213035|001
pgIllustration|98948571|003
pgIllustration|99640589|004
pgMasterPackingMaterial|96888619|002
pgPackingMaterial|91070883|001
pgArtwork|91296509|001
pgArtwork|91292472|001
pgIllustration|95920968|008
pgPackingMaterial|91091450|001
pgArtwork|91291294|001
pgPackingMaterial|90889129|003
pgArtwork|91300344|001
pgArtwork|91300352|001
pgArtwork|91300349|001
pgIllustration|97326655|004
pgPackingMaterial|91225910|001
pgIllustration|98867834|004
pgPackingMaterial|91225337|001
pgPackingMaterial|91225329|001
pgPackingMaterial|91226354|001
pgIllustration|95866301|003
pgArtwork|91300626|001
pgArtwork|91300625|001
pgPackingMaterial|91226349|001
pgMasterPackingMaterial|91268387|001
pgArtwork|91300627|001
pgArtwork|91291087|001
pgArtwork|92319354|001
pgArtwork|91213036|001
pgArtwork|91302515|001
pgArtwork|91302516|001
pgArtwork|91302542|001
pgArtwork|91302543|001
pgArtwork|91302525|001
pgArtwork|91302518|001
pgArtwork|91302517|001
pgArtwork|91304140|001
pgArtwork|91307674|001
pgArtwork|91264226|001
pgArtwork|91035948|001
pgArtwork|91310082|001
pgArtwork|91310083|001
pgArtwork|91310274|001
pgArtwork|91310192|001
pgArtwork|91310199|001
pgArtwork|91310194|001
pgArtwork|91310490|001
pgArtwork|91312076|001
pgArtwork|91312077|001
pgIllustration|96362726|002
pgPackingMaterial|91299146|001
pgPackingMaterial|91299143|001
pgArtwork|91313717|001
pgArtwork|91316263|001
pgArtwork|91316793|001
pgArtwork|91316797|001
pgArtwork|91318248|001
pgArtwork|91318254|001
pgArtwork|91318256|001
pgIllustration|97230834|001
pgPackingMaterial|91239908|001
pgArtwork|91319955|001
pgArtwork|91320023|001
pgArtwork|91320026|001
pgArtwork|91319956|001
pgArtwork|91319959|001
pgPackingMaterial|90999080|001
pgPackingMaterial|91226601|001
pgIllustration|96265833|008
pgIllustration|97405856|003
pgArtwork|91325349|001
pgArtwork|91325644|001
pgArtwork|91325646|001
pgArtwork|91325643|001
pgArtwork|91325677|001
pgArtwork|91325746|001
pgArtwork|91340801|001
pgArtwork|91340747|001
pgArtwork|91341128|001
pgArtwork|91341130|001
pgArtwork|91341129|001
pgArtwork|91341127|001
pgArtwork|91342313|001
pgArtwork|91344629|001
pgArtwork|91351973|001
pgArtwork|92003839|001
pgArtwork|91352533|001
pgArtwork|91198199|001
pgArtwork|91352535|001
pgArtwork|91352531|001
pgArtwork|98900901|001
pgArtwork|98870067|001
pgArtwork|98908927|001
pgArtwork|98805572|001
pgArtwork|98900766|001
pgArtwork|98894619|001
pgArtwork|91354490|001
pgIllustration|99604652|002
pgIllustration|99563684|002
pgArtwork|92336594|001
pgArtwork|92185382|001
pgArtwork|99645913|001
pgArtwork|99696293|001
pgArtwork|99869826|001
pgArtwork|91356501|001
pgArtwork|91356693|001
pgArtwork|91356499|001
pgArtwork|91356587|001
pgArtwork|91356573|001
pgArtwork|91356578|001
pgArtwork|91356575|001
pgArtwork|91356574|001
pgArtwork|91357219|001
pgArtwork|91357287|001
pgArtwork|91357303|001
pgArtwork|91357215|001
pgArtwork|91357288|001
pgArtwork|91359244|001
pgArtwork|91360917|001
pgArtwork|91361834|001
pgArtwork|91365475|001
pgArtwork|91365452|001
pgArtwork|91365473|001
pgArtwork|91365646|001
pgArtwork|91366723|001
pgArtwork|91366724|001
pgArtwork|91366737|001
pgPackingMaterial|91237340|001
pgPackingMaterial|91237523|001
pgArtwork|91370819|001
pgArtwork|91310276|001
pgArtwork|91373261|001
pgArtwork|91373203|001
pgArtwork|91373283|001
pgArtwork|91373279|001
pgArtwork|91373271|001
pgArtwork|91373275|001
pgArtwork|91390771|001
pgArtwork|91390970|001
pgArtwork|91390968|001
pgPackingMaterial|91237092|001
pgArtwork|91312078|001
pgArtwork|91310275|001
pgArtwork|91397446|001
pgArtwork|91397364|001
pgArtwork|91397443|001
pgArtwork|91397445|001
pgArtwork|91397558|001
pgIllustration|95567544|006
pgArtwork|91411620|001
pgArtwork|91411622|001
pgArtwork|91411626|001
pgArtwork|91419633|001
pgPackingMaterial|91341829|001
pgArtwork|91435473|001
pgArtwork|91435476|001
pgPackingMaterial|91224643|002
pgPackingMaterial|91173184|002
pgPackingMaterial|91173283|002
pgPackingMaterial|91224560|002
pgPackingMaterial|91224607|002
pgPackingMaterial|91224635|002
pgIllustration|98542778|005
pgIllustration|95912049|007
pgArtwork|91441665|001
pgArtwork|91441667|001
pgArtwork|91441666|001
pgIllustration|91424749|001
pgPackingMaterial|91437359|001
pgPackingMaterial|91437612|001
pgPackingMaterial|91437547|001
pgPackingMaterial|91444917|001
pgArtwork|91463318|001
pgIllustration|92375352|006
pgArtwork|91465604|001
pgArtwork|91465609|001
pgArtwork|91465606|001
pgArtwork|91465611|001
pgArtwork|91465608|001
pgArtwork|91469870|001
pgArtwork|91472189|001
pgArtwork|91472190|001
pgArtwork|91474260|001
pgArtwork|91474258|001
pgArtwork|91474268|001
pgArtwork|91474368|001
pgArtwork|91474371|001
pgArtwork|91474255|001
pgArtwork|91474264|001
pgArtwork|91474259|001
pgArtwork|91486132|001
pgIllustration|91229916|001
pgPackingMaterial|91493311|001
pgIllustration|95762379|006
pgIllustration|95841011|007
pgIllustration|95832919|005
pgIllustration|95865260|004
pgIllustration|95862141|004
pgPackingMaterial|91506647|001
pgPackingMaterial|91506651|001
pgPackingMaterial|91506649|001
pgPackingMaterial|96255760|001
pgArtwork|91515540|001
pgArtwork|91519535|001
pgPackingMaterial|91508993|001
pgPackingMaterial|91508978|001
pgIllustration|95803441|021
pgPackingMaterial|91508990|001
pgPackingMaterial|91508975|001
pgPackingMaterial|91511308|001
pgPackingMaterial|91524441|001
pgIllustration|98949743|002
pgPackingMaterial|91526233|001
pgPackingMaterial|91524553|001
pgPackingMaterial|91524453|001
pgPackingMaterial|91562480|001
pgPackingMaterial|91562479|001
pgPackingMaterial|91524561|001
pgArtwork|91567666|001
pgArtwork|91570318|001
pgArtwork|91570313|001
pgArtwork|91570319|001
pgArtwork|91570311|001
pgArtwork|91570315|001
pgArtwork|91573824|001
pgArtwork|91573823|001
pgPackingMaterial|91527380|001
pgPackingMaterial|91527111|001
pgPackingMaterial|91527150|001
pgPackingMaterial|91525243|001
pgPackingMaterial|91525167|001
pgArtwork|91575666|001
pgPackingMaterial|91401685|001
pgPackingMaterial|91018665|002
pgPackingMaterial|91401679|001
pgArtwork|91577491|001
pgArtwork|91577490|001
pgArtwork|91577487|001
pgArtwork|91577488|001
pgArtwork|91581734|001
pgArtwork|91582678|001
pgArtwork|91582669|001
pgArtwork|91582674|001
pgArtwork|91582671|001
pgArtwork|91582676|001
pgArtwork|91582677|001
pgArtwork|91591111|001
pgArtwork|91592094|001
pgArtwork|91592091|001
pgArtwork|91592098|001
pgArtwork|91592090|001
pgArtwork|91592096|001
pgArtwork|91592097|001
pgArtwork|91592910|001
pgArtwork|91597409|001
pgArtwork|91597407|001
pgArtwork|91603266|001
pgArtwork|91603270|001
pgArtwork|91603268|001
pgArtwork|91605157|001
pgArtwork|91605156|001
pgArtwork|91608141|001
pgArtwork|91611630|001
pgArtwork|91617709|001
pgArtwork|91617708|001
pgArtwork|91618314|001
pgArtwork|91618754|001
pgArtwork|91629083|001
pgArtwork|91629313|001
pgMasterPackingMaterial|91576767|002
pgArtwork|91631083|001
pgArtwork|91632147|001
pgArtwork|91632146|001
pgIllustration|95964231|008
pgIllustration|95803051|014
pgIllustration|95776880|009
pgArtwork|91640415|001
pgPackingMaterial|91640097|001
pgPackingMaterial|91196658|003
pgPackingMaterial|91225664|003
pgPackingMaterial|91173506|003
pgPackingMaterial|91225655|003
pgPackingMaterial|91173387|003
pgPackingMaterial|91645759|001
pgPackingMaterial|91645744|001
pgPackingMaterial|91645672|001
pgPackingMaterial|91645795|001
pgPackingMaterial|91645829|001
pgPackingMaterial|91645782|001
pgPackingMaterial|91645753|001
pgArtwork|91657286|001
pgArtwork|91686950|001
pgPackingMaterial|91526249|002
pgPackingMaterial|92118427|003
pgArtwork|91705291|001
pgPackingMaterial|91703920|001
pgArtwork|91720807|001
pgArtwork|91720806|001
pgPackingMaterial|91722604|001
pgPackingMaterial|91225252|003
pgPackingMaterial|91173274|003
pgPackingMaterial|91722664|001
pgMasterPackingMaterial|91713829|001
pgArtwork|91723855|001
pgArtwork|91725848|001
pgPackingMaterial|90891449|003
pgPackingMaterial|90890367|003
pgPackingMaterial|90891365|003
pgPackingMaterial|90889223|003
pgPackingMaterial|90889125|003
pgPackingMaterial|90890344|004
pgPackingMaterial|90888944|003
pgPackingMaterial|90889017|003
pgPackingMaterial|90891350|004
pgPackingMaterial|90890327|003
pgPackingMaterial|91508991|003
pgPackingMaterial|91197595|003
pgPackingMaterial|91511274|003
pgPackingMaterial|91509004|003
pgPackingMaterial|91508976|003
pgPackingMaterial|91081392|003
pgPackingMaterial|91198938|003
pgPackingMaterial|91720663|001
pgPackingMaterial|91198917|003
pgArtwork|91740960|001
pgArtwork|91727588|001
pgIllustration|91722740|001
pgPackingMaterial|91710635|002
pgIllustration|95850520|009
pgMasterPackingMaterial|91091876|002
pgArtwork|91748977|001
pgArtwork|91748985|001
pgArtwork|91748983|001
pgArtwork|91748982|001
pgArtwork|91748979|001
pgArtwork|91749859|001
pgArtwork|91749860|001
pgArtwork|91749858|001
pgArtwork|91749857|001
pgArtwork|91751737|001
pgArtwork|91751937|001
pgArtwork|91752655|001
pgArtwork|91752656|001
pgArtwork|91757868|001
pgArtwork|91759818|001
pgArtwork|91759778|001
pgIllustration|92284877|003
pgArtwork|91765208|001
pgArtwork|91765209|001
pgArtwork|91767427|001
pgArtwork|91770370|001
pgArtwork|91771064|001
pgArtwork|91771799|001
pgArtwork|91771801|001
pgArtwork|91771797|001
pgMasterPackingMaterial|91083812|002
pgMasterPackingMaterial|90989608|006
pgMasterPackingMaterial|91268338|002
pgMasterPackingMaterial|91260210|004
pgMasterPackingMaterial|91012352|004
pgMasterPackingMaterial|90995382|004
pgMasterPackingMaterial|97332494|004
pgMasterPackingMaterial|91259965|002
pgMasterPackingMaterial|90995302|004
pgArtwork|91788442|001
pgArtwork|91788441|001
pgArtwork|96330914|001
pgArtwork|91840467|001
pgArtwork|POA-00034914|001
pgArtwork|POA-00034915|001
Packaging Material Part|91645736|002
Packaging Material Part|91645699|002
Packaging Material Part|91678716|001
Packaging Material Part|91689630|001
pgArtwork|POA-00035817|001
pgArtwork|POA-00035815|001
pgArtwork|POA-00035818|001
pgArtwork|91855856|001
pgArtwork|POA-00036205|001
Packaging Material Part|91691677|001
Packaging Material Part|91680709|001
pgArtwork|91863925|001
Packaging Material Part|91645743|003
Packaging Material Part|91788183|002
Packaging Material Part|91645734|002
Packaging Material Part|91645698|002
Packaging Material Part|91788196|002
pgArtwork|POA-00038556|001
Packaging Material Part|91698701|001
pgArtwork|POA-00038557|001
Packaging Material Part|91793315|001
pgArtwork|POA-00038474|001
Packaging Material Part|91673831|001
Packaging Material Part|91689733|001
Packaging Material Part|91689734|001
pgArtwork|POA-00038553|001
Packaging Material Part|91681128|001
Packaging Material Part|91797491|001
Packaging Material Part|91692024|001
Packaging Material Part|91692025|001
Packaging Material Part|91797492|001
pgArtwork|POA-00041557|001
Packaging Material Part|91698756|001
pgArtwork|POA-00041558|001
Packaging Material Part|91795066|001
Packaging Material Part|91700156|001
Packaging Material Part|91795044|001
Packaging Material Part|91681072|001
Packaging Material Part|91691976|001
Packaging Material Part|91698764|001
Packaging Material Part|91676152|001
pgIllustration|95842465|004
pgArtwork|POA-00043319|001
pgArtwork|POA-00043320|001
Packaging Material Part|91701984|001
Packaging Material Part|91701983|001
Packaging Material Part|91854072|001
Packaging Material Part|91867380|001
pgArtwork|POA-00044861|001
pgArtwork|POA-00045110|001
pgArtwork|POA-00045743|001
pgArtwork|POA-00045740|001
pgArtwork|POA-00045744|001
pgArtwork|POA-00046689|001
Packaging Material Part|91882829|001
Packaging Material Part|91912513|001
pgArtwork|POA-00048736|001
pgArtwork|POA-00048789|001
pgArtwork|POA-00049369|001
pgArtwork|POA-00049905|001
pgArtwork|POA-00050090|001
pgArtwork|POA-00050087|001
Packaging Material Part|91892766|001
Packaging Material Part|91929504|001
Packaging Material Part|91910341|001
Packaging Material Part|91888312|001
Packaging Material Part|91887483|001
Packaging Material Part|91887415|001
Packaging Material Part|91881818|001
Packaging Material Part|91910485|001
Packaging Material Part|91910357|001
Packaging Material Part|91876714|001
pgArtwork|POA-00051001|001
pgArtwork|POA-00050998|001
pgArtwork|POA-00051048|001
pgArtwork|POA-00051050|001
Packaging Material Part|91930409|001
pgMasterPackagingMaterialPart|MPMP-00054152|001
Packaging Material Part|91895404|001
Packaging Material Part|91930179|001
pgMasterPackagingMaterialPart|MPMP-00050209|001
pgMasterPackagingMaterialPart|MPMP-00054198|001
Packaging Material Part|91930813|001
pgArtwork|POA-00051264|001
pgArtwork|POA-00051793|001
Packaging Material Part|91931020|001
pgMasterPackagingMaterialPart|MPMP-00050223|002
pgArtwork|POA-00052287|001
pgArtwork|POA-00052300|001
pgArtwork|POA-00052400|001
pgArtwork|POA-00052399|001
pgArtwork|POA-00052401|001
pgArtwork|POA-00053245|001
pgArtwork|POA-00053989|001
pgArtwork|POA-00053992|001
pgArtwork|POA-00053991|001
pgArtwork|POA-00054178|001
pgArtwork|POA-00054463|001
pgArtwork|POA-00055214|001
pgArtwork|POA-00055212|001
pgArtwork|POA-00055211|001
pgArtwork|POA-00055199|001
pgArtwork|POA-00055202|001
pgArtwork|POA-00055544|001
pgMasterPackagingMaterialPart|MPMP-00042500|001
pgIllustration|91430606|001
Packaging Material Part|91933017|001
Packaging Material Part|91892775|001
pgMasterPackagingMaterialPart|MPMP-00053847|001
Packaging Material Part|91950800|001
pgMasterPackagingMaterialPart|MPMP-00055709|001
pgArtwork|POA-00057743|001
pgArtwork|POA-00057742|001
pgArtwork|POA-00057746|001
Packaging Material Part|91930596|001
pgMasterPackagingMaterialPart|MPMP-00058978|001
pgArtwork|POA-00058220|001
pgArtwork|POA-00059088|001
Packaging Material Part|91867381|003
pgArtwork|POA-00059525|001
pgMasterPackagingMaterialPart|MPMP-00041539|001
Packaging Material Part|91970611|001
pgMasterPackagingMaterialPart|MPMP-00048150|001
Packaging Material Part|91939962|001
Packaging Material Part|91970117|001
pgMasterPackagingMaterialPart|MPMP-00059004|001
Packaging Material Part|91947025|001
pgArtwork|POA-00059715|001
Packaging Material Part|91946643|001
Packaging Material Part|91889471|002
pgArtwork|POA-00061046|001
pgArtwork|POA-00061902|001
Packaging Material Part|91947396|001
pgMasterPackagingMaterialPart|MPMP-00037461|001
Packaging Material Part|91100837|002
pgMasterPackagingMaterialPart|MPMP-00052393|001
Packaging Material Part|91971296|001
pgArtwork|POA-00066123|001
pgArtwork|POA-00066142|001
pgArtwork|POA-00066159|001
pgArtwork|POA-00066851|001
pgArtwork|POA-00066835|001
pgArtwork|POA-00066833|001
pgArtwork|POA-00066853|001
pgArtwork|POA-10016040|001
pgMasterPackagingMaterialPart|MPMP-00062774|001
pgArtwork|POA-00067267|001
Packaging Material Part|91953904|001
Packaging Material Part|91953916|001
pgArtwork|POA-00067565|001
pgArtwork|POA-00067764|001
pgMasterPackagingMaterialPart|MPMP-00058005|001
Packaging Material Part|91941554|001
Packaging Material Part|91941921|001
Packaging Material Part|91985107|001
pgArtwork|POA-00068406|001
pgArtwork|POA-00068691|001
pgArtwork|POA-00068695|001
pgArtwork|POA-00069708|001
pgArtwork|POA-00069799|001
pgArtwork|POA-00069796|001
Packaging Material Part|91960136|001
Packaging Material Part|91949822|001
pgMasterPackagingMaterialPart|MPMP-00050183|001
Packaging Material Part|91985756|001
Packaging Material Part|91960121|001
Packaging Material Part|91985102|001
Packaging Material Part|91985753|001
pgArtwork|POA-00066836|001
Packaging Material Part|91858811|001
pgArtwork|POA-00069803|001
pgArtwork|POA-00066852|001
pgArtwork|POA-00070884|001
pgArtwork|POA-00071120|001
pgArtwork|POA-00071106|001
pgArtwork|POA-00071184|001
Packaging Material Part|91960369|001
Packaging Material Part|91942686|001
pgArtwork|POA-00071740|001
pgArtwork|POA-00071743|001
pgArtwork|POA-10016276|001
pgMasterPackagingMaterialPart|MPMP-00063656|001
pgArtwork|POA-00072644|001
pgArtwork|POA-00072937|001
Packaging Material Part|91995851|001
Packaging Material Part|91185718|001
Packaging Material Part|91942707|001
Packaging Material Part|91960386|001
pgArtwork|POA-00073763|001
pgArtwork|POA-00073767|001
pgArtwork|POA-00073762|001
pgArtwork|POA-00073795|001
pgArtwork|POA-00073765|001
pgArtwork|POA-00073769|001
pgArtwork|POA-00074485|001
pgArtwork|POA-00074492|001
POA|POA-00037167|001
POA|POA-00037168|001
pgArtwork|POA-00075245|001
pgArtwork|POA-00075244|001
pgArtwork|POA-00075232|001
pgArtwork|POA-00075240|001
pgArtwork|POA-00075234|001
pgMasterPackagingMaterialPart|MPMP-00062621|001
Packaging Material Part|91169499|002
Packaging Material Part|91166163|002
Packaging Material Part|91169550|002
Packaging Material Part|91169509|002
pgMasterPackagingMaterialPart|MPMP-00065818|001
Packaging Material Part|96522222|002
pgMasterPackagingMaterialPart|MPMP-00066636|001
Packaging Material Part|90656699|002
Packaging Material Part|91173421|002
Packaging Material Part|96480218|002
pgArtwork|POA-00076961|001
pgArtwork|POA-00077008|001
pgMasterPackagingMaterialPart|MPMP-00062620|001
Packaging Material Part|91697833|002
Packaging Material Part|91793095|002
Packaging Material Part|91169598|002
Packaging Material Part|91401688|002
Packaging Material Part|91169517|002
Packaging Material Part|91166131|002
Packaging Material Part|91726758|002
Packaging Material Part|91169541|002
Packaging Material Part|91401680|002
Packaging Material Part|91972076|002
Packaging Material Part|91940682|002
Packaging Material Part|91972071|002
Packaging Material Part|91972075|002
Packaging Material Part|91940676|002
Packaging Material Part|91997733|001
Packaging Material Part|91993974|001
Packaging Material Part|91998966|001
pgArtwork|POA-00080483|001
pgArtwork|POA-00080507|001
Packaging Material Part|91418501|001
Packaging Material Part|91422290|001
pgArtwork|POA-00081553|001
pgArtwork|POA-00081558|001
Packaging Material Part|91385706|001
Packaging Material Part|91251170|001
pgArtwork|POA-00082169|001
Packaging Material Part|91941831|001
Packaging Material Part|91986166|001
Packaging Material Part|91954213|001
pgMasterPackagingMaterialPart|MPMP-00041123|001
pgMasterPackagingMaterialPart|MPMP-00058590|001
Packaging Material Part|91954375|001
pgArtwork|POA-00083334|001
pgArtwork|POA-00083332|001
pgArtwork|POA-00083333|001
pgArtwork|POA-00083959|001
pgArtwork|POA-00083954|001
pgArtwork|POA-00083957|001
pgArtwork|POA-00085134|001
Packaging Material Part|91973144|002
Packaging Material Part|91273971|001
pgArtwork|POA-00087361|001
Packaging Material Part|90601936|001
pgMasterPackagingMaterialPart|MPMP-00070802|001
Packaging Material Part|91433165|001
Packaging Material Part|91164029|001
Packaging Material Part|91272973|001
Packaging Material Part|90522461|001
pgMasterPackagingMaterialPart|MPMP-00041311|001
Packaging Material Part|91333699|001
Packaging Material Part|91269936|001
pgMasterPackagingMaterialPart|MPMP-00041909|001
Packaging Material Part|91193083|001
pgMasterPackagingMaterialPart|MPMP-00041702|001
Packaging Material Part|90592224|001
Packaging Material Part|91432559|001
pgMasterPackagingMaterialPart|MPMP-00042271|001
Packaging Material Part|91432561|001
Packaging Material Part|91338964|001
Packaging Material Part|91333671|001
Packaging Material Part|91336070|001
Packaging Material Part|91177925|001
Packaging Material Part|91338987|001
pgMasterPackagingMaterialPart|MPMP-00041907|001
Packaging Material Part|91432497|001
Packaging Material Part|91432801|001
Packaging Material Part|91162789|001
Packaging Material Part|91432804|001
Packaging Material Part|91333987|001
Packaging Material Part|91269945|001
Packaging Material Part|91339018|001
Packaging Material Part|91398143|001
Packaging Material Part|91346957|001
Packaging Material Part|91162098|001
Packaging Material Part|91333682|001
pgMasterPackagingMaterialPart|MPMP-00053401|001
pgMasterPackagingMaterialPart|MPMP-00047782|001
pgMasterPackagingMaterialPart|MPMP-00041537|001
pgMasterPackagingMaterialPart|MPMP-00042768|001
pgMasterPackagingMaterialPart|MPMP-00040985|001
pgMasterPackagingMaterialPart|MPMP-00040986|001
pgMasterPackagingMaterialPart|MPMP-00041693|001
pgMasterPackagingMaterialPart|MPMP-00047781|001
pgMasterPackagingMaterialPart|MPMP-00041872|001
pgArtwork|POA-00090416|001
pgArtwork|POA-00090419|001
Packaging Material Part|91163330|001
Packaging Material Part|91270189|001
pgMasterPackagingMaterialPart|MPMP-00040279|001
Packaging Material Part|90592225|001
pgMasterPackagingMaterialPart|MPMP-00042642|001
Packaging Material Part|90592226|001
pgArtwork|POA-00093763|001
pgMasterPackagingMaterialPart|MPMP-00065822|001
pgMasterPackagingMaterialPart|MPMP-00065826|001
pgMasterPackagingMaterialPart|MPMP-00065814|001
pgMasterPackagingMaterialPart|MPMP-00065839|001
Packaging Material Part|91226608|002
Packaging Material Part|91481455|002
Packaging Material Part|91077356|002
Packaging Material Part|91091817|002
Packaging Material Part|90890329|003
Packaging Material Part|91169615|002
Packaging Material Part|91131790|002
Packaging Material Part|91223270|002
Packaging Material Part|91457961|001
Packaging Material Part|91679565|001
Packaging Material Part|91684019|001
pgArtwork|POA-00094340|001
pgArtwork|POA-00094339|001
pgArtwork|POA-00094343|001
pgArtwork|POA-00094397|001
pgArtwork|POA-00094400|001
pgArtwork|POA-00094402|001
Packaging Material Part|91744297|001
Packaging Material Part|91559594|001
pgMasterPackagingMaterialPart|MPMP-00049278|001
Packaging Material Part|91744298|001
Packaging Material Part|91744299|001
pgMasterPackagingMaterialPart|MPMP-00058589|001
pgArtwork|POA-00089878|001
Packaging Material Part|91677686|001
Packaging Material Part|90840328|001
pgMasterPackagingMaterialPart|MPMP-00071497|001
Packaging Material Part|91235628|002
Packaging Material Part|91125969|003
Packaging Material Part|91198916|002
Packaging Material Part|91699816|001
Packaging Material Part|91557537|001
Packaging Material Part|91339486|001
Packaging Material Part|91163686|001
Packaging Material Part|91531662|001
pgArtwork|POA-00095382|001
pgArtwork|POA-00095386|001
pgArtwork|POA-00095388|001
pgArtwork|POA-00095385|001
pgArtwork|POA-00095384|001
pgArtwork|POA-00095814|001
pgArtwork|POA-00095809|001
pgArtwork|POA-00095834|001
pgArtwork|POA-00095827|001
pgArtwork|POA-00095826|001
pgArtwork|POA-00095831|001
pgArtwork|POA-00095833|001
pgArtwork|POA-00095832|001
pgArtwork|POA-00096059|001
pgArtwork|POA-00096060|001
pgArtwork|POA-00096061|001
Packaging Material Part|91729161|001
Packaging Material Part|91621237|001
pgArtwork|POA-00096081|001
pgArtwork|POA-00096077|001
pgArtwork|POA-00096520|001
Packaging Material Part|91734633|001
Packaging Material Part|91334054|001
Packaging Material Part|91735838|001
pgMasterPackagingMaterialPart|MPMP-00041458|001
Packaging Material Part|91693073|001
Packaging Material Part|91735903|001
Packaging Material Part|91446658|001
pgArtwork|POA-00097214|001
pgArtwork|POA-00097219|001
pgArtwork|POA-00097210|001
pgArtwork|POA-00097222|001
pgArtwork|POA-00097217|001
pgArtwork|POA-00097216|001
pgMasterPackagingMaterialPart|MPMP-00072858|001
Packaging Material Part|91744764|001
pgMasterPackagingMaterialPart|MPMP-00071721|001
Packaging Material Part|91433919|001
Packaging Material Part|91545319|001
Packaging Material Part|91433907|001
Packaging Material Part|91433914|001
pgArtwork|POA-00097662|001
pgArtwork|POA-00097668|001
pgArtwork|POA-00097665|001
pgArtwork|POA-00099704|001
Packaging Material Part|91767719|001
pgMasterPackagingMaterialPart|MPMP-00071962|001
Packaging Material Part|91339498|001
Packaging Material Part|91742958|001
Packaging Material Part|91270974|001
pgMasterPackagingMaterialPart|MPMP-00071224|001
pgArtwork|POA-00100628|001
pgArtwork|POA-00100634|001
pgArtwork|POA-00100631|001
pgArtwork|POA-00100970|001
pgArtwork|POA-00100981|001
pgArtwork|POA-00101361|001
Packaging Material Part|91738572|001
Packaging Material Part|91545498|001
Packaging Material Part|91623173|001
Packaging Material Part|91537784|001
Packaging Material Part|91818554|001
pgMasterPackagingMaterialPart|MPMP-00057953|001
Packaging Material Part|91675320|001
Packaging Material Part|91818556|001
pgArtwork|POA-00102294|001
Packaging Material Part|91891222|002
pgArtwork|POA-00102684|001
pgArtwork|POA-00102685|001
pgArtwork|POA-00102686|001
pgArtwork|POA-00102691|001
pgArtwork|POA-00102687|001
Packaging Material Part|91434460|001
Packaging Material Part|91892444|001
Packaging Material Part|91434136|001
pgMasterPackagingMaterialPart|MPMP-00041870|001
Packaging Material Part|90530711|001
pgMasterPackagingMaterialPart|MPMP-00053413|001
pgMasterPackagingMaterialPart|MPMP-00038301|001
pgMasterPackagingMaterialPart|MPMP-00038338|001
Packaging Material Part|91457723|001
pgMasterPackagingMaterialPart|MPMP-00052842|001
pgMasterPackagingMaterialPart|MPMP-00038340|001
Packaging Material Part|91733398|001
pgArtwork|POA-00103653|001
Packaging Material Part|90547737|001
Packaging Material Part|91973534|001
Packaging Material Part|91973313|001
pgArtwork|POA-00105555|001
pgArtwork|POA-00105561|001
pgArtwork|POA-00105562|001
pgArtwork|POA-00105563|001
pgArtwork|POA-00105961|001
Packaging Material Part|91434674|002
pgArtwork|POA-00108136|001
Packaging Material Part|91537789|002
Packaging Material Part|90544268|001
Packaging Material Part|90544321|001
Packaging Material Part|90544271|001
Packaging Material Part|90508670|001
Packaging Material Part|91953209|001
pgArtwork|POA-00109244|001
pgMasterPackagingMaterialPart|MPMP-00041169|002
pgArtwork|POA-00109801|001
pgArtwork|POA-00109818|001
pgArtwork|POA-00110918|001
pgArtwork|POA-00110902|001
pgArtwork|POA-00110927|001
pgArtwork|POA-00110928|001
pgArtwork|POA-00111132|001
pgArtwork|POA-00111134|001
pgArtwork|POA-00111133|001
pgArtwork|POA-00111798|001
pgArtwork|POA-00111797|001
pgArtwork|POA-00111837|001
pgArtwork|POA-00111836|001
pgArtwork|POA-00111839|001
pgArtwork|POA-00111835|001
pgArtwork|POA-00111838|001
Packaging Material Part|90520100|001
Packaging Material Part|90508673|001
Packaging Material Part|90544327|001
Packaging Material Part|90544325|001
pgArtwork|POA-00112107|001
pgArtwork|POA-00112102|001
pgArtwork|POA-00112104|001
pgArtwork|POA-00112212|001
pgArtwork|POA-00112217|001
pgArtwork|POA-00112214|001
pgArtwork|POA-00112210|001
Packaging Material Part|90599474|001
Packaging Material Part|90600030|001
Packaging Material Part|90599318|001
pgMasterPackagingMaterialPart|MPMP-00049933|005
Packaging Material Part|91795536|001
Packaging Material Part|91794298|001
Packaging Material Part|91794332|001
Packaging Material Part|91622659|001
Packaging Material Part|91622658|001
Packaging Material Part|91622238|001
Packaging Material Part|91738364|001
Packaging Material Part|91537349|001
Packaging Material Part|91729451|001
Packaging Material Part|91622245|001
Packaging Material Part|91738370|001
Packaging Material Part|91794455|001
pgMasterPackagingMaterialPart|MPMP-00049940|005
Packaging Material Part|91537496|001
Packaging Material Part|91795779|001
pgMasterPackagingMaterialPart|MPMP-00072037|001
pgMasterPackagingMaterialPart|MPMP-00072035|001
pgMasterPackagingMaterialPart|MPMP-00072038|001
pgArtwork|POA-00113306|001
pgArtwork|POA-00113309|001
pgArtwork|POA-00113310|001
pgArtwork|POA-00113303|001
pgArtwork|POA-00113304|001
pgArtwork|POA-00113305|001
pgArtwork|POA-00113313|001
pgArtwork|POA-00113311|001
pgArtwork|POA-00113308|001
pgArtwork|POA-00113307|001
pgArtwork|POA-00113312|001
pgArtwork|POA-00113417|001
Packaging Material Part|90600331|001
pgArtwork|POA-00113465|001
pgArtwork|POA-00113464|001
pgArtwork|POA-00113467|001
pgMasterPackagingMaterialPart|MPMP-00066664|001
pgIllustration|98953854|001
pgIllustration|95957716|004
pgQualitySpecification|90706686|001
POA|POA-00096551|001
POA|POA-00096473|001
POA|POA-00096566|001
POA|POA-00096579|001
Packaging Material Part|98907967|006
Packaging Material Part|98814145|005
POA|POA-00096483|001
POA|POA-00096563|001
pgArtwork|POA-00114762|001
pgMasterPackagingMaterialPart|MPMP-00070328|002
pgArtwork|POA-00117478|001
pgArtwork|POA-00117481|001
Packaging Material Part|90629862|001
Packaging Material Part|90572386|001
Packaging Material Part|90629853|001
Packaging Material Part|90572356|001
Packaging Material Part|90585220|001
Packaging Material Part|90614770|001
Packaging Material Part|90572362|001
pgArtwork|POA-00117843|001
pgArtwork|POA-00118063|001
pgArtwork|POA-00118057|001
pgArtwork|POA-00118568|001
pgArtwork|POA-00118739|001
pgArtwork|POA-00118742|001
pgArtwork|POA-00118700|001
Packaging Material Part|90615928|001
Packaging Material Part|90605169|001
pgMasterPackagingMaterialPart|MPMP-00049930|005
Packaging Material Part|90637759|001
pgMasterPackagingMaterialPart|MPMP-00040190|002
Packaging Material Part|90617826|001
Packaging Material Part|90573356|001
Packaging Material Part|90603703|001
Packaging Material Part|90637597|001
Packaging Material Part|90586925|001
Packaging Material Part|90638382|001
pgMasterPackagingMaterialPart|MPMP-00058100|001
Packaging Material Part|90629324|001
pgArtwork|POA-00120647|001
pgArtwork|POA-00120644|001
pgArtwork|POA-00120646|001
pgArtwork|POA-00120643|001
pgArtwork|POA-00121846|001
pgArtwork|POA-00122624|001
Packaging Material Part|91536919|002
Packaging Material Part|91622887|002
Packaging Material Part|91738373|002
Packaging Material Part|91738372|002
Packaging Material Part|91795537|002
Packaging Material Part|91622237|002
Packaging Material Part|91622246|002
Packaging Material Part|91794459|002
Packaging Material Part|91795517|002
Packaging Material Part|91537481|002
Packaging Material Part|91794300|002
Packaging Material Part|91729835|002
Packaging Material Part|91622239|002
Packaging Material Part|91795480|002
pgArtwork|POA-00123234|001
pgArtwork|POA-00123584|001
pgArtwork|POA-00123592|001
pgArtwork|POA-00123593|001
pgArtwork|POA-00123916|001
pgArtwork|POA-00123964|001
pgArtwork|POA-00123965|001
pgArtwork|POA-00124369|001
Packaging Material Part|90520071|002
pgArtwork|POA-00110324|001
Packaging Material Part|90508671|002
pgArtwork|POA-00110323|001
pgArtwork|POA-00110325|001
Packaging Material Part|90520099|002
pgArtwork|POA-00111427|001
Packaging Material Part|90544324|002
pgArtwork|POA-00110326|001
Packaging Material Part|90532818|002
Packaging Material Part|90508622|002
pgArtwork|POA-00111426|001
pgArtwork|POA-00110322|001
Packaging Material Part|90508672|002
Packaging Material Part|90544320|002
pgArtwork|POA-00110327|001
pgArtwork|POA-00110329|001
Packaging Material Part|90544322|002
pgArtwork|POA-00124975|001
pgArtwork|POA-00124946|001
pgArtwork|POA-00124974|001
Packaging Material Part|90717889|001
Packaging Material Part|90717767|001
Packaging Material Part|90669120|001
Packaging Material Part|90669113|001
Packaging Material Part|90685938|001
Packaging Material Part|90717880|001
pgArtwork|POA-00126799|001
pgArtwork|POA-00126802|001
pgArtwork|POA-00126801|001
pgArtwork|POA-00127124|001
pgArtwork|POA-00127171|001
Packaging Material Part|90666982|001
Packaging Material Part|90647957|001
pgArtwork|POA-00127818|001
pgArtwork|POA-00127821|001
POA|POA-00111483|001
pgArtwork|POA-00128809|001
pgArtwork|POA-00128818|001
pgArtwork|POA-00128817|001
pgArtwork|POA-00128815|001
pgArtwork|POA-00129282|001
pgArtwork|POA-00129283|001
pgMasterPackagingMaterialPart|MPMP-00078161|001
Packaging Material Part|90734208|001
Packaging Material Part|90734209|001
Packaging Material Part|90674536|001
Packaging Material Part|90734219|001
Packaging Material Part|90734227|001
Packaging Material Part|90694115|001
Packaging Material Part|90734225|001
Packaging Material Part|90662741|001
Packaging Material Part|90709404|001
Packaging Material Part|90662743|001
Packaging Material Part|90674544|001
Packaging Material Part|90734229|001
Packaging Material Part|90662740|001
Packaging Material Part|90672931|001
Packaging Material Part|90692309|001
Packaging Material Part|90692262|001
pgMasterPackagingMaterialPart|MPMP-00050311|002
Packaging Material Part|90730698|001
Packaging Material Part|90730639|002
Packaging Material Part|90707549|001
Packaging Material Part|90692312|001
Packaging Material Part|90730694|001
Packaging Material Part|90736649|001
Packaging Material Part|90738511|001
Packaging Material Part|90746994|001
POA|POA-00116219|001
POA|POA-00116240|001
POA|POA-00116234|001
POA|POA-00116226|001
POA|POA-00116235|001
POA|POA-00116220|001
POA|POA-00116222|001
POA|POA-00116217|001
POA|POA-00116227|001
POA|POA-00116237|001
POA|POA-00116225|001
Packaging Material Part|90822945|001
Packaging Material Part|90696366|001
POA|POA-00116216|001
POA|POA-00116230|001
pgMasterPackagingMaterialPart|MPMP-00075463|001
pgMasterPackagingMaterialPart|MPMP-00075461|001
Packaging Material Part|90752263|001
pgMasterPackagingMaterialPart|MPMP-00075764|001
Packaging Material Part|90786401|001
Packaging Material Part|90708021|001
Packaging Material Part|90732916|001
pgMasterPackagingMaterialPart|MPMP-00087411|001
pgMasterPackagingMaterialPart|MPMP-00083611|001
Packaging Material Part|90826339|001
Packaging Material Part|90789042|001
Packaging Material Part|90774213|001
Packaging Material Part|90809815|001
Packaging Material Part|90786490|002
pgArtwork|POA-00140173|001
Packaging Material Part|90822960|001
pgMasterPackagingMaterialPart|MPMP-00087552|001
pgMasterPackagingMaterialPart|MPMP-00087863|001
pgMasterPackagingMaterialPart|MPMP-00087311|001
Packaging Material Part|90828561|001
pgMasterPackagingMaterialPart|MPMP-00054408|001
Packaging Material Part|90790521|001
Packaging Material Part|90819351|001
Packaging Material Part|91100808|002
Packaging Material Part|91100825|004
Packaging Material Part|91510819|004
Packaging Material Part|90811964|001
pgMasterPackagingMaterialPart|MPMP-00083340|001
Packaging Material Part|90790574|001
pgArtwork|POA-00145122|001
POA|POA-00128231|001
POA|POA-00128225|001
POA|POA-00128227|001
POA|POA-00130093|001
POA|POA-00128223|001
POA|POA-00128229|001
POA|POA-00128235|001
Packaging Material Part|90761314|001
Packaging Material Part|90832162|001
Packaging Material Part|90779840|001
Packaging Material Part|90832330|001
Packaging Material Part|90832173|001
Packaging Material Part|90779933|001
POA|POA-00128221|001
POA|POA-00128233|001
Packaging Material Part|90779966|001
Packaging Material Part|90762347|001
Packaging Material Part|90833586|001
pgArtwork|POA-00146069|001
Packaging Material Part|90833485|001
Packaging Material Part|90770856|002
Packaging Material Part|90663945|002
pgMasterPackagingMaterialPart|MPMP-00058045|001
Packaging Material Part|90738508|002
Packaging Material Part|90805892|002
Packaging Material Part|90752264|002
Packaging Material Part|90834476|001
POA|POA-00142609|001
POA|POA-00144799|001
Packaging Material Part|90776143|001
Packaging Material Part|90808942|001
Packaging Material Part|90827087|001
Packaging Material Part|90828800|001
Packaging Material Part|90776552|001
Packaging Material Part|98550414|006
Packaging Material Part|90788667|002
Packaging Material Part|90828503|001
Packaging Material Part|90810496|001
Packaging Material Part|90777671|001
POA|POA-00129196|001
POA|POA-00111464|001
POA|POA-00129190|001
POA|POA-00129193|001
Packaging Material Part|90843051|002
POA|POA-00140970|001
POA|POA-00140980|001
POA|POA-00140982|001
Packaging Material Part|91134154|003
Packaging Material Part|91123026|003
Packaging Material Part|91126051|002
Packaging Material Part|91123018|003
Packaging Material Part|91123036|003
Packaging Material Part|91295215|002
Packaging Material Part|91123625|002
Packaging Material Part|91173531|003
Packaging Material Part|90793422|001
Packaging Material Part|90830345|001
Packaging Material Part|90899581|001
POA|POA-00142653|001
POA|POA-00142647|001
POA|POA-00142648|001
POA|POA-00137742|001
POA|POA-00142652|001
POA|POA-00142650|001
POA|POA-00140832|001
POA|POA-00140844|001
POA|POA-00140835|001
POA|POA-00140829|001
POA|POA-00140841|001
POA|POA-00140847|001
POA|POA-00140838|001
Packaging Material Part|90867439|001
Packaging Material Part|90854084|001
Packaging Material Part|91113120|002
pgMasterPackagingMaterialPart|MPMP-00089536|001
Packaging Material Part|91071866|002
Packaging Material Part|91318610|002
Packaging Material Part|91071865|002
pgMasterPackagingMaterialPart|MPMP-00089535|001
Packaging Material Part|90811896|002
Packaging Material Part|90792581|002
Packaging Material Part|90916427|001
Packaging Material Part|90889926|001
Packaging Material Part|90871126|001
Packaging Material Part|90871186|001
Packaging Material Part|90857598|001
Packaging Material Part|90916424|001
Packaging Material Part|90854498|001
Packaging Material Part|90871185|001
Packaging Material Part|90854485|001
Packaging Material Part|90889936|001
Packaging Material Part|90868351|001
Packaging Material Part|91080043|002
Packaging Material Part|91483614|002
pgMasterPackagingMaterialPart|MPMP-00058145|001
Packaging Material Part|91123970|002
Packaging Material Part|91132280|002
pgMasterPackagingMaterialPart|MPMP-00090233|001
Packaging Material Part|91481597|002
Packaging Material Part|91481172|002
Packaging Material Part|91100804|002
Packaging Material Part|91481716|002
Packaging Material Part|91100836|002
Packaging Material Part|91483480|002
Packaging Material Part|91100828|002
Packaging Material Part|91077819|002
Packaging Material Part|91081972|002
pgMasterPackagingMaterialPart|MPMP-00058098|001
Packaging Material Part|91091585|002
Packaging Material Part|91100823|002
Packaging Material Part|91123787|002
Packaging Material Part|91012361|002
Packaging Material Part|91012385|002
Packaging Material Part|90998761|002
Packaging Material Part|90998772|002
Packaging Material Part|90507691|002
pgArtwork|POA-00101518|001
Packaging Material Part|91012419|002
POA|POA-00128660|001
Packaging Material Part|90717882|002
Packaging Material Part|91737467|002
Packaging Material Part|91012427|002
Packaging Material Part|91012433|003
Packaging Material Part|90998670|002
Packaging Material Part|90881863|003
pgArtwork|POA-00101516|001
Packaging Material Part|90542602|002
Packaging Material Part|91018830|003
Packaging Material Part|91738239|002
Packaging Material Part|91499170|002
POA|POA-00146099|001
POA|POA-00146104|001
POA|POA-00146125|001
POA|POA-00146109|001
POA|POA-00146121|001
Packaging Material Part|90854681|001
Packaging Material Part|90886754|001
pgMasterPackagingMaterialPart|MPMP-00092079|001
Packaging Material Part|90870836|001
Packaging Material Part|90854678|001
Packaging Material Part|91008904|001
Packaging Material Part|91009190|001
Packaging Material Part|90910226|001
Packaging Material Part|91008906|001
Packaging Material Part|90875936|001
Packaging Material Part|90875935|001
Packaging Material Part|91008803|001
Packaging Material Part|90910222|001
Packaging Material Part|91008908|001
Packaging Material Part|90875932|001
Packaging Material Part|91196666|002
pgMasterPackagingMaterialPart|MPMP-00092077|001
pgMasterPackagingMaterialPart|MPMP-00058003|001
Packaging Material Part|91636446|002
Packaging Material Part|91173267|002
pgMasterPackagingMaterialPart|MPMP-00091971|001
Packaging Material Part|91224584|002
POA|POA-00132876|001
pgMasterPackagingMaterialPart|MPMP-00091770|001
Packaging Material Part|90791632|001
Packaging Material Part|90736113|001
pgMasterPackagingMaterialPart|MPMP-00091763|001
Packaging Material Part|90810575|001
pgMasterPackagingMaterialPart|MPMP-00091769|001
Packaging Material Part|90828682|001
pgMasterPackagingMaterialPart|MPMP-00091764|001
Packaging Material Part|90736070|001
Packaging Material Part|90791619|001
pgMasterPackagingMaterialPart|MPMP-00091767|001
POA|POA-00146095|001
POA|POA-00146114|001
POA|POA-00146117|001
POA|POA-00129183|001
POA|POA-00129181|001
pgMasterPackagingMaterialPart|MPMP-00086936|002
Packaging Material Part|91009547|001
Packaging Material Part|90931585|001
Packaging Material Part|90990468|001
Packaging Material Part|91010312|001
pgMasterPackagingMaterialPart|MPMP-00037129|002
Packaging Material Part|90990469|001
Packaging Material Part|90990613|001
POA|POA-00150144|001
Packaging Material Part|90810487|003
Packaging Material Part|90777727|003
Packaging Material Part|90920334|001
Packaging Material Part|90909113|001
Packaging Material Part|90890546|001
Packaging Material Part|90880332|001
pgMasterPackagingMaterialPart|MPMP-00058440|001
pgMasterPackagingMaterialPart|MPMP-00092878|001
pgMasterPackagingMaterialPart|MPMP-00071906|001
Packaging Material Part|91169540|002
Packaging Material Part|91526242|002
Packaging Material Part|91726757|002
Packaging Material Part|91169597|002
POA|POA-00158482|001
pgMasterPackagingMaterialPart|MPMP-00037582|001
pgMasterPackagingMaterialPart|MPMP-00048018|002
Packaging Material Part|91010291|002
pgMasterPackagingMaterialPart|MPMP-00037231|001
POA|POA-00150160|001
Packaging Material Part|90937906|001
pgMasterPackagingMaterialPart|MPMP-00041655|001
Packaging Material Part|91021063|001
Packaging Material Part|90973136|001
Packaging Material Part|90952318|001
Packaging Material Part|90994196|001
Packaging Material Part|90952347|001
POA|POA-00156208|001
POA|POA-00132893|001
POA|POA-00132884|001
Packaging Material Part|90961222|001
Packaging Material Part|91033442|001
POA|POA-00165052|001
POA|POA-00165378|001
POA|POA-00165072|001
POA|POA-00165710|001
POA|POA-00165669|001
POA|POA-00165077|001
POA|POA-00165085|001
POA|POA-00165697|001
POA|POA-00160666|001
POA|POA-00160661|001
POA|POA-00148033|001
POA|POA-00158477|001
POA|POA-00159023|001
POA|POA-00160657|001
POA|POA-00132903|001
POA|POA-00144434|001
POA|POA-00132889|001
POA|POA-00144426|001
POA|POA-00144429|001
POA|POA-00166986|001
POA|POA-00166976|001
POA|POA-00166952|001
pgMasterPackagingMaterialPart|MPMP-00092078|001
Packaging Material Part|90993346|001
POA|POA-00165062|001
POA|POA-00159317|001
POA|POA-00158479|001
POA|POA-00163556|001
POA|POA-00163557|001
Packaging Material Part|91645781|002
Packaging Material Part|91179176|002
Packaging Material Part|91169498|002
Packaging Material Part|91645848|002
Packaging Material Part|91645794|002
Packaging Material Part|91645828|002
Packaging Material Part|91562493|002
Packaging Material Part|91169505|002
Packaging Material Part|91645752|002
Packaging Material Part|91645758|002
Packaging Material Part|91166137|002
Packaging Material Part|91562423|002
Packaging Material Part|91169514|002
Packaging Material Part|91651515|002
POA|POA-00137730|001
POA|POA-00137668|001
POA|POA-00137733|001
POA|POA-00145241|001
pgMasterPackagingMaterialPart|MPMP-00059504|002
Packaging Material Part|90968086|001
Packaging Material Part|90941594|001
Packaging Material Part|90881861|003
Packaging Material Part|91126515|002
Packaging Material Part|91098924|002
Packaging Material Part|91127925|002
Packaging Material Part|91104498|002
Packaging Material Part|90881842|003
Packaging Material Part|91123044|002
Packaging Material Part|90881867|003
Packaging Material Part|91124051|002
Packaging Material Part|91127866|002
Packaging Material Part|91012347|002
Packaging Material Part|91077990|002
Packaging Material Part|91081391|002
Packaging Material Part|91118719|002
Packaging Material Part|91131761|002
POA|POA-00165943|001
POA|POA-00150159|001
Packaging Material Part|91091626|001
Packaging Material Part|91124049|002
Packaging Material Part|91123057|002
POA|POA-00169622|001
POA|POA-00167822|001
Packaging Material Part|91018187|001
pgMasterPackagingMaterialPart|MPMP-00057383|001
POA|POA-00167826|001
pgMasterPackagingMaterialPart|MPMP-00037219|001
Packaging Material Part|91131716|001
Packaging Material Part|91132364|001
Packaging Material Part|91051131|001
Packaging Material Part|91053424|001
Packaging Material Part|91053138|001
Packaging Material Part|91133250|001
Packaging Material Part|91132848|001
Packaging Material Part|91050420|001
Packaging Material Part|91092092|001
Packaging Material Part|91134671|001
Packaging Material Part|91075036|001
Packaging Material Part|91133227|001
pgMasterPackagingMaterialPart|MPMP-00093011|001
pgMasterPackagingMaterialPart|MPMP-00095610|001
Packaging Material Part|91091643|001
pgMasterPackagingMaterialPart|MPMP-00095737|001
Packaging Material Part|91113068|001
pgMasterPackagingMaterialPart|MPMP-00095736|001
Packaging Material Part|91113071|001
pgMasterPackagingMaterialPart|MPMP-00095615|001
pgMasterPackagingMaterialPart|MPMP-00093079|001
Packaging Material Part|91113069|001
Packaging Material Part|91091644|001
pgMasterPackagingMaterialPart|MPMP-00095744|002
Packaging Material Part|91113070|001
Packaging Material Part|91052650|001
Packaging Material Part|91074224|001
pgMasterPackagingMaterialPart|MPMP-00093009|001
Packaging Material Part|91133232|001
Packaging Material Part|91133228|001
pgMasterPackagingMaterialPart|MPMP-00093067|001
Packaging Material Part|91133226|001
Packaging Material Part|91091642|001
Packaging Material Part|91052652|001
Packaging Material Part|91113072|001
Packaging Material Part|91133230|001
POA|POA-00166622|001
Packaging Material Part|90961136|002
Packaging Material Part|90941509|002
POA|POA-00166616|001
POA|POA-00166887|001
POA|POA-00170689|001
POA|POA-00170672|001
POA|POA-00170820|001
POA|POA-00164144|001
POA|POA-00172719|001
POA|POA-00170682|001
POA|POA-00170828|001
Packaging Material Part|91077325|001
POA|POA-00150483|001
POA|POA-00150471|001
POA|POA-00170655|001
POA|POA-00170697|001
POA|POA-00170667|001
POA|POA-00170816|001
POA|POA-00170693|001
pgMasterPackagingMaterialPart|MPMP-00038345|001
Packaging Material Part|90964281|001
Packaging Material Part|91040406|001
pgMasterPackagingMaterialPart|MPMP-00037291|001
Packaging Material Part|91040459|001
pgMasterPackagingMaterialPart|MPMP-00038378|001
pgMasterPackagingMaterialPart|MPMP-00096212|001
Packaging Material Part|90946239|001
Packaging Material Part|91040389|001
Packaging Material Part|90966884|001
Packaging Material Part|91044432|001
Packaging Material Part|91044474|001
Packaging Material Part|91005254|001
POA|POA-00142954|001
POA|POA-00139651|001
POA|POA-00142955|001
pgMasterPackagingMaterialPart|MPMP-00077833|002
Packaging Material Part|91145621|001
pgMasterPackagingMaterialPart|MPMP-00063024|002
Packaging Material Part|91145485|001
POA|POA-00164152|001
POA|POA-00164147|001
POA|POA-00171809|001
POA|POA-00171727|001
POA|POA-00171796|001
POA|POA-00174845|001
POA|POA-00142957|001
POA|POA-00139649|001
POA|POA-00165942|001
POA|POA-00142956|001
POA|POA-00171902|001
POA|POA-00171964|001
POA|POA-00171969|001
Packaging Material Part|91070185|001
Packaging Material Part|91086999|001
Packaging Material Part|91160974|001
Packaging Material Part|91107354|001
Packaging Material Part|91070186|001
Packaging Material Part|91107355|001
Packaging Material Part|91125897|001
Packaging Material Part|91160976|001
Packaging Material Part|91107356|001
Packaging Material Part|91125905|001
pgMasterPackagingMaterialPart|MPMP-00095574|001
POA|POA-00161345|001
POA|POA-00161360|001
POA|POA-00177132|001
pgMasterPackagingMaterialPart|MPMP-00095064|003
Packaging Material Part|91091339|001
pgMasterPackagingMaterialPart|MPMP-00041858|001
Packaging Material Part|91159761|001
POA|POA-00144419|001
Packaging Material Part|90771089|003
Packaging Material Part|91040486|002
pgMasterPackagingMaterialPart|MPMP-00038361|001
Packaging Material Part|90990430|001
Packaging Material Part|91009419|001
pgMasterPackagingMaterialPart|MPMP-00038372|001
Packaging Material Part|91155671|001
Packaging Material Part|90910253|001
Packaging Material Part|90892224|001
Packaging Material Part|91105609|001
Packaging Material Part|90910242|001
Packaging Material Part|91009413|001
pgMasterPackagingMaterialPart|MPMP-00038331|001
Packaging Material Part|90910244|001
Packaging Material Part|90859393|001
Packaging Material Part|91067820|001
Packaging Material Part|91009414|001
Packaging Material Part|91155669|001
Packaging Material Part|90990392|001
Packaging Material Part|91009416|001
Packaging Material Part|90910246|001
Packaging Material Part|91009421|001
Packaging Material Part|91155675|001
Packaging Material Part|91123596|001
Packaging Material Part|90859391|001
Packaging Material Part|91009422|001
Packaging Material Part|91111605|002
Packaging Material Part|91073025|002
Packaging Material Part|90752261|002
POA|POA-00132870|001
Packaging Material Part|91183677|001
Packaging Material Part|91183676|001
Packaging Material Part|91183632|001
Packaging Material Part|91067822|001
Packaging Material Part|90973331|002
pgMasterPackagingMaterialPart|MPMP-00093932|002
Packaging Material Part|90973290|002
pgMasterPackagingMaterialPart|MPMP-00093935|002
POA|POA-00166615|001
Packaging Material Part|91002778|001
Packaging Material Part|91002769|001
POA|POA-00175082|001
POA|POA-00170692|001
POA|POA-00161344|001
Packaging Material Part|91184681|001
Packaging Material Part|90964280|002
Packaging Material Part|91004081|002
Packaging Material Part|91040461|002
Packaging Material Part|91061755|002
Packaging Material Part|91081045|002
pgMasterPackagingMaterialPart|MPMP-00097970|001
Packaging Material Part|91089160|001
pgMasterPackagingMaterialPart|MPMP-00097823|001
Packaging Material Part|91164700|001
Packaging Material Part|91202889|001
pgMasterPackagingMaterialPart|MPMP-00052335|001
Packaging Material Part|91202162|001
Packaging Material Part|91240026|001
Packaging Material Part|91182546|001
POA|POA-00159316|001
Packaging Material Part|90990630|003
POA|POA-00175077|001
POA|POA-00175105|001
POA|POA-00175097|001
POA|POA-00175099|001
POA|POA-00175107|001
POA|POA-00175074|001
POA|POA-00175093|001
POA|POA-00175102|001
POA|POA-00171726|001
POA|POA-00171795|001
POA|POA-00183008|001
POA|POA-00182991|001
Packaging Material Part|91239322|001
pgMasterPackagingMaterialPart|MPMP-00058185|002
Packaging Material Part|91239323|001
Packaging Material Part|91202640|001
pgMasterPackagingMaterialPart|MPMP-00098777|001
pgMasterPackagingMaterialPart|MPMP-00058192|001
Packaging Material Part|91167563|001
Packaging Material Part|91220572|001
Packaging Material Part|91219424|001
Packaging Material Part|91219041|001
POA|POA-00171901|001
POA|POA-00171808|001
POA|POA-00171963|001
POA|POA-00171968|001
Packaging Material Part|91100432|001
Packaging Material Part|91100433|001
Packaging Material Part|91202175|001
Packaging Material Part|91100434|001
Packaging Material Part|91081049|001
Packaging Material Part|91146992|001
POA|POA-00175110|001
POA|POA-00175117|001
POA|POA-00175115|001
POA|POA-00175103|001
POA|POA-00177594|001
POA|POA-00177592|001
POA|POA-00177487|001
POA|POA-00177526|001
POA|POA-00177505|001
POA|POA-00177520|001
POA|POA-00177587|001
POA|POA-00177596|001
POA|POA-00177584|001
POA|POA-00177493|001
POA|POA-00177479|001
POA|POA-00177473|001
POA|POA-00177530|001
POA|POA-00177511|001
POA|POA-00177595|001
POA|POA-00177501|001
POA|POA-00177582|001
POA|POA-00177580|001
POA|POA-00177574|001
POA|POA-00177476|001
pgMasterPackagingMaterialPart|MPMP-00076997|001
POA|POA-00139650|001
pgMasterPackagingMaterialPart|MPMP-00088326|001
Packaging Material Part|90663352|002
pgMasterPackagingMaterialPart|MPMP-00088335|001
pgMasterPackagingMaterialPart|MPMP-00082506|001
POA|POA-00139647|001
Packaging Material Part|90676426|002
POA|POA-00180022|001
POA|POA-00180030|001
POA|POA-00184445|001
POA|POA-00181595|001
POA|POA-00177517|001
POA|POA-00177475|001
POA|POA-00177523|001
POA|POA-00181605|001
Packaging Material Part|91195796|001
Packaging Material Part|91254175|001
Packaging Material Part|91254173|001
POA|POA-00181802|001
POA|POA-00184419|001
POA|POA-00184421|001
POA|POA-00186786|001
Packaging Material Part|91208528|001
Packaging Material Part|91247383|001
Packaging Material Part|91208527|001
Packaging Material Part|91247375|001
Packaging Material Part|91129884|002
pgArtwork|POA-10037484|001
POA|POA-00184449|001
POA|POA-00184457|001
pgArtwork|POA-10037485|001
Packaging Material Part|91089962|002
pgMasterPackagingMaterialPart|MPMP-00099241|001
pgMasterPackagingMaterialPart|MPMP-00099591|001
Packaging Material Part|91248880|001
pgMasterPackagingMaterialPart|MPMP-00099592|001
Packaging Material Part|91194778|001
Packaging Material Part|91248882|001
Packaging Material Part|91210124|001
Packaging Material Part|91194783|001
pgMasterPackagingMaterialPart|MPMP-00099728|001
Packaging Material Part|91248902|001
Packaging Material Part|91194782|001
POA|POA-00184438|001
POA|POA-00184442|001
Packaging Material Part|91229943|001
Packaging Material Part|90963709|002
POA|POA-00186790|001
POA|POA-00186789|001
POA|POA-00188564|001
POA|POA-00180334|001
POA|POA-00182226|001
POA|POA-00183560|001
POA|POA-00180333|001
pgArtwork|POA-10037483|001
Packaging Material Part|91129883|002
pgArtwork|POA-10037491|001
Packaging Material Part|91129885|002
pgArtwork|POA-10037486|001
Packaging Material Part|91110602|002
POA|POA-00180793|001
Packaging Material Part|91258985|001
Packaging Material Part|91180224|001
POA|POA-00184452|001
Packaging Material Part|91238920|001
pgMasterPackagingMaterialPart|MPMP-00099589|001
POA|POA-00184403|001
POA|POA-00184281|001
Packaging Material Part|91180221|001
pgMasterPackagingMaterialPart|MPMP-00102123|001
POA|POA-00184299|001
POA|POA-00184048|001
Packaging Material Part|91202176|002
Packaging Material Part|91317157|001
pgMasterPackagingMaterialPart|MPMP-00102290|001
Packaging Material Part|91316039|001
Packaging Material Part|91341772|001
Packaging Material Part|91299856|001
Packaging Material Part|91285507|001
Packaging Material Part|91341779|001
Packaging Material Part|91343405|001
POA|POA-00184282|001
POA|POA-00184300|001
POA|POA-00184049|001
POA|POA-00137143|001
pgIllustration|ILST-00025159|001
Packaging Material Part|90747965|002
POA|POA-00137124|001
Packaging Material Part|90784885|002
pgIllustration|ILST-00025156|001
POA|POA-00137095|001
Packaging Material Part|90751089|002
POA|POA-00139675|001
Packaging Material Part|90771458|002
POA|POA-00139659|001
Packaging Material Part|90804275|002
Packaging Material Part|90768950|002
POA|POA-00137088|001
pgIllustration|ILST-00025157|001
Packaging Material Part|90747729|002
POA|POA-00137089|001
pgIllustration|ILST-00025158|001
POA|POA-00137141|001
Packaging Material Part|90769055|002
POA|POA-00137087|001
Packaging Material Part|90768952|002
POA|POA-00137122|001
Packaging Material Part|90747915|002
Packaging Material Part|90747963|002
POA|POA-00137142|001
POA|POA-00185597|001
POA|POA-00185586|001
POA|POA-00185611|001
POA|POA-00185625|001
POA|POA-00185629|001
pgMasterPackagingMaterialPart|MPMP-00102512|001
Packaging Material Part|91258986|001
Packaging Material Part|90984574|003
pgIllustration|ILST-00035752|001
pgIllustration|ILST-00035753|001
Packaging Material Part|91306732|001
Packaging Material Part|91299820|001
Packaging Material Part|91341784|001
Packaging Material Part|91322028|001
POA|POA-00191404|001
POA|POA-00191408|001
POA|POA-00185153|001
POA|POA-00192872|001
pgMasterPackagingMaterialPart|MPMP-00038455|001
Packaging Material Part|91281064|001
Packaging Material Part|91437172|001
pgMasterPackagingMaterialPart|MPMP-00038444|001
Packaging Material Part|91359793|001
Packaging Material Part|91359797|001
Packaging Material Part|91281026|001
Packaging Material Part|91376544|001
Packaging Material Part|91280904|001
Packaging Material Part|91428973|001
POA|POA-00185643|001
POA|POA-00185641|001
POA|POA-00185645|001
POA|POA-00192726|001
POA|POA-00192727|001
POA|POA-00192690|001
POA|POA-00185633|001
POA|POA-00192693|001
pgMasterPackagingMaterialPart|MPMP-00103718|001
pgMasterPackagingMaterialPart|MPMP-00103638|001
Packaging Material Part|91397278|001
Packaging Material Part|91415228|001
Packaging Material Part|91401478|001
Packaging Material Part|91412899|001
pgMasterPackagingMaterialPart|MPMP-00103616|001
Packaging Material Part|91378992|001
pgMasterPackagingMaterialPart|MPMP-00103631|001
pgMasterPackagingMaterialPart|MPMP-00103719|001
Packaging Material Part|91401482|001
pgMasterPackagingMaterialPart|MPMP-00038484|001
Packaging Material Part|91380372|001
Packaging Material Part|91360892|001
Packaging Material Part|91380460|001
Packaging Material Part|91361355|001
Packaging Material Part|91402065|001
Packaging Material Part|91402066|001
Packaging Material Part|91360353|001
pgMasterPackagingMaterialPart|MPMP-00103709|001
Packaging Material Part|91437448|001
POA|POA-00192472|001
POA|POA-00185166|001
POA|POA-00182225|001
Packaging Material Part|90984976|002
POA|POA-00185154|001
POA|POA-00185164|001
POA|POA-00199584|001
POA|POA-00195482|001
POA|POA-00195442|001
POA|POA-00195471|001
POA|POA-00195437|001
POA|POA-00195434|001
POA|POA-00194336|001
POA|POA-00185585|001
Packaging Material Part|91112610|002
POA|POA-00192692|001
Packaging Material Part|91368482|001
Packaging Material Part|91404629|001
Packaging Material Part|91451104|001
Packaging Material Part|91368053|001
Packaging Material Part|91451595|001
Packaging Material Part|91451096|001
Packaging Material Part|91419984|001
Packaging Material Part|91451608|001
Packaging Material Part|91451594|001
Packaging Material Part|91451592|001
Packaging Material Part|91451283|001
Packaging Material Part|91451094|001
Packaging Material Part|91386336|001
POA|POA-00185639|001
Packaging Material Part|91423174|001
Packaging Material Part|91387273|001
Packaging Material Part|91453032|001
Packaging Material Part|91455274|001
Packaging Material Part|91406358|001
Packaging Material Part|91406354|001
Packaging Material Part|91422967|001
Packaging Material Part|91388499|001
Packaging Material Part|91369914|001
Packaging Material Part|91422856|001
Packaging Material Part|91406351|001
POA|POA-00201612|001
pgMasterPackagingMaterialPart|MPMP-00105182|001
Packaging Material Part|91370720|001
pgMasterPackagingMaterialPart|MPMP-00037573|001
Packaging Material Part|91458275|001
Packaging Material Part|91455711|001
Packaging Material Part|91458278|001
Packaging Material Part|91424239|001
Packaging Material Part|91457194|001
Packaging Material Part|91457196|001
Packaging Material Part|91457421|001
Packaging Material Part|91457422|001
Packaging Material Part|91389609|001
Packaging Material Part|91424240|001
Packaging Material Part|91370723|001
POA|POA-00200620|001
POA|POA-00199587|001
POA|POA-00200628|001
POA|POA-00202602|001
POA|POA-00202756|001
POA|POA-00200671|001
POA|POA-00200682|001
Packaging Material Part|91427580|001
Packaging Material Part|91392453|001
Packaging Material Part|91463393|001
Packaging Material Part|91463396|001
Packaging Material Part|91464156|001
Packaging Material Part|91464155|001
pgMasterPackagingMaterialPart|MPMP-00038509|001
Packaging Material Part|91464157|001
Packaging Material Part|91427676|001
Packaging Material Part|91464220|001
pgPackingInstructions|PI-00047490|002
POA|POA-00202770|001
Packaging Material Part|91535265|001
Packaging Material Part|91535250|001
Packaging Material Part|91485065|001
Packaging Material Part|91468718|001
Packaging Material Part|91484576|001
Packaging Material Part|91485069|001
POA|POA-00195440|001
Packaging Material Part|91434947|002
Packaging Material Part|91437485|002
Packaging Material Part|91370603|002
pgMasterPackagingMaterialPart|MPMP-00038506|001
Packaging Material Part|91407288|002
pgMasterPackagingMaterialPart|MPMP-00104463|002
Packaging Material Part|91434949|002
pgMasterPackagingMaterialPart|MPMP-00104151|002
Packaging Material Part|91410418|002
Packaging Material Part|91407362|002
Packaging Material Part|91361359|002
Packaging Material Part|91434948|002
Packaging Material Part|91370722|002
Packaging Material Part|91486380|001
Packaging Material Part|91469425|001
Packaging Material Part|91518296|001
Packaging Material Part|91469381|001
Packaging Material Part|91518316|001
Packaging Material Part|91561818|001
Packaging Material Part|91500231|001
Packaging Material Part|91486139|001
Packaging Material Part|91486143|001
POA|POA-00205472|001
POA|POA-00205521|001
POA|POA-00205509|001
POA|POA-00205322|001
POA|POA-00205196|001
POA|POA-00206674|001
POA|POA-00200869|001
POA|POA-00205522|001
POA|POA-00206678|001
POA|POA-00202928|001
POA|POA-00205197|001
POA|POA-00208547|001
POA|POA-00206669|001
Packaging Material Part|91194626|002
Packaging Material Part|91171927|002
Packaging Material Part|91171928|002
Packaging Material Part|91194630|002
Packaging Material Part|91222507|002
Packaging Material Part|91222505|002
Packaging Material Part|91194625|002
Packaging Material Part|91222506|002
Packaging Material Part|91248473|002
Packaging Material Part|91248472|002
Packaging Material Part|91194629|002
Packaging Material Part|91518325|001
Packaging Material Part|91486402|001
Packaging Material Part|91518312|001
Packaging Material Part|91500201|001
Packaging Material Part|91561823|001
Packaging Material Part|91500150|001
POA|POA-00205523|001
POA|POA-00205512|001
POA|POA-00205488|001
pgMasterPackagingMaterialPart|MPMP-00104467|003
pgMasterPackagingMaterialPart|MPMP-00104464|002
Packaging Material Part|91526062|001
POA|POA-00194335|001
POA|POA-00185182|001
Packaging Material Part|91526788|001
Packaging Material Part|91526773|001
POA|POA-00185180|001
POA|POA-00202774|001
POA|POA-00205511|001
POA|POA-00202912|001
POA|POA-00202803|001
POA|POA-00202782|001
POA|POA-00200783|001
Packaging Material Part|91570893|001
Packaging Material Part|91489947|001
Packaging Material Part|91570914|001
Packaging Material Part|91570915|001
Packaging Material Part|91524659|001
Packaging Material Part|91570923|001
Packaging Material Part|91476303|001
Packaging Material Part|91570866|001
Packaging Material Part|91478759|001
Packaging Material Part|91508199|001
Packaging Material Part|91574308|001
Packaging Material Part|91508201|001
Packaging Material Part|91526341|001
Packaging Material Part|91574320|001
Packaging Material Part|91526361|001
Packaging Material Part|91508208|001
Packaging Material Part|91574317|001
Packaging Material Part|91526364|001
Packaging Material Part|91508214|001
Packaging Material Part|91478772|001
Packaging Material Part|91508217|001
Packaging Material Part|91508221|001
Packaging Material Part|91574341|001
POA|POA-00206008|001
POA|POA-00206015|001
POA|POA-00206002|001
POA|POA-00200886|001
POA|POA-00206278|001
POA|POA-00195387|001
POA|POA-00206003|001
POA|POA-00195385|001
Packaging Material Part|91585233|001
Packaging Material Part|91494982|001
POA|POA-00209033|001
POA|POA-00195383|001
POA|POA-00195384|001
Packaging Material Part|91627241|001
Packaging Material Part|91507518|001
Packaging Material Part|91476393|001
Packaging Material Part|91476394|001
POA|POA-00192689|001
POA|POA-00192471|001
POA|POA-00210046|001
POA|POA-00210080|001
POA|POA-00212089|001
POA|POA-00212247|001
POA|POA-00212071|001
POA|POA-00212082|001
POA|POA-00212291|001
POA|POA-00212287|001
POA|POA-00212115|001
POA|POA-00208502|001
POA|POA-00202931|001
POA|POA-00210002|001
POA|POA-00208458|001
POA|POA-00210558|001
POA|POA-00209998|001
POA|POA-00209992|001
POA|POA-00209995|001
POA|POA-00202934|001
POA|POA-00212025|001
POA|POA-00212006|001
POA|POA-00212188|001
POA|POA-00212220|001
POA|POA-00212009|001
POA|POA-00212087|001
POA|POA-00212014|001
POA|POA-00208460|001
POA|POA-00208464|001
POA|POA-00208507|001
POA|POA-00208400|001
POA|POA-00212121|001
Packaging Material Part|91613898|001
Packaging Material Part|91629740|001
Packaging Material Part|91613857|001
Packaging Material Part|91601761|001
Packaging Material Part|91601766|001
Packaging Material Part|91649749|001
POA|POA-00212422|001
POA|POA-00210000|001
POA|POA-00210005|001
POA|POA-00212271|001
POA|POA-00212289|001
POA|POA-00210305|001
POA|POA-00212027|001
Packaging Material Part|91649371|001
POA|POA-00212017|001
POA|POA-00209982|001
Packaging Material Part|91652212|001
Packaging Material Part|91627910|001
pgMasterPackagingMaterialPart|MPMP-00110447|001
POA|POA-00210079|001
POA|POA-00210023|001
POA|POA-00208466|001
POA|POA-00212016|001
POA|POA-00212019|001
POA|POA-00212022|001
POA|POA-00209976|001
POA|POA-00208473|001
POA|POA-00208477|001
POA|POA-00208468|001
POA|POA-00212020|001
POA|POA-00212023|001
POA|POA-00209981|001
POA|POA-00212013|001
Packaging Material Part|91593171|001
POA|POA-00206004|001
Packaging Material Part|91411629|003
POA|POA-00205498|001
POA|POA-00205502|001
Packaging Assembly Part|91590420|001
Packaging Assembly Part|91613895|001
POA|POA-00200690|001
POA|POA-00205504|001
POA|POA-00205500|001
pgMasterPackagingMaterialPart|MPMP-00108854|003
Packaging Material Part|91635228|001
pgMasterPackagingMaterialPart|MPMP-00111010|002
Packaging Material Part|91657296|001
Packaging Material Part|91604115|001
Packaging Material Part|91606636|001
POA|POA-00218478|001
POA|POA-00218476|001
POA|POA-00218418|001
POA|POA-00217844|001
POA|POA-00218422|001
POA|POA-00218481|001
POA|POA-00218322|001
POA|POA-00212005|001
POA|POA-00212008|001
Packaging Material Part|91592218|001
POA|POA-00220103|001
Packaging Material Part|91651198|002
pgMasterPackagingMaterialPart|MPMP-00107438|001
pgMasterPackagingMaterialPart|MPMP-00107582|001
Packaging Material Part|91528415|002
POA|POA-00212032|001
Packaging Material Part|91630335|002
POA|POA-00212035|001
pgMasterPackagingMaterialPart|MPMP-00110627|002
POA|POA-00212029|001
Packaging Material Part|91528416|002
POA|POA-00212037|001
POA|POA-00211967|001
POA|POA-00211966|001
POA|POA-00211998|001
POA|POA-00211999|001
POA|POA-00211996|001
POA|POA-00211995|001
POA|POA-00211994|001
POA|POA-00211993|001
POA|POA-00212000|001
POA|POA-00211997|001
pgMasterPackagingMaterialPart|MPMP-00112060|001
Packaging Material Part|91709160|001
pgMasterPackagingMaterialPart|MPMP-00112059|001
pgMasterPackagingMaterialPart|MPMP-00112011|001
pgMasterPackagingMaterialPart|MPMP-00112014|001
Packaging Material Part|91751947|001
Packaging Material Part|91695966|001
Packaging Material Part|91713393|001
Packaging Material Part|91695967|001
Packaging Material Part|91747570|001
Packaging Material Part|91709147|001
Packaging Material Part|91663405|001
Packaging Material Part|91687821|001
Packaging Material Part|91725288|001
Packaging Material Part|91663409|001
POA|POA-00217474|001
POA|POA-00217466|001
POA|POA-00208493|001
POA|POA-00208488|001
POA|POA-00208497|001
Packaging Material Part|91754705|001
Packaging Material Part|91714293|001
Packaging Material Part|91702365|001
Packaging Material Part|91702314|001
Packaging Material Part|91754707|001
Packaging Material Part|91726444|001
Packaging Material Part|91702357|001
Packaging Material Part|91667753|001
Packaging Material Part|91754701|001
Packaging Material Part|91754700|001
Packaging Material Part|91754693|001
Packaging Material Part|91754712|001
Packaging Material Part|91667761|001
Packaging Material Part|91754709|001
Packaging Material Part|91726452|001
Packaging Material Part|91726471|001
Packaging Material Part|91755452|001
Packaging Material Part|91754702|001
POA|POA-00217392|001
POA|POA-00217396|001
POA|POA-00217400|001
Packaging Material Part|91752100|001
pgMasterPackagingMaterialPart|MPMP-00113959|001
Packaging Material Part|91757123|001
POA|POA-00230553|001
POA|POA-00230551|001
POA|POA-00205532|001
POA|POA-00200890|001
POA|POA-00208482|001
POA|POA-00217470|001
Packaging Material Part|91633563|002
Packaging Material Part|91570854|002
Packaging Material Part|91626743|002
Packaging Material Part|91494983|002
POA|POA-00205596|001
POA|POA-00205638|001
POA|POA-00205496|001
POA|POA-00200888|001
Packaging Material Part|91761406|001
Packaging Material Part|91717974|001
Packaging Material Part|91706863|001
Packaging Material Part|91740895|001
Packaging Material Part|91761974|001
Packaging Material Part|91673022|001
Packaging Material Part|91673020|001
Packaging Material Part|91706868|001
Packaging Material Part|91761970|001
Packaging Material Part|91761975|001
POA|POA-00205493|001
POA|POA-00205567|001
POA|POA-00205491|001
POA|POA-00205527|001
POA|POA-00205530|001
POA|POA-00221666|001
pgMasterPackagingMaterialPart|MPMP-00114019|001
Packaging Material Part|91706755|001
Packaging Material Part|91761409|001
Packaging Material Part|91672760|001
Packaging Material Part|91672755|001
Packaging Material Part|91761472|001
POA|POA-00217462|001
POA|POA-00219968|001
POA|POA-00221659|001
POA|POA-00221670|001
POA|POA-00237340|001
POA|POA-00217388|001
POA|POA-00217389|001
POA|POA-00217390|001
POA|POA-00205608|001
POA|POA-00208490|001
POA|POA-00208479|001
POA|POA-00208495|001
POA|POA-00221661|001
POA|POA-00221672|001
POA|POA-00226836|001
POA|POA-00227463|001
POA|POA-00226135|001
POA|POA-00226541|001
Packaging Material Part|91741064|001
POA|POA-00221668|001
POA|POA-00226847|001
POA|POA-00226221|001
POA|POA-00226226|001
POA|POA-00234485|001
POA|POA-00226560|001
pgMasterPackagingMaterialPart|MPMP-00110053|004
Packaging Material Part|91705679|001
pgMasterPackagingMaterialPart|MPMP-00110054|002
Packaging Material Part|91671726|001
Packaging Material Part|91705680|001
POA|POA-00226832|001
POA|POA-00226562|001
POA|POA-00226546|001
POA|POA-00234486|001
POA|POA-00200897|001
POA|POA-00226127|001
POA|POA-00227485|001
POA|POA-00226133|001
POA|POA-00205585|001
pgMasterPackagingMaterialPart|MPMP-00115878|001
pgMasterPackagingMaterialPart|MPMP-00115877|001
pgMasterPackagingMaterialPart|MPMP-00115874|001
Packaging Material Part|91748899|001
Packaging Material Part|91710661|001
Packaging Material Part|91722646|001
Packaging Material Part|91722587|001
Packaging Material Part|91688772|001
Packaging Material Part|91693919|001
POA|POA-00239660|001
POA|POA-00239654|001
POA|POA-00239668|001
POA|POA-00239666|001
POA|POA-00239656|001
POA|POA-00239652|001
POA|POA-00239661|001
POA|POA-00239664|001
Packaging Material Part|91747573|001
Packaging Material Part|91732414|001
Packaging Material Part|91687825|001
Packaging Material Part|91759368|001
Packaging Material Part|91636850|001
Packaging Material Part|91732415|001
Packaging Material Part|91716849|001
Packaging Material Part|91687826|001
POA|POA-00205611|001
Packaging Material Part|91746322|001
Packaging Material Part|91746324|001
Packaging Material Part|91763257|001
Packaging Material Part|91791945|001
Packaging Material Part|91791946|001
Packaging Material Part|91820683|001
Packaging Material Part|91641311|002
pgMasterPackagingMaterialPart|MPMP-00117147|001
Packaging Material Part|91529136|002
Packaging Material Part|91758794|001
Packaging Material Part|91810699|001
Packaging Material Part|91810687|001
Packaging Material Part|91772696|001
Packaging Material Part|91783048|001
Packaging Material Part|91823065|001
Packaging Material Part|91823060|001
Packaging Material Part|91772717|001
Packaging Material Part|91783000|001
Packaging Material Part|91636848|001
Packaging Material Part|91782648|001
pgMasterPackagingMaterialPart|MPMP-00110057|002
pgMasterPackagingMaterialPart|MPMP-00113393|001
Packaging Material Part|91765479|001
Packaging Material Part|91687822|001
Packaging Material Part|91782647|001
Packaging Material Part|91635654|001
Packaging Material Part|91782646|001
Packaging Material Part|91822597|001
pgIllustration|91599836|002
Packaging Material Part|91683785|001
pgMasterPackagingMaterialPart|MPMP-00116401|001
Packaging Material Part|91777415|001
Packaging Material Part|91718976|001
Packaging Material Part|91698752|002
pgArtwork|POA-00043754|001
pgArtwork|POA-00048101|001
Packaging Material Part|91676286|002
pgMasterPackagingMaterialPart|MPMP-00043221|002
Packaging Material Part|91909537|002
pgArtwork|POA-00052307|001
pgArtwork|POA-00043755|001
Packaging Material Part|91795070|002
Packaging Material Part|91700215|002
pgArtwork|POA-00053767|001
pgMasterPackagingMaterialPart|MPMP-00043261|002
Packaging Material Part|91881345|002
pgArtwork|POA-00052289|001
pgArtwork|POA-00071107|001
Packaging Material Part|91853900|002
Packaging Material Part|91679618|002
pgArtwork|POA-00041561|001
pgArtwork|POA-00053780|001
Packaging Material Part|91797535|002
Packaging Material Part|91678747|002
pgArtwork|POA-00037787|001
pgArtwork|POA-00038484|001
Packaging Material Part|91794959|002
pgArtwork|POA-00041581|001
Packaging Material Part|90615071|002
pgArtwork|POA-00124359|001
pgArtwork|POA-00054010|001
Packaging Material Part|91692047|002
Packaging Material Part|91700262|002
pgArtwork|POA-00046688|001
Packaging Material Part|90651784|002
pgArtwork|POA-00127811|001
Packaging Material Part|91876238|002
pgArtwork|POA-00052292|001
pgArtwork|POA-00053768|001
Packaging Material Part|91797537|002
pgArtwork|POA-00053987|001
Packaging Material Part|91876239|002
pgArtwork|POA-00053994|001
Packaging Material Part|91909480|002
pgArtwork|POA-00052303|001
Packaging Material Part|91886998|002
pgArtwork|POA-00081557|001
Packaging Material Part|91992725|002
pgArtwork|POA-00045753|001
Packaging Material Part|91797645|002
pgArtwork|POA-00067263|001
Packaging Material Part|91854084|002
Packaging Material Part|91892263|002
pgArtwork|POA-00052305|001
Packaging Material Part|91676238|002
pgArtwork|POA-00053774|001
pgArtwork|POA-00053765|001
Packaging Material Part|91681150|002
pgMasterPackagingMaterialPart|MPMP-00043215|002
pgArtwork|POA-00052299|001
Packaging Material Part|91909532|002
Packaging Material Part|91676285|002
pgArtwork|POA-00048407|001
pgArtwork|POA-00071110|001
Packaging Material Part|91683010|002
Packaging Material Part|91683005|002
pgArtwork|POA-00067762|001
pgArtwork|POA-00048409|001
Packaging Material Part|91797646|002
pgArtwork|POA-00127806|001
Packaging Material Part|90699703|002
Packaging Material Part|91676237|002
pgArtwork|POA-00059010|001
Packaging Material Part|91702055|002
pgArtwork|POA-00066828|001
Packaging Material Part|91697861|002
pgArtwork|POA-00037789|001
pgArtwork|POA-00058323|001
Packaging Material Part|91909536|002
pgArtwork|POA-00052339|001
Packaging Material Part|91909531|002
pgArtwork|POA-00055889|001
Packaging Material Part|91889801|002
Packaging Material Part|91893851|002
pgArtwork|POA-00051045|001
pgArtwork|POA-00053988|001
Packaging Material Part|91881318|002
Packaging Material Part|91879020|002
pgArtwork|POA-00055874|001
Packaging Material Part|91992723|002
pgMasterPackagingMaterialPart|MPMP-00043213|002
pgArtwork|POA-00082047|001
pgArtwork|POA-00052302|001
Packaging Material Part|91881344|002
pgArtwork|POA-00053769|001
Packaging Material Part|91797539|002
Packaging Material Part|91858719|002
pgArtwork|POA-00067269|001
Packaging Material Part|91797538|002
pgArtwork|POA-00053781|001
POA|POA-00231937|001
pgArtwork|POA-00123919|001
Packaging Material Part|91548837|002
Packaging Material Part|91741641|002
pgArtwork|POA-00123920|001
pgMasterPackagingMaterialPart|MPMP-00115411|002
Packaging Material Part|91747127|001
Packaging Material Part|91720846|001
pgMasterPackagingMaterialPart|MPMP-00071980|001
Packaging Material Part|91686687|001
Packaging Material Part|91784101|001
pgMasterPackagingMaterialPart|MPMP-00117081|002
POA|POA-00248067|001
POA|POA-00248065|001
POA|POA-00248061|001
POA|POA-00248057|001
POA|POA-00245133|001
Packaging Material Part|91785742|001
POA|POA-00248069|001
Packaging Material Part|91713830|001
POA|POA-00247278|001
POA|POA-00247872|001
Packaging Material Part|91828986|001
Packaging Material Part|91775545|001
Packaging Material Part|91829114|001
pgMasterPackagingMaterialPart|MPMP-00111998|001
pgMasterPackagingMaterialPart|MPMP-00117727|001
Packaging Material Part|91741061|001
Packaging Material Part|91786308|001
Packaging Material Part|91762682|001
Packaging Material Part|91707030|001
Packaging Material Part|91802239|001
Packaging Material Part|91812873|001
pgMasterPackagingMaterialPart|MPMP-00073052|001
pgArtwork|POA-00113416|001
Packaging Material Part|91733276|002
POA|POA-00132902|001
pgMasterPackagingMaterialPart|MPMP-00090870|001
pgMasterPackagingMaterialPart|MPMP-00090702|001
Packaging Material Part|90830335|003
Packaging Material Part|91163331|002
pgArtwork|POA-00102674|001
pgMasterPackagingMaterialPart|MPMP-00070751|001
pgArtwork|POA-00103649|001
Packaging Material Part|91270194|002
pgArtwork|POA-00141343|001
Packaging Material Part|90814713|002
Packaging Material Part|90582079|002
pgArtwork|POA-00123228|001
pgArtwork|POA-00123233|001
Packaging Material Part|90626530|002
POA|POA-00234446|001
pgMasterPackagingMaterialPart|MPMP-00103715|002
POA|POA-00241693|001
POA|POA-00232015|001
POA|POA-00232022|001
POA|POA-00231940|001
POA|POA-00231946|001
POA|POA-00231956|001
POA|POA-00231960|001
POA|POA-00231942|001
POA|POA-00231958|001
POA|POA-00231948|001
POA|POA-00232013|001
POA|POA-00231962|001
POA|POA-00231944|001
POA|POA-00231954|001
POA|POA-00231952|001
POA|POA-00231950|001
pgMasterPackagingMaterialPart|MPMP-00118187|001
POA|POA-00230063|001
POA|POA-00230060|001
Packaging Material Part|91831726|001
pgMasterPackagingMaterialPart|MPMP-00118032|001
Packaging Material Part|91847590|001
Packaging Material Part|91809771|001
pgMasterPackagingMaterialPart|MPMP-00117310|001
Packaging Material Part|91752752|002
pgMasterPackagingMaterialPart|MPMP-00112005|002
POA|POA-00234048|001
Packaging Material Part|91705740|002
pgMasterPackagingMaterialPart|MPMP-00112438|002
POA|POA-00233929|001
POA|POA-00233937|001
pgMasterPackagingMaterialPart|MPMP-00111988|002
Packaging Material Part|91732896|002
Packaging Material Part|91696560|002
pgMasterPackagingMaterialPart|MPMP-00112002|002
Packaging Material Part|91726017|002
Packaging Material Part|91716928|002
POA|POA-00233906|001
pgMasterPackagingMaterialPart|MPMP-00111995|002
pgMasterPackagingMaterialPart|MPMP-00112444|001
POA|POA-00233895|001
Packaging Material Part|91666881|002
POA|POA-00233932|001
Packaging Material Part|91732875|001
pgMasterPackagingMaterialPart|MPMP-00117218|002
pgMasterPackagingMaterialPart|MPMP-00117214|001
Packaging Material Part|91716930|001
Packaging Material Part|91775446|001
Packaging Material Part|91759457|001
POA|POA-00233891|001
POA|POA-00233889|001
POA|POA-00233927|001
POA|POA-00233944|001
Packaging Material Part|91666882|002
POA|POA-00234037|001
POA|POA-00233905|001
POA|POA-00233940|001
POA|POA-00233955|001
POA|POA-00234040|001
POA|POA-00234067|001
POA|POA-00221375|001
POA|POA-00226224|001
POA|POA-00226137|001
POA|POA-00221397|001
POA|POA-00221387|001
POA|POA-00221418|001
POA|POA-00221371|001
POA|POA-00226538|001
POA|POA-00227407|001
POA|POA-00226794|001
pgMasterPackagingMaterialPart|MPMP-00118701|001
pgMasterPackagingMaterialPart|MPMP-00118632|001
Packaging Material Part|91848602|002
pgMasterPackagingMaterialPart|MPMP-00118703|001
pgMasterPackagingMaterialPart|MPMP-00118628|001
Packaging Material Part|91848605|002
pgMasterPackagingMaterialPart|MPMP-00118702|001
Packaging Material Part|91874244|002
pgMasterPackagingMaterialPart|MPMP-00118634|001
POA|POA-00233997|001
POA|POA-00234003|001
POA|POA-00234009|001
POA|POA-00249871|001
POA|POA-00238883|001
POA|POA-00238882|001
POA|POA-00249673|001
POA|POA-00234006|001
Packaging Material Part|91832678|001
Packaging Material Part|91841856|001
Packaging Material Part|91832718|001
Packaging Material Part|91832680|001
Packaging Material Part|91896515|001
Packaging Material Part|91864079|001
Packaging Material Part|91841852|001
Packaging Material Part|91897249|001
Packaging Material Part|91832676|001
Packaging Material Part|91850197|001
Packaging Material Part|91850196|001
Packaging Material Part|91842386|001
Packaging Material Part|91842388|001
Packaging Material Part|91864635|001
Packaging Material Part|91841855|001
Packaging Material Part|91896513|001
Packaging Material Part|91897236|001
Packaging Material Part|91832675|001
Packaging Material Part|91832677|001
Packaging Material Part|91896516|001
Packaging Material Part|91842390|001
Packaging Material Part|91841854|001
Packaging Material Part|91829002|001
Packaging Material Part|91752746|002
pgMasterPackagingMaterialPart|MPMP-00117226|002
Packaging Material Part|91752615|002
POA|POA-00222083|001
POA|POA-00221448|001
POA|POA-00231964|001
POA|POA-00221452|001
POA|POA-00232011|001
POA|POA-00226540|001
POA|POA-00232030|001
POA|POA-00222084|001
POA|POA-00232024|001
POA|POA-00221421|001
POA|POA-00244976|001
POA|POA-00232005|001
POA|POA-00232035|001
POA|POA-00232037|001
POA|POA-00232028|001
POA|POA-00221446|001
POA|POA-00221447|001
POA|POA-00227417|001
POA|POA-00226798|001
POA|POA-00251851|001
POA|POA-00251294|001
POA|POA-00245021|001
POA|POA-00251845|001
POA|POA-00251841|001
POA|POA-00253731|001
POA|POA-00230559|001
Packaging Material Part|91849154|001
POA|POA-00234000|001
Packaging Material Part|91899678|001
pgMasterPackagingMaterialPart|MPMP-00058073|002
Packaging Material Part|91848111|001
POA|POA-00252788|001
POA|POA-00233909|001
pgMasterPackagingMaterialPart|MPMP-00117217|002
pgMasterPackagingMaterialPart|MPMP-00117225|003
pgMasterPackagingMaterialPart|MPMP-00117219|003
pgMasterPackagingMaterialPart|MPMP-00117220|002
pgMasterPackagingMaterialPart|MPMP-00117228|003
POA|POA-00234051|001
POA|POA-00232061|001
POA|POA-00244978|001
POA|POA-00245023|001
POA|POA-00245026|001
POA|POA-00251786|001
POA|POA-00251296|001
POA|POA-00251794|001
POA|POA-00232063|001
POA|POA-00251269|001
pgMasterPackagingMaterialPart|MPMP-00117072|002
POA|POA-00234034|001
POA|POA-00232060|001
POA|POA-00232055|001
POA|POA-00232062|001
POA|POA-00232057|001
POA|POA-00232056|001
Packaging Material Part|91823544|001
Packaging Material Part|91869919|001
Packaging Material Part|91864081|001
Packaging Material Part|91896517|001
Packaging Material Part|91850198|001
Packaging Material Part|91901068|001
POA|POA-00232064|001
POA|POA-00249875|001
POA|POA-00232059|001
POA|POA-00258569|001
pgMasterPackagingMaterialPart|MPMP-00112015|003
Packaging Material Part|91901738|001
POA|POA-00258573|001
POA|POA-00258562|001
POA|POA-00258571|001
pgMasterPackagingMaterialPart|MPMP-00120029|001
Packaging Material Part|91762689|002
Packaging Material Part|91683500|002
Packaging Material Part|91762715|002
pgMasterPackagingMaterialPart|MPMP-00120027|001
POA|POA-00248074|001
POA|POA-00258579|001
POA|POA-00248060|001
POA|POA-00258592|001
POA|POA-00258564|001
pgMasterPackagingMaterialPart|MPMP-00034259|002
Packaging Material Part|91901651|001
Packaging Material Part|91870066|001
Packaging Material Part|91901617|001
Packaging Material Part|91845588|001
pgMasterPackagingMaterialPart|MPMP-00048298|001
Packaging Material Part|91903438|001
Packaging Material Part|91846497|001
Packaging Material Part|91718560|003
POA|POA-00233938|001
Packaging Material Part|91858878|001
Packaging Material Part|91900305|001
Packaging Material Part|91844591|001
Packaging Material Part|91835288|001
Packaging Material Part|91844597|001
Packaging Material Part|91844598|001
POA|POA-00255870|001
POA|POA-00258560|001
Packaging Material Part|91837676|001
Packaging Material Part|91904274|001
Packaging Material Part|91837681|001
Packaging Material Part|91904276|001
POA|POA-00248085|001
POA|POA-00248084|001
POA|POA-00258566|001
pgMasterPackagingMaterialPart|MPMP-00120170|001
Packaging Material Part|91860791|002
Packaging Material Part|91836611|002
Packaging Material Part|91903261|002
POA|POA-00244992|001
POA|POA-00244984|001
POA|POA-00237507|001
POA|POA-00237492|001
POA|POA-00256999|001
POA|POA-00234041|001
POA|POA-00244981|001
pgMasterPackagingMaterialPart|MPMP-00120535|001
Packaging Material Part|91813261|002
POA|POA-00234049|001
pgMasterPackagingMaterialPart|MPMP-00066212|002
pgMasterPackagingMaterialPart|MPMP-00109087|004
pgMasterPackagingMaterialPart|MPMP-00111012|003
pgMasterPackagingMaterialPart|MPMP-00109074|004
pgMasterPackagingMaterialPart|MPMP-00111011|003
POA|POA-00246764|001
POA|POA-00260182|001
POA|POA-00260172|001
POA|POA-00234052|001
POA|POA-00260594|001
POA|POA-00260592|001
POA|POA-00260590|001
pgMasterPackagingMaterialPart|MPMP-00046840|003
POA|POA-00245004|001
POA|POA-00251830|001
POA|POA-00244979|001
POA|POA-00246810|001
POA|POA-00246801|001
POA|POA-00244982|001
POA|POA-00246807|001
POA|POA-00244990|001
POA|POA-00245024|001
POA|POA-00251267|001
Packaging Material Part|91923744|001
Packaging Material Part|91923742|001
Packaging Material Part|91961276|001
POA|POA-00233933|001
POA|POA-00233941|001
Packaging Material Part|91963149|001
POA|POA-00258594|001
POA|POA-00227482|001
POA|POA-00234038|001
POA|POA-00233956|001
POA|POA-00233907|001
POA|POA-00255141|001
POA|POA-00255136|001
POA|POA-00260209|001
POA|POA-00227468|001
Packaging Material Part|91919123|001
Packaging Material Part|91925547|001
Packaging Material Part|91964381|001
Packaging Material Part|91964382|001
Packaging Material Part|91916714|001
pgMasterPackagingMaterialPart|MPMP-00119159|002
Packaging Material Part|91924753|001
Packaging Material Part|91924768|001
POA|POA-00260214|001
POA|POA-00234069|001
POA|POA-00255146|001
POA|POA-00260896|001
POA|POA-00260894|001
POA|POA-00265672|001
POA|POA-00265669|001
POA|POA-00261930|001
POA|POA-00266158|001
POA|POA-00260104|001
POA|POA-00261324|001
POA|POA-00260632|001
POA|POA-00261326|001
POA|POA-00258576|001
POA|POA-00227413|001
pgMasterPackagingMaterialPart|MPMP-00076759|002
POA|POA-00233918|001
POA|POA-00233930|001
POA|POA-00266872|001
POA|POA-00255143|001
POA|POA-00255139|001
POA|POA-00260648|001
POA|POA-00227430|001
POA|POA-00260930|001
POA|POA-00261308|001
POA|POA-00261301|001
Packaging Material Part|91967941|001
pgMasterPackagingMaterialPart|MPMP-00119071|001
Packaging Material Part|91967945|001
pgMasterPackagingMaterialPart|MPMP-00099366|002
Packaging Material Part|91915511|001
Packaging Material Part|91967936|001
Packaging Material Part|91937571|001
pgMasterPackagingMaterialPart|MPMP-00119072|001
Packaging Material Part|91937572|001
Packaging Material Part|91937574|001
Packaging Material Part|91937555|001
pgMasterPackagingMaterialPart|MPMP-00103639|002
pgMasterPackagingMaterialPart|MPMP-00119069|001
Packaging Material Part|91921320|001
Packaging Material Part|91927324|001
Packaging Material Part|91967914|001
Packaging Material Part|91927323|001
pgMasterPackagingMaterialPart|MPMP-00058197|002
Packaging Material Part|91915133|001
Packaging Assembly Part|91915697|001
Packaging Assembly Part|91968250|001
pgMasterPackagingMaterialPart|MPMP-00122000|001
Packaging Material Part|91924767|002
pgMasterPackagingMaterialPart|MPMP-00121857|001
Packaging Material Part|91963900|002
Packaging Material Part|91963899|002
Packaging Material Part|91963897|002
POA|POA-00270197|001
POA|POA-00270205|001
POA|POA-00270373|001
Packaging Material Part|91928119|001
POA|POA-00264488|001
POA|POA-00264487|001
Packaging Material Part|91901652|002
POA|POA-00261290|001
POA|POA-00267855|001
POA|POA-00267843|001
POA|POA-00267848|001
POA|POA-00267766|001
POA|POA-00267854|001
POA|POA-00267820|001
POA|POA-00251843|001
POA|POA-00264476|001
POA|POA-00271480|001
POA|POA-00268073|001
POA|POA-00271482|001
POA|POA-00269395|001
POA|POA-00269801|001
POA|POA-00271489|001
POA|POA-00268111|001
POA|POA-00268113|001
Packaging Material Part|91975246|001
Packaging Material Part|90004430|001
Packaging Material Part|90015083|001
Packaging Material Part|91975244|001
Packaging Material Part|91980309|001
Packaging Material Part|90004426|001
Packaging Material Part|91980302|001
Packaging Material Part|90004431|001
Packaging Material Part|90015070|001
Packaging Material Part|90004433|001
Packaging Material Part|90004429|001
POA|POA-00271559|001
POA|POA-00271555|001
POA|POA-00271560|001
POA|POA-00271529|001
POA|POA-00267789|001
POA|POA-00263948|001
POA|POA-00269077|001
POA|POA-00269086|001
POA|POA-00267795|001
POA|POA-00267812|001
POA|POA-00267801|001
POA|POA-00267831|001
pgMasterPackagingMaterialPart|MPMP-00120227|001
Packaging Material Part|91945238|002
POA|POA-00271835|001
POA|POA-00271830|001
POA|POA-00271828|001
POA|POA-00271831|001
POA|POA-00272279|001
POA|POA-00271827|001
POA|POA-00271834|001
Packaging Material Part|91916305|001
pgMasterPackagingMaterialPart|MPMP-00123507|001
POA|POA-00260181|001
POA|POA-00267799|001
POA|POA-00255140|001
POA|POA-00268117|001
POA|POA-00272244|001
POA|POA-00260107|001
POA|POA-00255144|001
POA|POA-00268116|001
POA|POA-00273519|001
POA|POA-00232067|001
POA|POA-00232054|001
POA|POA-00232065|001
POA|POA-00232058|001
POA|POA-00271832|001
POA|POA-00271829|001
POA|POA-00271823|001
POA|POA-00258627|001
pgMasterPackagingMaterialPart|MPMP-00125064|001
Packaging Material Part|90005968|001
pgMasterPackagingMaterialPart|MPMP-00125053|001
Packaging Material Part|91976718|001
POA|POA-00273234|001
Packaging Material Part|90012894|001
Packaging Material Part|90002802|001
Packaging Material Part|90023946|001
Packaging Material Part|91978790|001
pgMasterPackagingMaterialPart|MPMP-00124955|001
Packaging Material Part|90024526|001
Packaging Material Part|90013056|001
Packaging Material Part|90007939|001
Packaging Material Part|90003006|001
Packaging Material Part|90007942|001
POA|POA-00261456|001
POA|POA-00274659|001
POA|POA-00274649|001
POA|POA-00274643|001
POA|POA-00274653|001
POA|POA-00274651|001
POA|POA-00274645|001
POA|POA-00274666|001
POA|POA-00274655|001
POA|POA-00274657|001
POA|POA-00274647|001
POA|POA-00274668|001
pgMasterPackagingMaterialPart|MPMP-00071694|002
POA|POA-00275145|001
POA|POA-00275188|001
pgMasterPackagingMaterialPart|MPMP-00124830|001
Packaging Material Part|91285081|002
pgMasterPackagingMaterialPart|MPMP-00058118|001
Packaging Material Part|91285078|002
POA|POA-00284783|001
Packaging Material Part|91131734|002
POA|POA-00170691|001
POA|POA-00239806|001
Packaging Material Part|91707291|002
Packaging Material Part|90030129|001
Packaging Material Part|90049567|001
Packaging Material Part|90058294|001
Packaging Material Part|90035121|001
Packaging Material Part|90049565|001
Packaging Material Part|90030119|001
Packaging Material Part|90043744|001
Packaging Material Part|90030123|001
Packaging Material Part|90058284|001
Packaging Material Part|90030125|001
Packaging Material Part|90058290|001
Packaging Material Part|90058286|001
Packaging Material Part|90058288|001
Packaging Material Part|90035141|001
POA|POA-00279021|001
POA|POA-00279020|001
Packaging Material Part|90037350|001
POA|POA-00285436|001
POA|POA-00285425|001
POA|POA-00285449|001
POA|POA-00285441|001
POA|POA-00285427|001
POA|POA-00285445|001
POA|POA-00285432|001
pgMasterPackagingMaterialPart|MPMP-00126956|001
pgMasterPackagingMaterialPart|MPMP-00127293|001
pgMasterPackagingMaterialPart|MPMP-00057962|001
Packaging Material Part|90048201|001
pgMasterPackagingMaterialPart|MPMP-00093122|001
Packaging Material Part|90055889|001
Packaging Assembly Part|90062056|001
POA|POA-00285420|001
POA|POA-00285434|001
POA|POA-00285438|001
POA|POA-00285430|001
POA|POA-00285447|001
POA|POA-00285422|001
POA|POA-00285443|001
POA|POA-00166617|001
Packaging Material Part|91018023|002
Packaging Material Part|90050322|001
Packaging Material Part|90036397|001
Packaging Material Part|90048574|001
pgMasterPackagingMaterialPart|MPMP-00048441|004
pgMasterPackagingMaterialPart|MPMP-00128619|001
Packaging Material Part|90064939|001
Packaging Material Part|90067684|001
pgMasterPackagingMaterialPart|MPMP-00043202|002
Packaging Material Part|90079189|001
pgMasterPackagingMaterialPart|MPMP-00038511|001
Packaging Material Part|91299816|002
POA|POA-00195436|001
POA|POA-00146122|001
Packaging Material Part|90832176|002
Packaging Material Part|90812443|002
POA|POA-00146096|001
POA|POA-00159318|001
Packaging Material Part|90990631|002
Packaging Material Part|90812329|002
POA|POA-00146100|001
Packaging Material Part|91483368|004
pgIllustration|91204873|001
POA|POA-00286575|001
Packaging Material Part|90064969|001
Packaging Material Part|90079244|001
POA|POA-00166886|001
Packaging Material Part|90994068|002
Packaging Material Part|90952320|003
POA|POA-00166621|001
POA|POA-00170815|001
POA|POA-00209997|001
Packaging Material Part|91500482|003
Packaging Material Part|91341773|002
POA|POA-00195455|001
POA|POA-00146103|001
Packaging Material Part|90779848|002
POA|POA-00209994|001
Packaging Material Part|91535256|002
POA|POA-00170819|001
POA|POA-00146108|001
Packaging Material Part|90795049|003
Packaging Material Part|91858462|004
pgArtwork|POA-00066838|001
Packaging Material Part|91168124|003
POA|POA-00191409|001
POA|POA-00195432|001
Packaging Material Part|91341785|003
Packaging Material Part|91188748|003
POA|POA-00191405|001
Packaging Material Part|91089979|002
POA|POA-00184424|001
Packaging Material Part|91004082|003
POA|POA-00180335|001
pgMasterPackagingMaterialPart|MPMP-00111798|001
POA|POA-00228248|001
Packaging Material Part|91660211|002
Packaging Material Part|91258989|002
POA|POA-00185638|001
POA|POA-00217464|001
Packaging Material Part|91507519|003
POA|POA-00200619|001
Packaging Material Part|91429122|002
POA|POA-00231936|001
Packaging Material Part|91658222|002
Packaging Material Part|91380374|002
POA|POA-00200880|001
Packaging Material Part|91451296|002
POA|POA-00208543|001
POA|POA-00211409|001
Packaging Material Part|91656252|004
Packaging Material Part|91359800|002
POA|POA-00200627|001
POA|POA-00200864|001
Packaging Material Part|91442554|002
Packaging Material Part|90063081|001
pgMasterPackagingMaterialPart|MPMP-00128345|001
POA|POA-00288212|001
Packaging Material Part|90081862|001
POA|POA-00281053|001
POA|POA-00281054|001
Packaging Material Part|91875296|003
pgArtwork|POA-00071109|001
pgArtwork|POA-00069703|001
Packaging Material Part|91682935|003
Packaging Material Part|91405061|002
POA|POA-00200777|001
POA|POA-00200695|001
Packaging Material Part|91385864|002
pgArtwork|POA-00069704|001
Packaging Material Part|91683001|003
pgArtwork|POA-00067268|001
Packaging Material Part|91858531|003
Packaging Material Part|91362978|002
POA|POA-00200895|001
Packaging Material Part|90084463|001
Packaging Material Part|90070477|001
pgMasterPackagingMaterialPart|MPMP-00129009|001
POA|POA-00289751|001
POA|POA-00288931|001
pgArtwork|POA-00095813|001
Packaging Material Part|91339009|002
Packaging Material Part|90069604|002
Packaging Material Part|91368489|002
POA|POA-00208398|001
Packaging Material Part|91162815|003
POA|POA-00208462|001
Packaging Material Part|91451095|003
Packaging Material Part|91338986|002
pgArtwork|POA-00102761|001
POA|POA-00202617|001
Packaging Material Part|91292537|003
pgArtwork|POA-00102688|001
Packaging Material Part|91339298|002
POA|POA-00281909|001
pgMasterPackagingMaterialPart|MPMP-00127474|002
pgMasterPackagingMaterialPart|MPMP-00130221|002
pgMasterPackagingMaterialPart|MPMP-00127480|002
pgMasterPackagingMaterialPart|MPMP-00127379|002
pgMasterPackagingMaterialPart|MPMP-00128599|002
Packaging Material Part|90036723|001
Packaging Material Part|90059939|001
Packaging Material Part|90036783|001
pgMasterPackagingMaterialPart|MPMP-00129321|002
pgMasterPackagingMaterialPart|MPMP-00129322|002
POA|POA-00292033|001
POA|POA-00289754|001
POA|POA-00291597|001
POA|POA-00281060|001
POA|POA-00292032|001
POA|POA-00292035|001
POA|POA-00298135|001
pgArtwork|POA-00102690|001
Packaging Material Part|91432560|002
Packaging Material Part|91339017|003
pgArtwork|POA-00102689|001
Packaging Material Part|91398597|003
Packaging Material Part|90097516|001
pgMasterPackagingMaterialPart|MPMP-00127786|001
Packaging Material Part|90102833|001
POA|POA-00294088|001
POA|POA-00294089|001
pgMasterPackagingMaterialPart|MPMP-00095245|001
Packaging Material Part|90042189|003
Packaging Material Part|91483620|005
pgMasterPackagingMaterialPart|MPMP-00040182|001
pgMasterPackagingMaterialPart|MPMP-00127749|002
pgMasterPackagingMaterialPart|MPMP-00044224|001
Packaging Material Part|90917348|002
pgMasterPackagingMaterialPart|MPMP-00058446|003
Packaging Material Part|90689647|003
POA|POA-00294093|001
POA|POA-00294090|001
POA|POA-00294091|001
POA|POA-00294092|001
Packaging Material Part|91442565|002
POA|POA-00202909|001
POA|POA-00298072|001
POA|POA-00298071|001
POA|POA-00297279|001
pgMasterPackagingMaterialPart|MPMP-00071219|002
Packaging Material Part|90111418|001
POA|POA-00290598|001
pgMasterPackagingMaterialPart|MPMP-00116938|001
POA|POA-00260465|001
pgIllustration|ILST-00062572|001
pgStandardOperatingProcedure|SOP-00001427|001
Packaging Material Part|91763265|002
POA|POA-00260468|001
pgStandardOperatingProcedure|SOP-00001425|001
Packaging Material Part|91746327|002
Packaging Assembly Part|90069603|002
Packaging Assembly Part|90067719|002
Packaging Assembly Part|90079243|002
Packaging Assembly Part|90084462|002
Packaging Assembly Part|90084457|002
Packaging Material Part|91656254|005
POA|POA-00211420|001
Packaging Material Part|91281016|003
POA|POA-00200686|001
POA|POA-00200679|001
Packaging Material Part|91359799|002
Packaging Material Part|91591775|005
POA|POA-00211422|001
POA|POA-00304689|001
POA|POA-00205157|001
Packaging Material Part|91370377|003
Packaging Material Part|91419998|002
POA|POA-00208471|001
Packaging Material Part|90964183|002
POA|POA-00185151|001
Packaging Material Part|91231409|002
POA|POA-00185631|001
Packaging Material Part|91200247|002
POA|POA-00185627|001
POA|POA-00185139|001
Packaging Material Part|91004076|002
POA|POA-00192744|001
Packaging Material Part|90984581|002
Packaging Material Part|91231332|002
POA|POA-00185617|001
POA|POA-00185598|001
Packaging Material Part|91164369|002
Packaging Material Part|91062268|002
Packaging Material Part|91052967|002
Packaging Material Part|91020072|002
pgMasterPackagingMaterialPart|MPMP-00127479|003
POA|POA-00293764|001
Packaging Material Part|90084458|003
pgStandardOperatingProcedure|SOP-00001442|001
pgMasterPackagingMaterialPart|MPMP-00130222|003
Packaging Material Part|90109992|001
Packaging Material Part|90117318|001
Packaging Material Part|90044086|003
pgMasterPackagingMaterialPart|MPMP-00127292|002
pgMasterPackagingMaterialPart|MPMP-00127295|002
pgStandardOperatingProcedure|SOP-00001450|001
Packaging Material Part|90058929|002
POA|POA-00287207|001
POA|POA-00287195|001
pgMasterPackagingMaterialPart|MPMP-00127291|002
pgMasterPackagingMaterialPart|MPMP-00127294|002
pgStandardOperatingProcedure|SOP-00001449|001
POA|POA-00287206|001
Packaging Material Part|90058930|002
pgStandardOperatingProcedure|SOP-00001452|001
Packaging Material Part|91338965|003
pgArtwork|POA-00100730|001
POA|POA-00312357|001
POA|POA-00312360|001
pgMasterPackagingMaterialPart|MPMP-00129386|002
POA|POA-00311174|001
POA|POA-00311176|001
pgMasterPackagingMaterialPart|MPMP-00088292|003
Packaging Material Part|90149759|001
Packaging Material Part|90135046|001
pgMasterPackagingMaterialPart|MPMP-00131068|001
Packaging Material Part|90069605|002
pgMasterPackagingMaterialPart|MPMP-00131270|001
Packaging Material Part|90087853|002
pgMasterPackagingMaterialPart|MPMP-00129100|002
Packaging Material Part|90082583|002
Packaging Material Part|90084590|002
pgMasterPackagingMaterialPart|MPMP-00131261|001
pgMasterPackagingMaterialPart|MPMP-00131260|001
Packaging Material Part|90074652|002
Packaging Material Part|90087857|002
Packaging Material Part|90088073|002
Packaging Material Part|90079241|002
pgMasterPackagingMaterialPart|MPMP-00129112|002
Packaging Material Part|90069729|002
pgMasterPackagingMaterialPart|MPMP-00131271|001
POA|POA-00319813|001
POA|POA-00319821|001
POA|POA-00319809|001
POA|POA-00319817|001
POA|POA-00319815|001
POA|POA-00319816|001
POA|POA-00319819|001
POA|POA-00319818|001
POA|POA-00319820|001
pgMasterPackagingMaterialPart|MPMP-00136739|001
Packaging Material Part|90151575|001
pgMasterPackagingMaterialPart|MPMP-00136631|001
Packaging Material Part|90139958|001
Packaging Material Part|90145133|001
POA|POA-00251028|001
Packaging Material Part|91770890|002
Packaging Material Part|90164001|001
pgMasterPackagingMaterialPart|MPMP-00136784|001
pgMasterPackagingMaterialPart|MPMP-00136785|001
Packaging Material Part|90164008|001
Packaging Material Part|90146080|001
Packaging Material Part|90152428|001
Packaging Material Part|90146075|001
pgMasterPackagingMaterialPart|MPMP-00137222|001
Packaging Material Part|90167955|001
Packaging Material Part|91455440|002
POA|POA-00208485|001
POA|POA-00202795|001
Packaging Material Part|91442550|002
POA|POA-00319428|001
POA|POA-00232009|001
POA|POA-00232020|001
Packaging Material Part|91725289|002
POA|POA-00232033|001
Packaging Material Part|91706761|002
POA|POA-00232007|001
POA|POA-00232026|001
Packaging Material Part|91751948|002
POA|POA-00232017|001
POA|POA-00314760|001
Packaging Material Part|90181318|001
Packaging Material Part|90175264|001
Packaging Material Part|90198246|001
Packaging Material Part|90171528|001
Packaging Material Part|90198250|001
Packaging Material Part|90171530|001
Packaging Material Part|90181324|001
Packaging Material Part|90171529|001
Packaging Material Part|90186677|001
POA|POA-00205475|001
Packaging Material Part|91370721|003
POA|POA-00314761|001
pgMasterPackagingMaterialPart|MPMP-00138310|001
Packaging Material Part|90172200|001
POA|POA-00202921|001
Packaging Material Part|91420160|002
Packaging Material Part|90186935|001
Packaging Material Part|90199530|001
Packaging Material Part|90199633|001
Packaging Material Part|90199544|001
Packaging Material Part|90181593|001
Packaging Material Part|90199553|001
pgMasterPackagingMaterialPart|MPMP-00138183|001
pgMasterPackagingMaterialPart|MPMP-00138260|001
Packaging Material Part|90201426|001
Packaging Material Part|90140919|002
Packaging Material Part|91081402|004
Packaging Material Part|91081356|004
Packaging Material Part|90195063|001
Packaging Assembly Part|91198854|003
Packaging Assembly Part|91198855|003
Packaging Assembly Part|91601760|002
pgPackingInstructions|PI-00068264|001
Packaging Assembly Part|91924766|002
pgPackingInstructions|PI-00061045|003
Packaging Assembly Part|91780401|003
Packaging Assembly Part|91198187|004
Packaging Material Part|90183725|001
Packaging Material Part|90215003|001
Packaging Material Part|90141909|001
pgMasterPackagingMaterialPart|MPMP-00137970|001
pgMasterPackagingMaterialPart|MPMP-00041876|004
Packaging Material Part|90141912|001
pgMasterPackagingMaterialPart|MPMP-00134252|001
pgMasterPackagingMaterialPart|MPMP-00137969|001
Packaging Material Part|90153774|001
pgMasterPackagingMaterialPart|MPMP-00042641|001
Packaging Material Part|90141920|001
pgMasterPackagingMaterialPart|MPMP-00134243|001
Packaging Material Part|90166292|001
POA|POA-00324789|001
POA|POA-00324795|001
POA|POA-00324797|001
POA|POA-00324799|001
POA|POA-00324793|001
POA|POA-00322540|001
pgMasterPackagingMaterialPart|MPMP-00137224|002
pgMasterPackagingMaterialPart|MPMP-00059688|003
pgMasterPackagingMaterialPart|MPMP-00129414|002
pgMasterPackagingMaterialPart|MPMP-00116071|002
pgMasterPackagingMaterialPart|MPMP-00054378|003
pgMasterPackagingMaterialPart|MPMP-00087617|003
pgMasterPackagingMaterialPart|MPMP-00125106|002
pgMasterPackagingMaterialPart|MPMP-00054371|003
pgMasterPackagingMaterialPart|MPMP-00083461|003
pgMasterPackagingMaterialPart|MPMP-00072842|003
pgMasterPackagingMaterialPart|MPMP-00118028|002
pgMasterPackagingMaterialPart|MPMP-00114572|002
pgMasterPackagingMaterialPart|MPMP-00111962|003
pgMasterPackagingMaterialPart|MPMP-00063618|004
pgMasterPackagingMaterialPart|MPMP-00089832|004
pgMasterPackagingMaterialPart|MPMP-00059690|003
pgMasterPackagingMaterialPart|MPMP-00096062|002
pgMasterPackagingMaterialPart|MPMP-00125227|002
pgMasterPackagingMaterialPart|MPMP-00130410|002
pgMasterPackagingMaterialPart|MPMP-00054321|003
pgMasterPackagingMaterialPart|MPMP-00086949|004
pgMasterPackagingMaterialPart|MPMP-00122657|002
pgMasterPackagingMaterialPart|MPMP-00050798|003
pgMasterPackagingMaterialPart|MPMP-00072779|003
pgMasterPackagingMaterialPart|MPMP-00092280|002
pgMasterPackagingMaterialPart|MPMP-00096547|002
pgMasterPackagingMaterialPart|MPMP-00072049|004
pgMasterPackagingMaterialPart|MPMP-00044354|004
pgMasterPackagingMaterialPart|MPMP-00138317|002
pgMasterPackagingMaterialPart|MPMP-00048427|004
pgMasterPackagingMaterialPart|MPMP-00120449|002
pgMasterPackagingMaterialPart|MPMP-00125058|002
pgMasterPackagingMaterialPart|MPMP-00113524|002
pgMasterPackagingMaterialPart|MPMP-00069216|003
pgMasterPackagingMaterialPart|MPMP-00120719|002
pgMasterPackagingMaterialPart|MPMP-00071907|003
pgMasterPackagingMaterialPart|MPMP-00083459|003
pgMasterPackagingMaterialPart|MPMP-00047703|003
pgMasterPackagingMaterialPart|MPMP-00137314|002
pgMasterPackagingMaterialPart|MPMP-00072848|003
pgMasterPackagingMaterialPart|MPMP-00115791|002
pgMasterPackagingMaterialPart|MPMP-00123901|002
pgMasterPackagingMaterialPart|MPMP-00112990|002
pgMasterPackagingMaterialPart|MPMP-00117082|002
pgMasterPackagingMaterialPart|MPMP-00113523|002
pgMasterPackagingMaterialPart|MPMP-00096551|002
pgMasterPackagingMaterialPart|MPMP-00062986|003
pgMasterPackagingMaterialPart|MPMP-00095279|002
pgMasterPackagingMaterialPart|MPMP-00072495|003
pgMasterPackagingMaterialPart|MPMP-00096064|002
pgMasterPackagingMaterialPart|MPMP-00069217|003
pgMasterPackagingMaterialPart|MPMP-00092275|002
pgMasterPackagingMaterialPart|MPMP-00062800|003
pgMasterPackagingMaterialPart|MPMP-00116070|002
pgMasterPackagingMaterialPart|MPMP-00055751|003
pgMasterPackagingMaterialPart|MPMP-00092276|002
pgMasterPackagingMaterialPart|MPMP-00070778|003
pgMasterPackagingMaterialPart|MPMP-00099787|002
pgMasterPackagingMaterialPart|MPMP-00048720|004
pgMasterPackagingMaterialPart|MPMP-00111961|004
pgMasterPackagingMaterialPart|MPMP-00102478|002
pgMasterPackagingMaterialPart|MPMP-00116069|002
pgMasterPackagingMaterialPart|MPMP-00054170|003
pgMasterPackagingMaterialPart|MPMP-00112988|002
pgMasterPackagingMaterialPart|MPMP-00077154|003
pgMasterPackagingMaterialPart|MPMP-00127305|002
pgMasterPackagingMaterialPart|MPMP-00117088|003
pgMasterPackagingMaterialPart|MPMP-00099797|002
pgMasterPackagingMaterialPart|MPMP-00073333|003
pgMasterPackagingMaterialPart|MPMP-00073496|003
pgMasterPackagingMaterialPart|MPMP-00096026|002
pgMasterPackagingMaterialPart|MPMP-00074841|003
pgMasterPackagingMaterialPart|MPMP-00120271|002
pgMasterPackagingMaterialPart|MPMP-00072841|003
pgMasterPackagingMaterialPart|MPMP-00087620|003
pgMasterPackagingMaterialPart|MPMP-00080342|003
pgMasterPackagingMaterialPart|MPMP-00098725|002
pgMasterPackagingMaterialPart|MPMP-00046774|005
pgMasterPackagingMaterialPart|MPMP-00112993|002
pgMasterPackagingMaterialPart|MPMP-00076395|003
pgMasterPackagingMaterialPart|MPMP-00138197|002
pgMasterPackagingMaterialPart|MPMP-00112994|002
pgMasterPackagingMaterialPart|MPMP-00117087|003
pgMasterPackagingMaterialPart|MPMP-00132068|002
pgMasterPackagingMaterialPart|MPMP-00044352|004
pgMasterPackagingMaterialPart|MPMP-00072775|003
pgMasterPackagingMaterialPart|MPMP-00044363|004
pgMasterPackagingMaterialPart|MPMP-00083765|003
pgMasterPackagingMaterialPart|MPMP-00098778|002
pgMasterPackagingMaterialPart|MPMP-00044357|003
pgMasterPackagingMaterialPart|MPMP-00048423|004
pgMasterPackagingMaterialPart|MPMP-00105218|002
pgMasterPackagingMaterialPart|MPMP-00092278|002
pgMasterPackagingMaterialPart|MPMP-00073325|003
pgMasterPackagingMaterialPart|MPMP-00138196|002
pgMasterPackagingMaterialPart|MPMP-00086941|004
pgMasterPackagingMaterialPart|MPMP-00047676|003
pgMasterPackagingMaterialPart|MPMP-00117085|003
pgMasterPackagingMaterialPart|MPMP-00117086|002
pgMasterPackagingMaterialPart|MPMP-00074402|004
pgMasterPackagingMaterialPart|MPMP-00062992|003
pgMasterPackagingMaterialPart|MPMP-00072851|003
pgMasterPackagingMaterialPart|MPMP-00110632|003
pgMasterPackagingMaterialPart|MPMP-00047700|003
pgMasterPackagingMaterialPart|MPMP-00120262|002
pgMasterPackagingMaterialPart|MPMP-00086875|004
pgMasterPackagingMaterialPart|MPMP-00072856|003
pgMasterPackagingMaterialPart|MPMP-00115985|003
pgMasterPackagingMaterialPart|MPMP-00050805|003
pgMasterPackagingMaterialPart|MPMP-00098776|002
pgMasterPackagingMaterialPart|MPMP-00098602|002
pgMasterPackagingMaterialPart|MPMP-00103915|002
pgMasterPackagingMaterialPart|MPMP-00093363|002
pgMasterPackagingMaterialPart|MPMP-00092736|002
pgMasterPackagingMaterialPart|MPMP-00117089|003
pgMasterPackagingMaterialPart|MPMP-00072050|004
pgMasterPackagingMaterialPart|MPMP-00072051|004
pgMasterPackagingMaterialPart|MPMP-00115856|002
pgMasterPackagingMaterialPart|MPMP-00054338|003
pgMasterPackagingMaterialPart|MPMP-00044362|003
pgMasterPackagingMaterialPart|MPMP-00118190|002
pgMasterPackagingMaterialPart|MPMP-00043371|004
pgMasterPackagingMaterialPart|MPMP-00098603|002
pgMasterPackagingMaterialPart|MPMP-00092213|002
pgMasterPackagingMaterialPart|MPMP-00117083|002
pgMasterPackagingMaterialPart|MPMP-00112995|002
pgMasterPackagingMaterialPart|MPMP-00095275|003
pgMasterPackagingMaterialPart|MPMP-00072845|003
pgMasterPackagingMaterialPart|MPMP-00113996|002
pgMasterPackagingMaterialPart|MPMP-00137316|003
pgMasterPackagingMaterialPart|MPMP-00060734|003
pgMasterPackagingMaterialPart|MPMP-00116446|003
pgMasterPackagingMaterialPart|MPMP-00078515|004
pgMasterPackagingMaterialPart|MPMP-00116447|003
pgMasterPackagingMaterialPart|MPMP-00059702|003
pgMasterPackagingMaterialPart|MPMP-00110947|002
pgMasterPackagingMaterialPart|MPMP-00059103|002
pgMasterPackagingMaterialPart|MPMP-00139411|002
pgMasterPackagingMaterialPart|MPMP-00139364|001
Packaging Material Part|90214593|002
POA|POA-00323560|001
POA|POA-00323552|001
POA|POA-00323556|001
POA|POA-00323562|001
POA|POA-00323558|001
POA|POA-00323546|001
POA|POA-00323007|001
POA|POA-00322603|001
POA|POA-00323035|001
Packaging Material Part|90205905|001
Packaging Material Part|90215306|001
pgMasterPackagingMaterialPart|MPMP-00125046|002
Packaging Material Part|90173941|001
Packaging Material Part|90173921|001
pgMasterPackagingMaterialPart|MPMP-00125044|003
pgMasterPackagingMaterialPart|MPMP-00125047|002
Packaging Material Part|90186000|001
pgMasterPackagingMaterialPart|MPMP-00139778|001
pgMasterPackagingMaterialPart|MPMP-00139777|001
pgMasterPackagingMaterialPart|MPMP-00139538|001
POA|POA-00323550|001
POA|POA-00323548|001
POA|POA-00323554|001
pgMasterPackagingMaterialPart|MPMP-00049286|003
pgMasterPackagingMaterialPart|MPMP-00054823|003
pgMasterPackagingMaterialPart|MPMP-00093365|002
pgMasterPackagingMaterialPart|MPMP-00071909|003
pgMasterPackagingMaterialPart|MPMP-00061497|003
pgMasterPackagingMaterialPart|MPMP-00090108|003
pgMasterPackagingMaterialPart|MPMP-00090986|002
pgMasterPackagingMaterialPart|MPMP-00090101|003
pgMasterPackagingMaterialPart|MPMP-00090098|003
pgMasterPackagingMaterialPart|MPMP-00056318|003
pgMasterPackagingMaterialPart|MPMP-00049284|003
pgMasterPackagingMaterialPart|MPMP-00054816|004
pgMasterPackagingMaterialPart|MPMP-00068945|003
pgMasterPackagingMaterialPart|MPMP-00078706|003
pgMasterPackagingMaterialPart|MPMP-00092192|002
pgMasterPackagingMaterialPart|MPMP-00073100|003
pgMasterPackagingMaterialPart|MPMP-00051971|003
pgMasterPackagingMaterialPart|MPMP-00132070|002
pgMasterPackagingMaterialPart|MPMP-00078868|003
pgMasterPackagingMaterialPart|MPMP-00092277|002
pgMasterPackagingMaterialPart|MPMP-00060875|003
pgMasterPackagingMaterialPart|MPMP-00078717|003
pgMasterPackagingMaterialPart|MPMP-00063883|003
pgMasterPackagingMaterialPart|MPMP-00120802|002
pgMasterPackagingMaterialPart|MPMP-00136950|002
pgMasterPackagingMaterialPart|MPMP-00087107|003
pgMasterPackagingMaterialPart|MPMP-00071192|003
POA|POA-00328782|001
POA|POA-00328784|001
pgMasterPackagingMaterialPart|MPMP-00120720|003
pgMasterPackagingMaterialPart|MPMP-00068902|003
pgMasterPackagingMaterialPart|MPMP-00132066|002
pgMasterPackagingMaterialPart|MPMP-00117374|002
pgMasterPackagingMaterialPart|MPMP-00125644|002
Packaging Assembly Part|91434764|004
Packaging Assembly Part|91925546|002
pgMasterPackagingAssemblyPart|MPAP-00005862|001
Packaging Assembly Part|91660048|002
Packaging Assembly Part|91919069|002
Packaging Assembly Part|91397281|005
Packaging Assembly Part|91618206|002
POA|POA-00116228|001
pgMasterPackagingMaterialPart|MPMP-00051286|002
Packaging Material Part|90674543|003
POA|POA-00116238|001
Packaging Material Part|90662745|003
pgArtwork|POA-00101358|001
Packaging Material Part|91509929|004
pgMasterPackagingMaterialPart|MPMP-00091967|002
pgMasterPackagingMaterialPart|MPMP-00070779|003
pgMasterPackagingMaterialPart|MPMP-00091926|002
pgMasterPackagingMaterialPart|MPMP-00091965|002
pgMasterPackagingMaterialPart|MPMP-00091969|002
pgMasterPackagingMaterialPart|MPMP-00131683|002
pgMasterPackagingMaterialPart|MPMP-00092182|002
pgMasterPackagingMaterialPart|MPMP-00073390|003
pgMasterPackagingMaterialPart|MPMP-00062519|002
pgMasterPackagingMaterialPart|MPMP-00055773|002
pgMasterPackagingMaterialPart|MPMP-00048429|003
pgMasterPackagingMaterialPart|MPMP-00072835|004
pgMasterPackagingMaterialPart|MPMP-00114705|002
pgMasterPackagingMaterialPart|MPMP-00072836|003
pgMasterPackagingMaterialPart|MPMP-00072838|003
pgMasterPackagingMaterialPart|MPMP-00062998|003
pgMasterPackagingMaterialPart|MPMP-00114704|002
pgMasterPackagingMaterialPart|MPMP-00043207|003
pgMasterPackagingMaterialPart|MPMP-00114706|002
pgMasterPackagingMaterialPart|MPMP-00046776|004
pgMasterPackagingMaterialPart|MPMP-00136919|002
pgMasterPackagingMaterialPart|MPMP-00062987|003
pgMasterPackagingMaterialPart|MPMP-00136939|002
pgMasterPackagingMaterialPart|MPMP-00062995|003
pgMasterPackagingMaterialPart|MPMP-00114700|002
pgMasterPackagingMaterialPart|MPMP-00114707|003
pgMasterPackagingMaterialPart|MPMP-00072498|003
pgMasterPackagingMaterialPart|MPMP-00136927|002
pgMasterPackagingMaterialPart|MPMP-00131427|002
pgMasterPackagingMaterialPart|MPMP-00129323|004
pgMasterPackagingMaterialPart|MPMP-00131424|002
pgMasterPackagingMaterialPart|MPMP-00131590|002
pgMasterPackagingMaterialPart|MPMP-00131425|002
pgMasterPackagingMaterialPart|MPMP-00129324|004
pgMasterPackagingMaterialPart|MPMP-00131426|002
pgMasterPackagingMaterialPart|MPMP-00114702|002
pgMasterPackagingMaterialPart|MPMP-00118244|002
pgMasterPackagingMaterialPart|MPMP-00092281|002
pgMasterPackagingMaterialPart|MPMP-00068905|003
pgMasterPackagingMaterialPart|MPMP-00068903|003
pgMasterPackagingMaterialPart|MPMP-00056163|001
pgMasterPackagingMaterialPart|MPMP-00096985|003
pgMasterPackagingMaterialPart|MPMP-00113120|001
pgMasterPackagingMaterialPart|MPMP-00113378|003
pgMasterPackagingMaterialPart|MPMP-00096979|003
pgMasterPackagingMaterialPart|MPMP-00096776|001
pgMasterPackagingMaterialPart|MPMP-00073491|004
pgMasterPackagingMaterialPart|MPMP-00139074|002
pgMasterPackagingMaterialPart|MPMP-00140481|001
Packaging Material Part|90180613|003
pgMasterPackagingMaterialPart|MPMP-00140461|001
pgMasterPackagingMaterialPart|MPMP-00133156|002
pgMasterPackagingMaterialPart|MPMP-00129417|002
pgMasterPackagingMaterialPart|MPMP-00129553|002
POA|POA-00322562|001
pgMasterPackagingMaterialPart|MPMP-00096978|002
pgMasterPackagingMaterialPart|MPMP-00096777|001
Packaging Material Part|90188291|001
pgMasterPackagingMaterialPart|MPMP-00071901|002
POA|POA-00322624|001
POA|POA-00322615|001
pgMasterPackagingMaterialPart|MPMP-00065908|003
pgMasterPackagingMaterialPart|MPMP-00106505|003
pgMasterPackagingMaterialPart|MPMP-00133155|002
pgMasterPackagingMaterialPart|MPMP-00129524|002
pgMasterPackagingMaterialPart|MPMP-00140432|001
pgMasterPackagingMaterialPart|MPMP-00139838|001
Packaging Material Part|90214526|001
Packaging Material Part|90204110|001
Packaging Material Part|90188570|001
pgMasterPackagingAssemblyPart|MPAP-00005609|002
Packaging Material Part|91385745|002
POA|POA-00208475|001
pgMasterPackagingMaterialPart|MPMP-00047131|005
pgMasterPackagingMaterialPart|MPMP-00047161|004
pgMasterPackagingMaterialPart|MPMP-00047158|005
pgMasterPackagingMaterialPart|MPMP-00048081|004
POA|POA-00188523|001
Packaging Material Part|91197357|005
pgArtwork|POA-00068404|001
Packaging Material Part|91985754|005
pgArtwork|POA-00123232|001
Packaging Material Part|90626515|005
Packaging Material Part|91941553|005
pgArtwork|POA-00068692|001
Packaging Material Part|90600743|005
pgArtwork|POA-00123229|001
Packaging Material Part|91985105|005
pgArtwork|POA-00068402|001
pgArtwork|POA-00070885|001
Packaging Material Part|91985098|005
Packaging Material Part|91254174|005
POA|POA-00186788|001
pgMasterPackagingMaterialPart|MPMP-00131685|005
pgMasterPackagingMaterialPart|MPMP-00115303|003
pgMasterPackagingMaterialPart|MPMP-00115304|004
pgMasterPackagingMaterialPart|MPMP-00117212|005
pgMasterPackagingMaterialPart|MPMP-00096094|004
pgMasterPackagingMaterialPart|MPMP-00068914|005
pgMasterPackagingMaterialPart|MPMP-00137389|002
pgMasterPackagingMaterialPart|MPMP-00068913|005
pgMasterPackagingMaterialPart|MPMP-00096103|005
pgMasterPackagingMaterialPart|MPMP-00087881|005
pgMasterPackagingMaterialPart|MPMP-00107843|005
pgMasterPackagingMaterialPart|MPMP-00096097|005
pgMasterPackagingMaterialPart|MPMP-00127747|007
pgMasterPackagingMaterialPart|MPMP-00096091|005
pgMasterPackagingMaterialPart|MPMP-00127748|007
pgMasterPackagingMaterialPart|MPMP-00087883|005
pgMasterPackagingMaterialPart|MPMP-00097774|006
pgMasterPackagingMaterialPart|MPMP-00097635|006
pgMasterPackagingMaterialPart|MPMP-00097778|006
pgMasterPackagingMaterialPart|MPMP-00097638|006
pgMasterPackagingMaterialPart|MPMP-00105010|005
pgMasterPackagingMaterialPart|MPMP-00097632|006
pgMasterPackagingMaterialPart|MPMP-00098405|006
pgMasterPackagingMaterialPart|MPMP-00097639|006
pgMasterPackagingMaterialPart|MPMP-00097775|006
pgMasterPackagingMaterialPart|MPMP-00098394|006
pgMasterPackagingMaterialPart|MPMP-00097637|006
pgMasterPackagingMaterialPart|MPMP-00096298|007
pgMasterPackagingMaterialPart|MPMP-00097773|006
pgMasterPackagingMaterialPart|MPMP-00097640|006
pgMasterPackagingMaterialPart|MPMP-00097641|006
pgMasterPackagingMaterialPart|MPMP-00094349|007
pgMasterPackagingMaterialPart|MPMP-00102295|005
pgMasterPackagingMaterialPart|MPMP-00102666|005
pgMasterPackagingMaterialPart|MPMP-00128771|003
pgMasterPackagingMaterialPart|MPMP-00097779|006
pgMasterPackagingMaterialPart|MPMP-00116756|003
pgMasterPackagingMaterialPart|MPMP-00115305|003
pgMasterPackagingMaterialPart|MPMP-00130223|003
POA|POA-00329074|001
POA|POA-00329557|001
pgMasterPackagingMaterialPart|MPMP-00115863|003
Packaging Material Part|90220233|001
Packaging Material Part|90224992|001
Packaging Material Part|90234074|001
Packaging Material Part|90212374|001
Packaging Material Part|90220234|001
Packaging Material Part|90234092|001
Packaging Material Part|90229859|001
Packaging Material Part|90224985|001
pgMasterPackagingMaterialPart|MPMP-00139905|001
pgMasterPackagingMaterialPart|MPMP-00140267|001
pgMasterPackagingMaterialPart|MPMP-00140216|001
pgMasterPackagingMaterialPart|MPMP-00139890|001
Packaging Material Part|90237731|001
Packaging Material Part|90225238|001
pgMasterPackagingMaterialPart|MPMP-00114898|004
pgMasterPackagingMaterialPart|MPMP-00114899|004
pgMasterPackagingMaterialPart|MPMP-00114884|004
pgMasterPackagingMaterialPart|MPMP-00114906|003
pgMasterPackagingMaterialPart|MPMP-00131010|003
pgMasterPackagingMaterialPart|MPMP-00127290|003
pgMasterPackagingMaterialPart|MPMP-00130996|003
pgMasterPackagingMaterialPart|MPMP-00129415|003
pgMasterPackagingMaterialPart|MPMP-00129403|003
pgMasterPackagingMaterialPart|MPMP-00114192|004
pgMasterPackagingMaterialPart|MPMP-00129402|003
pgMasterPackagingMaterialPart|MPMP-00114904|004
pgMasterPackagingMaterialPart|MPMP-00137402|002
pgMasterPackagingMaterialPart|MPMP-00132296|003
pgMasterPackagingMaterialPart|MPMP-00114902|004
pgMasterPackagingMaterialPart|MPMP-00114193|004
pgMasterPackagingMaterialPart|MPMP-00129416|003
pgMasterPackagingMaterialPart|MPMP-00114901|003
POA|POA-00116241|001
Packaging Material Part|90694116|003
pgMasterPackagingMaterialPart|MPMP-00082194|001
pgMasterPackagingMaterialPart|MPMP-00079054|001
Packaging Material Part|90640627|004
pgArtwork|POA-00103670|001
Packaging Material Part|91557540|002
pgMasterPackagingAssemblyPart|MPAP-00005885|001
pgMasterPackagingAssemblyPart|MPAP-00005847|002
POA|POA-00335049|001
POA|POA-00335051|001
Packaging Material Part|91481363|004
Packaging Material Part|91854069|003
Packaging Material Part|91645671|005
pgMasterPackagingMaterialPart|MPMP-00047760|002
Packaging Material Part|91797396|003
POA|POA-00096582|001
Packaging Material Part|91433025|003
Packaging Material Part|90750892|003
pgArtwork|POA-00144611|001
Packaging Material Part|91481701|004
Packaging Material Part|91481616|004
POA|POA-00336302|001
POA|POA-00336301|001
pgMasterPackagingMaterialPart|MPMP-00139113|001
pgMasterPackagingMaterialPart|MPMP-00141266|001
Packaging Material Part|90231533|001
pgMasterPackagingMaterialPart|MPMP-00042147|001
pgMasterPackagingMaterialPart|MPMP-00141265|001
pgMasterPackagingMaterialPart|MPMP-00141309|001
Packaging Material Part|90188284|001
POA|POA-00336282|001
POA|POA-00336291|001
POA|POA-00336025|001
POA|POA-00336285|001
POA|POA-00336288|001
POA|POA-00336294|001
POA|POA-00328046|001
Packaging Material Part|90160970|003
Packaging Material Part|90139554|003
POA|POA-00328045|001
POA|POA-00210004|001
Packaging Material Part|91535262|002
pgArtwork|POA-00048103|001
Packaging Material Part|91700263|003
pgMasterPackagingMaterialPart|MPMP-00062943|003
Packaging Material Part|91953670|002
Packaging Material Part|90229339|001
Packaging Material Part|90236227|001
POA|POA-00210968|001
Packaging Material Part|91566890|003
pgMasterPackagingMaterialPart|MPMP-00131693|002
pgMasterPackagingMaterialPart|MPMP-00093820|001
Packaging Material Part|91018828|003
Packaging Material Part|91486256|002
POA|POA-00212077|001
pgMasterPackagingMaterialPart|MPMP-00131012|003
pgArtwork|POA-00096075|001
Packaging Material Part|91432496|004
pgMasterPackagingMaterialPart|MPMP-00142144|001
Packaging Material Part|90236188|001
Packaging Material Part|90236197|001
pgMasterPackagingMaterialPart|MPMP-00142261|001
POA|POA-00312359|001
Packaging Material Part|90119152|002
pgMasterPackagingMaterialPart|MPMP-00138282|003
POA|POA-00328590|001
Packaging Material Part|90200601|002
Packaging Material Part|90156474|002
POA|POA-00311177|001
POA|POA-00311179|001
Packaging Material Part|90117317|002
Packaging Material Part|90168581|002
POA|POA-00324816|001
Packaging Material Part|90110540|002
POA|POA-00312355|001
pgMasterPackagingMaterialPart|MPMP-00140191|002
POA|POA-00212304|001
Packaging Material Part|91561735|002
pgMasterPackagingMaterialPart|MPMP-00078420|002
pgMasterPackagingMaterialPart|MPMP-00128274|001
pgMasterPackagingMaterialPart|MPMP-00058138|001
Packaging Material Part|91012392|002
POA|POA-00284781|001
pgMasterPackagingMaterialPart|MPMP-00124829|003
Packaging Material Part|90001027|002
pgIllustration|ILST-00068916|001
pgMasterPackagingMaterialPart|MPMP-00125643|004
POA|POA-00340474|001
POA|POA-00340476|001
POA|POA-00338032|001
POA|POA-00338034|001
Packaging Material Part|90240711|001
Packaging Material Part|90233158|001
pgMasterPackagingMaterialPart|MPMP-00120536|002
pgManufacturerMaterial|bc6226-1274085756166|001
pgManufacturerMaterial|bc6226-1274085756641|001
pgManufacturerMaterial|bc6226-1274085757130|001
pgManufacturerMaterial|tv4612-1331563153775|001
pgManufacturerMaterial|bb9252-1306168367351|001
Raw Material|SEP-00002086|2
Raw Material|SEP-00002201|2
pgQualitySpecification|91162905|001
pgMasterRawMaterialPart|91162902|002
Raw Material|95310386|012
Raw Material|95525453|009
Qualification|PQR-00040450|001
Qualification|PQR-00040444|001
Qualification|PQR-00040449|001
Qualification|PQR-00040442|001
Qualification|PQR-00040447|001
Qualification|PQR-00040445|001
Qualification|PQR-00040448|001
Qualification|PQR-00040446|001
Qualification|PQR-00040443|001
Qualification|PQR-00040682|001
pgQualitySpecification|90733195|001
pgManufacturerMaterial|be8158-1294172008517|001
Raw Material|MEP-00011023|1
pgSupplierInformationSheet|98865835|002
Raw Material|90543326|001
Raw Material|90532160|001
Raw Material|90507000|001
Raw Material|90543146|001
Raw Material|90508388|001
Raw Material|SEP-00012004|1
Raw Material|91263827|002
Packaging Material Part|MEP-00058391|1
pgMasterPackagingMaterialPart|MPMP-00047594|002
pgIllustration|90764979|002
pgArtwork|91831513|001
pgMasterPackagingMaterialPart|MPMP-00061518|003
pgIllustration|ILST-00033227|001
Packaging Material Part|91952112|001
pgArtwork|POA-00079397|001
Packaging Material Part|91271320|001
pgMasterPackagingMaterialPart|MPMP-00047605|002
pgIllustration|90667843|003
Packaging Material Part|91339587|001
pgIllustration|90615280|005
pgMasterPackagingMaterialPart|MPMP-00047603|004
pgIllustration|95329798|002
pgIllustration|95250917|001
pgArtwork|91418637|001
pgMasterPackagingMaterialPart|MPMP-00080068|003
Packaging Material Part|91275544|002
pgArtwork|POA-00133037|001
pgMasterPackagingMaterialPart|MPMP-00047593|003
Packaging Material Part|90682101|001
pgIllustration|91393593|002
POA|POA-00178846|001
Packaging Material Part|91068705|001
pgIllustration|95957842|006
POA|POA-00178838|001
pgMasterPackagingMaterialPart|MPMP-00047597|002
pgIllustration|90764978|002
pgArtwork|91528952|001
pgIllustration|90662368|002
Packaging Material Part|91433404|002
pgMasterPackagingMaterialPart|MPMP-00047595|003
pgIllustration|91400263|002
pgArtwork|91530146|001
pgIllustration|ILST-00052438|001
pgMasterPackagingMaterialPart|MPMP-00119890|002
Packaging Material Part|91475997|004
Packaging Material Part|91925541|001
POA|POA-00272947|001
POA|POA-00272950|001
Packaging Material Part|91935858|001
POA|POA-00272946|001
Packaging Material Part|91964451|001
Packaging Material Part|91919117|001
POA|POA-00272942|001
Packaging Material Part|91935859|001
POA|POA-00272945|001
POA|POA-00272955|001
pgIllustration|90667848|003
Packaging Material Part|91908350|001
pgMasterPackagingMaterialPart|MPMP-00047600|003
POA|POA-00178854|001
Packaging Material Part|91105608|001
POA|POA-00178853|001
POA|POA-00133657|001
Packaging Material Part|90787248|001
POA|POA-00163059|001
POA|POA-00163060|001
pgIllustration|97329283|005
pgMasterPackagingMaterialPart|MPMP-00061520|003
POA|POA-00194111|001
pgArtwork|91648822|001
Packaging Material Part|91606280|003
Packaging Material Part|90001106|001
pgMasterPackagingMaterialPart|MPMP-00080081|003
pgIllustration|ILST-00018204|003
POA|POA-00300353|001
pgIllustration|ILST-00052618|001
pgMasterPackagingMaterialPart|MPMP-00120015|002
POA|POA-00275726|001
Packaging Material Part|90004476|002
pgArtwork|POA-00079401|001
Packaging Material Part|91970098|002
POA|POA-00276874|001
pgMasterPackagingMaterialPart|MPMP-00047596|003
pgIllustration|91393592|002
pgArtwork|POA-00122034|001
Packaging Material Part|90518806|002
Packaging Material Part|90518775|002
pgArtwork|POA-00122033|001
pgArtwork|POA-00122040|001
Packaging Material Part|90583213|002
pgArtwork|POA-00054497|001
Packaging Material Part|91887104|003
pgArtwork|POA-00053946|001
Packaging Material Part|91887102|003
pgArtwork|POA-00054496|001
Packaging Material Part|91886883|003
pgMasterPackagingMaterialPart|MPMP-00047599|003
pgIllustration|90764980|002
POA|POA-00171731|001
Packaging Material Part|90961171|003
POA|POA-00276876|001
Packaging Material Part|90001113|002
pgMasterPackagingMaterialPart|MPMP-00047598|003
pgIllustration|91393591|002
pgArtwork|POA-00122044|001
Packaging Material Part|90613479|002
POA|POA-00300059|001
Packaging Material Part|90091726|002
POA|POA-00275725|001
Packaging Material Part|90004477|002
POA|POA-00276891|001
Packaging Material Part|90019938|002
pgArtwork|POA-00133036|001
Packaging Material Part|90682097|002
pgArtwork|POA-00055113|001
POA|POA-00171733|001
POA|POA-00276875|001
Packaging Material Part|90001029|002
Packaging Material Part|90226133|001
POA|POA-00276884|001
Packaging Material Part|90020410|002
POA|POA-00275734|001
Packaging Material Part|90009433|002
POA|POA-00276897|001
POA|POA-00308160|001
Packaging Material Part|90019126|002
POA|POA-00276879|001
pgMasterPackagingMaterialPart|MPMP-00139481|001
pgIllustration|ILST-00066684|001
Packaging Material Part|90179121|002
POA|POA-00334275|001
Packaging Material Part|90019946|002
POA|POA-00276889|001
POA|POA-00334272|001
Packaging Material Part|90184909|002
POA|POA-00276890|001
POA|POA-00276861|001
Packaging Material Part|91976796|002
POA|POA-00308159|001
Packaging Material Part|90090107|002
POA|POA-00276895|001
POA|POA-00276860|001
POA|POA-00308162|001
POA|POA-00275735|001
Packaging Material Part|90004475|002
POA|POA-00308161|001
POA|POA-00276877|001
POA|POA-00276878|001
Packaging Material Part|90018668|002
POA|POA-00276883|001
Packaging Material Part|90018640|002
POA|POA-00308163|001
Packaging Material Part|90092923|002
POA|POA-00334276|001
Packaging Material Part|90190340|002
POA|POA-00276862|001
Packaging Material Part|90001022|002
pgIllustration|90615271|005
pgManufacturerMaterial|aw8581-1337802142990|001
Raw Material|MEP-00025786|2
Raw Material|MEP-00053055|1
Raw Material|MEP-00025785|4
Raw Material|MEP-00051817|3
Raw Material|98564985|006
Raw Material|98564987|006
Raw Material|98564988|006
Qualification|PQR-00078928|001
Qualification|PQR-00079414|001
Qualification|PQR-00079375|001
pgManufacturerMaterial|an5376-1257211543192|001
pgManufacturerMaterial|am2982-1327525410583|001
pgManufacturerMaterial|tj6174-1294264256456|001
pgManufacturerMaterial|am2982-1327525412531|001
Raw Material|MEP-00013301|1
Raw Material|MEP-00017141|1
Raw Material|SEP-00006993|1
Raw Material|SEP-00010400|1
Raw Material|SEP-00011888|1
pgRawMaterial|95420893|004
Qualification|PQR-00076123|001
Qualification|PQR-00076296|001
Qualification|PQR-00065349|001
Packaging Material Part|MEP-00013277|1
Packaging Assembly Part|MEP-00013278|1
pgIllustration|99420754|001
pgPackingInstructions|96565888|001
pgPackingInstructions|98634643|004
pgPackingInstructions|91414369|001
pgPackingSubassembly|91564007|001
pgStackingPattern|91416006|001
pgStackingPattern|99418388|001
pgStackingPattern|99418001|002
pgStackingPattern|90613250|001
Packaging Assembly Part|91269321|003
pgPackingInstructions|PI-00020674|001
pgPackingInstructions|PI-00025633|001
Packaging Material Part|90908594|001
pgIllustration|91471787|001
pgMasterPackagingMaterialPart|MPMP-00078585|001
pgMasterPackagingMaterialPart|MPMP-00090051|001
pgIllustration|91471789|001
Packaging Material Part|90920065|001
pgIllustration|ILST-00028211|001
Packaging Material Part|90890446|001
Packaging Material Part|90908598|001
pgIllustration|99755088|002
pgIllustration|ILST-00028213|001
pgMasterPackagingMaterialPart|MPMP-00091950|001
Packaging Material Part|90920069|002
pgIllustration|ILST-00005212|002
pgMasterPackagingMaterialPart|MPMP-00092520|002
pgIllustration|ILST-00029248|002
Packaging Assembly Part|90933340|002
pgMasterPackagingMaterialPart|MPMP-00091952|002
Packaging Material Part|90890441|002
Packaging Material Part|90908595|002
pgIllustration|91391115|002
pgMasterPackagingMaterialPart|MPMP-00102360|002
pgMasterPackagingMaterialPart|MPMP-00102359|002
pgIllustration|91391186|002
pgPackingInstructions|PI-00036226|001
pgPackingInstructions|PI-00036225|001
pgPackingInstructions|PI-00036227|001
pgPackingInstructions|96794262|003
pgPackingInstructions|PI-00020687|003
pgMasterPackagingMaterialPart|MPMP-00126500|001
pgIllustration|ILST-00056348|001
Packaging Material Part|90908685|002
pgMasterPackagingMaterialPart|MPMP-00135795|001
pgMasterPackagingMaterialPart|MPMP-00091853|003
Packaging Material Part|90890443|002
Packaging Material Part|MEP-00020495|7
pgMasterPackagingMaterialPart|MPMP-00075569|003
pgIllustration|99843707|003
Packaging Material Part|90887118|004
pgIllustration|99843706|003
pgMasterPackagingMaterialPart|MPMP-00075567|003
Packaging Material Part|90887115|004
pgMasterPackagingMaterialPart|MPMP-00065734|004
pgIllustration|92074869|002
Packaging Material Part|91066923|001
Packaging Material Part|91961250|001
Packaging Material Part|90887114|003
Packaging Material Part|91990134|001
pgIllustration|92039194|002
Packaging Material Part|90517083|003
Packaging Material Part|90553477|001
Packaging Material Part|91992608|002
Packaging Material Part|90517088|002
Packaging Material Part|90887117|003
Packaging Material Part|90887112|003
Packaging Material Part|90517086|002
Packaging Material Part|90839062|002
Packaging Material Part|90887119|003
Packaging Material Part|90501970|001
Packaging Material Part|90887116|003
Packaging Material Part|90887120|003
pgMasterPackagingMaterialPart|MPMP-00021222|002
pgMasterPackagingMaterialPart|MPMP-00125836|001
Packaging Material Part|90043938|001
pgMasterPackagingMaterialPart|MPMP-00075565|004
pgIllustration|99843705|002
Packaging Material Part|90517110|005
Packaging Material Part|90517109|006
Packaging Material Part|90517111|005
pgManufacturerMaterial|ai8005-1164130878761|001
pgManufacturerMaterial|ai8005-1151072187049|001
pgManufacturerMaterial|tt4155-1177433261160|001
pgManufacturerMaterial|ai8005-1182951629875|001
pgManufacturerMaterial|ai8005-1192214002861|001
pgManufacturerMaterial|tt4155-1177432103238|001
pgManufacturerMaterial|t2060-1159109647049|001
pgManufacturerMaterial|ai8005-1182951629320|001
Packaging Material Part|MEP-00000002|1
pgOnlinePrintingPart|MEP-00002281|1
pgFabricatedPart|MEP-00002302|1
Raw Material|MEP-00003601|1
Packaging Material Part|MEP-00003608|1
Packaging Assembly Part|MEP-00000001|2
Packaging Material Part|MEP-00011125|1
Raw Material|MEP-00012822|1
Raw Material|MEP-00013103|1
Raw Material|MEP-00015456|2
Packaging Assembly Part|SEP-00009681|1
Raw Material|MEP-00021698|1
Packaging Material Part|MEP-00021704|1
Packaging Material Part|SEP-00010049|1
pgDeviceProductPart|MEP-00021708|1
pgIntermediateProductPart|MEP-00021709|1
Raw Material|MEP-00021710|1
Raw Material|SEP-00010053|1
pgSoftwarePart|MEP-00021713|1
pgSoftwarePart|SEP-00010057|1
pgAncillaryPackagingMaterialPart|MEP-00022161|1
pgAncillaryPackagingMaterialPart|MEP-00022162|1
pgAncillaryRawMaterialPart|MEP-00022163|1
pgFabricatedPart|SEP-00010222|1
Packaging Assembly Part|SEP-00010223|1
pgPromotionalItemPart|MEP-00022165|1
pgAncillaryRawMaterialPart|MEP-00022516|1
Raw Material|MEP-00022517|1
pgAncillaryRawMaterialPart|SEP-00010372|1
Packaging Material Part|MEP-00022562|3
Raw Material|MEP-00022764|1
Raw Material|MEP-00022765|1
Packaging Material Part|MEP-00023996|1
Packaging Assembly Part|MEP-00023997|1
Raw Material|MEP-00023998|1
Packaging Material Part|MEP-00023986|2
Packaging Material Part|MEP-00024002|1
Packaging Material Part|MEP-00024003|1
Packaging Material Part|SEP-00010559|1
Packaging Assembly Part|MEP-00024004|1
Packaging Assembly Part|SEP-00010560|1
Raw Material|SEP-00010561|1
pgAncillaryRawMaterialPart|MEP-00024010|1
pgAncillaryRawMaterialPart|SEP-00010571|1
Packaging Material Part|MEP-00024057|1
Packaging Material Part|SEP-00010591|1
Packaging Material Part|MEP-00024297|2
Packaging Material Part|MEP-00024433|1
Raw Material|MEP-00024436|1
Packaging Material Part|MEP-00024437|1
Packaging Material Part|MEP-00025888|1
Packaging Material Part|MEP-00025891|1
Packaging Material Part|MEP-00026024|1
Packaging Material Part|MEP-00044837|1
Packaging Material Part|MEP-00044838|1
Packaging Material Part|MEP-00045243|1
Packaging Material Part|MEP-00045516|1
Packaging Material Part|MEP-00048283|1
Packaging Material Part|MEP-00048285|1
Packaging Material Part|MEP-00049284|1
Raw Material|MEP-00049333|1
Packaging Material Part|MEP-00049825|1
Packaging Material Part|MEP-00049826|1
Packaging Material Part|MEP-00051197|1
Packaging Material Part|MEP-00051649|1
Packaging Material Part|MEP-00051650|1
Packaging Material Part|MEP-00053292|1
Packaging Material Part|MEP-00053293|1
pgOnlinePrintingPart|SEP-00012766|1
pgAncillaryPackagingMaterialPart|SEP-00012767|1
pgPromotionalItemPart|MEP-00053512|2
Packaging Material Part|MEP-00054175|1
Packaging Material Part|MEP-00054775|1
Packaging Material Part|MEP-00055278|1
Packaging Material Part|MEP-00055367|1
Packaging Material Part|MEP-00055368|1
Packaging Material Part|MEP-00056625|1
Packaging Material Part|SEP-00013587|1
Packaging Material Part|MEP-00056628|1
Packaging Material Part|MEP-00057143|1
Packaging Material Part|MEP-00058506|1
pgOnlinePrintingPart|MEP-00058528|1
pgArtwork|97031680|001
pgRawMaterial|97031567|001
Test Method Specification|95248900|002
pgQualitySpecification|95230921|002
pgQualitySpecification|95223434|002
pgRawMaterial|97031571|001
pgArtwork|96860575|001
pgRawMaterial|96860909|001
pgRawMaterial|96860908|001
pgIllustration|98729704|001
Test Method Specification|98774663|001
pgIllustration|98729706|001
Test Method Specification|99922330|001
pgIllustration|98728762|001
pgQualitySpecification|96866869|001
Test Method Specification|95972269|001
pgQualitySpecification|92039335|001
pgRawMaterial|96883636|001
pgRawMaterial|96778567|001
pgRawMaterial|96634810|001
pgRawMaterial|96778482|001
POA|POA-00000400|001
POA|POA-00000401|001
pgPackingMaterial|97475750|001
POA|POA-00000851|001
pgRawMaterial|97223974|001
pgRawMaterial|96778271|001
pgMasterRawMaterial|96236779|002
Test Method Specification|95734841|001
Test Method Specification|95972263|001
Test Method Specification|95972265|001
pgIllustration|98815286|001
Test Method Specification|95972266|003
Test Method Specification|95894764|001
Test Method Specification|95894646|001
Test Method Specification|98785126|003
Test Method Specification|95178566|001
pgArtwork|98729253|001
pgQualitySpecification|95967027|001
pgIllustration|98758605|001
Test Method Specification|95690843|001
pgIllustration|98729608|001
Test Method Specification|95734839|001
Test Method Specification|95625892|001
pgRawMaterial|96318619|001
pgRawMaterial|97034172|001
pgRawMaterial|97006912|001
pgRawMaterial|96631610|001
pgRawMaterial|97054827|001
pgRawMaterial|96631615|001
pgRawMaterial|96934174|002
pgRawMaterial|96860565|001
pgRawMaterial|97031687|001
Test Method Specification|97003947|002
pgIllustration|97003899|001
pgRawMaterial|97003897|001
pgStackingPattern|98629078|001
pgStackingPattern|95804573|001
pgStackingPattern|99455329|001
pgIllustration|95696688|001
Test Method Specification|95804569|001
Test Method Specification|98629071|001
pgQualitySpecification|95887844|001
pgQualitySpecification|98578338|001
pgIllustration|98729605|001
pgIllustration|95800404|001
pgIllustration|95843102|002
pgArtwork|95554930|001
pgMasterRawMaterial|95571172|001
Test Method Specification|95569803|001
pgRawMaterial|96631608|001
pgArtwork|92079439|001
pgRawMaterial|96931223|001
pgRawMaterial|97234741|001
pgRawMaterial|96778501|001
pgRawMaterial|95262638|002
pgRawMaterial|96778270|001
Test Method Specification|96778485|002
pgIllustration|96778483|001
pgRawMaterial|96322244|002
pgRawMaterial|96634812|001
pgStackingPattern|96843057|001
pgQualitySpecification|96370834|001
pgArtwork|96532043|001
pgRawMaterial|96880656|001
pgRawMaterial|96863917|001
pgRawMaterial|96854632|001
pgQualitySpecification|95244818|001
pgRawMaterial|95737405|001
pgRawMaterial|96778268|001
pgArtwork|95625899|004
pgPackingMaterial|95696687|002
pgPackingMaterial|97453610|001
pgPackingMaterial|97454010|001
pgPackingMaterial|98728895|001
pgMasterPackingMaterial|96778580|001
pgPackingMaterial|96778503|001
pgPackingInstructions|98778637|001
pgPackingMaterial|98790939|001
pgPackingMaterial|98751304|001
pgIllustration|98804907|001
pgPackingInstructions|98804906|001
pgPackingInstructions|98804897|001
pgIllustration|98804898|001
pgPackingMaterial|98804903|001
pgPackingMaterial|99391245|001
pgIllustration|98729692|001
pgPackingMaterial|98729690|001
pgIllustration|98751302|001
pgPackingMaterial|98751301|001
pgIllustration|98767876|001
pgPackingMaterial|98767873|001
pgPackingMaterial|96876828|001
Test Method Specification|98756862|001
pgMasterPackingMaterial|98820252|001
pgPackingMaterial|95743783|002
pgPackingMaterial|97031676|001
pgIllustration|98767886|001
pgPackingMaterial|98767885|001
pgIllustration|98763786|001
pgPackingMaterial|98763784|001
pgQualitySpecification|97031686|001
pgPackingMaterial|97031578|001
pgIllustration|98751292|001
pgPackingMaterial|98751289|001
pgPackingMaterial|98729684|001
pgIllustration|98804883|001
pgPackingMaterial|98804880|001
pgMasterPackingMaterial|96632535|001
pgPackingMaterial|96632366|001
pgPackingMaterial|96844318|001
pgPackingInstructions|98568421|002
pgPackingInstructions|98814930|001
pgPackingMaterial|99352984|001
pgPackingMaterial|98729705|001
pgPackingMaterial|98729850|001
pgIllustration|98751297|001
pgPackingMaterial|98751296|001
pgIllustration|98578199|001
pgArtwork|95782636|002
pgPackingMaterial|97453617|001
pgPackingMaterial|97453735|001
pgIllustration|99300724|001
pgPackingMaterial|99352986|001
pgMasterPackingMaterial|95965620|002
pgPackingMaterial|99352985|001
pgIllustration|99300732|001
pgMasterPackingMaterial|95965612|002
pgPackingMaterial|99352987|001
pgPackingMaterial|98729703|001
pgMasterPackingMaterial|98639426|001
pgIllustration|99321798|001
pgPackingMaterial|99321796|001
pgIllustration|98778718|001
pgMasterPackingMaterial|98649451|001
pgPackingMaterial|98778716|001
pgIllustration|99321108|001
pgPackingMaterial|99321064|001
pgIllustration|98729686|001
pgPackingMaterial|98729683|001
pgPackingMaterial|97474826|001
pgMasterPackingMaterial|97007204|001
pgPackingMaterial|97007201|001
pgRawMaterial|90668083|001
pgQualitySpecification|95554347|001
pgPackingMaterial|95741761|002
pgIllustration|98778719|001
pgPackingMaterial|98805832|001
pgMasterPackingMaterial|96632752|001
pgPackingMaterial|96632529|001
pgRawMaterial|96860564|001
pgRawMaterial|96876827|002
pgIllustration|99321058|001
pgMasterPackingMaterial|95965611|002
pgPackingMaterial|99321055|001
pgMasterPackingMaterial|95965619|002
pgIllustration|98728730|001
pgPackingMaterial|98728725|001
pgPackingMaterial|97453742|001
pgPackingMaterial|98729603|001
pgRawMaterial|97006910|001
pgRawMaterial|97006913|001
pgRawMaterial|97007064|001
pgRawMaterial|97007196|001
pgPackingMaterial|99385991|001
pgIllustration|98758606|001
pgPackingMaterial|98764116|001
pgPackingMaterial|98729700|001
pgStackingPattern|97045161|001
Test Method Specification|97045165|001
pgMasterPackingMaterial|98743821|001
pgPackingMaterial|98805135|001
pgIllustration|98729606|001
pgPackingMaterial|98729602|001
pgIllustration|98727889|001
pgPackingMaterial|98727865|001
pgIllustration|98728729|001
pgPackingMaterial|98728726|001
pgPackingMaterial|99444490|001
pgArtwork|95679546|001
pgIllustration|98774985|001
pgPackingMaterial|98774982|001
pgIllustration|99298007|002
pgPackingMaterial|99352983|001
pgMasterPackingMaterial|98639427|001
pgPackingMaterial|99321794|001
pgIllustration|98728727|001
pgPackingMaterial|98728723|001
pgIllustration|98747929|001
pgPackingMaterial|98747923|001
pgMasterPackingMaterial|98577703|002
pgPackingMaterial|98577705|001
pgIllustration|99321059|001
pgPackingMaterial|99321056|001
pgMasterPackingMaterial|97045361|001
pgIllustration|98751293|001
pgPackingMaterial|98751290|001
pgPackingMaterial|98804879|002
pgIllustration|98778635|001
pgPackingMaterial|98778630|001
pgPackingInstructions|95746078|002
pgIllustration|98778632|001
pgPackingMaterial|98778629|001
Test Method Specification|95244958|002
pgMasterPackingMaterial|95965615|002
pgPackingMaterial|98729601|001
pgPackingMaterial|98727597|001
pgPackingMaterial|98805830|001
pgIllustration|98774810|001
pgIllustration|98774988|001
pgIllustration|98774987|001
pgPackingMaterial|98774806|002
pgPackingMaterial|99408433|002
pgMasterPackingMaterial|98639423|001
pgPackingMaterial|98827000|001
pgPackingMaterial|98729702|001
pgPackingMaterial|98778717|001
pgQualitySpecification|96860576|001
pgPackingMaterial|96860569|001
pgPackingMaterial|97034174|001
pgIllustration|96634045|001
Test Method Specification|96634047|002
pgRawMaterial|96633856|001
pgRawMaterial|96634807|001
pgIllustration|99301429|001
pgIllustration|99266762|001
pgPackingMaterial|99266761|001
pgStandardOperatingProcedure|96632531|001
pgStandardOperatingProcedure|96632765|001
pgStandardOperatingProcedure|98826210|001
pgStandardOperatingProcedure|96778571|001
pgStandardOperatingProcedure|97007202|001
pgStandardOperatingProcedure|96778659|001
pgStandardOperatingProcedure|96860915|002
pgStandardOperatingProcedure|97007206|001
pgStandardOperatingProcedure|96778497|001
pgStandardOperatingProcedure|98776668|001
pgStandardOperatingProcedure|97007324|001
pgStandardOperatingProcedure|96881848|002
pgStandardOperatingProcedure|96632748|001
pgStandardOperatingProcedure|96634795|001
pgStandardOperatingProcedure|95903203|001
pgStandardOperatingProcedure|96860967|001
pgStandardOperatingProcedure|96632639|001
pgStandardOperatingProcedure|96861068|001
pgStandardOperatingProcedure|96778664|001
pgStandardOperatingProcedure|97223905|001
pgStandardOperatingProcedure|99921628|001
pgStandardOperatingProcedure|96778583|001
pgStandardOperatingProcedure|97031556|001
pgStandardOperatingProcedure|97006904|001
pgPackingMaterial|97017630|001
pgSupplierInformationSheet|97037239|001
pgSupplierInformationSheet|95903177|001
pgSupplierInformationSheet|96778490|002
pgSupplierInformationSheet|95625890|001
pgSupplierInformationSheet|97006908|002
pgIllustration|98729671|001
pgPackingMaterial|98729675|001
pgPackingMaterial|96778672|001
pgMasterPackingMaterial|96778670|001
pgIllustration|98729677|001
pgPackingMaterial|98729674|001
pgIllustration|95844383|001
Test Method Specification|98819022|001
pgIllustration|98818884|001
pgPackingMaterial|92163019|001
pgIllustration|98729708|001
pgPackingMaterial|98729707|001
pgPackingMaterial|96846129|001
pgPackingMaterial|97007321|001
pgPackingMaterial|98729701|001
pgIllustration|98750196|001
pgPackingMaterial|98767841|001
pgIllustration|98776641|001
pgPackingInstructions|95030641|001
pgPackingSubassembly|99408395|001
pgPackingMaterial|96860571|001
pgPackingMaterial|96183256|001
pgPackingMaterial|99444488|001
pgPackingInstructions|98729716|001
pgQualitySpecification|97037536|001
Test Method Specification|97035829|001
pgQualitySpecification|96866855|001
pgPackingMaterial|96313993|001
pgIllustration|98827184|001
pgPackingMaterial|98827182|001
pgPackingInstructions|97037631|001
pgIllustration|97037000|001
Test Method Specification|97035835|001
Test Method Specification|97035836|001
pgQualitySpecification|97037582|001
Test Method Specification|97035834|001
pgPackingMaterial|97453614|001
pgPackingMaterial|99352096|001
pgPackingMaterial|99444489|001
pgIllustration|98778639|001
pgPackingMaterial|98778636|001
pgPackingMaterial|99364366|001
pgPackingMaterial|97285377|001
pgPackingMaterial|97031677|001
pgMasterPackingMaterial|98649978|001
pgIllustration|98767830|001
pgPackingMaterial|98767815|001
pgIllustration|98723096|001
pgPackingMaterial|98727901|001
pgPackingMaterial|97054831|002
pgIllustration|98767875|001
pgPackingMaterial|98767872|001
pgPackingMaterial|98788077|001
pgPackingMaterial|97453501|001
pgQualitySpecification|95243846|002
pgRawMaterial|95246194|003
pgRawMaterial|95714848|001
pgRawMaterial|95452986|002
pgPackingInstructions|99321067|001
pgIllustration|98756871|001
pgQualitySpecification|95894852|001
pgPackingSubassembly|99444484|001
pgRawMaterial|97031570|002
pgArtwork|POA-00003949|001
pgRawMaterial|95732459|001
Packaging Material Part|90696220|001
pgPackingMaterial|90899427|001
pgPackingMaterial|90886190|002
pgArtwork|95734826|001
pgPackingInstructions|90923323|001
pgPackingInstructions|90923325|001
pgPackingInstructions|90923280|001
Test Method Specification|90920521|002
Test Method Specification|90892227|002
pgPackingMaterial|96882472|006
pgPackingMaterial|90922943|002
pgPackingMaterial|90941310|002
pgStandardOperatingProcedure|90927951|002
pgPackingMaterial|90920450|002
pgMasterPackingMaterial|95625898|002
pgPackingMaterial|98727838|002
pgPackingInstructions|90886191|003
pgStandardOperatingProcedure|90890723|002
pgIllustration|97036997|003
pgSupplierInformationSheet|96634728|003
pgIllustration|90954805|002
Packaging Material Part|90500094|001
pgRawMaterial|96638331|002
pgRawMaterial|90793565|009
Test Method Specification|90924616|002
Test Method Specification|98578348|002
Test Method Specification|90931121|001
pgPackingMaterial|90931123|002
pgMasterPackingMaterial|95958303|005
Test Method Specification|95734843|002
pgMasterRawMaterial|97469768|002
Test Method Specification|95894645|002
pgPackingInstructions|90923324|002
pgIllustration|96888005|004
Test Method Specification|90892229|005
pgPackingSubassembly|90794938|004
pgRawMaterial|96874457|005
pgPackingMaterial|90984124|001
pgPackingMaterial|90920526|002
pgPackingMaterial|90892802|004
pgPackingMaterial|90858892|001
pgPackingMaterial|90954807|001
pgRawMaterial|90984118|001
pgPackingMaterial|90931404|005
pgPackingMaterial|90872301|002
pgRawMaterial|90983508|001
pgPackingMaterial|90984605|001
pgSupplierInformationSheet|90984383|002
pgStackingPattern|95244934|005
pgIllustration|95031755|003
Test Method Specification|90892232|006
Test Method Specification|90892264|004
Test Method Specification|90892228|002
Test Method Specification|90892124|003
pgStandardOperatingProcedure|90980238|002
pgMasterPackingMaterial|90892801|005
Test Method Specification|90980234|002
Test Method Specification|90980233|002
Test Method Specification|90980232|002
Test Method Specification|98578352|002
Test Method Specification|90980227|002
Test Method Specification|90980231|002
Test Method Specification|90980230|002
Test Method Specification|90980225|002
Test Method Specification|90980229|002
pgMasterRawMaterial|96888008|003
pgArtwork|90984128|001
pgPackingMaterial|90980279|002
Test Method Specification|90980235|003
pgPackingMaterial|91003374|001
pgPackingMaterial|91003951|001
pgStandardOperatingProcedure|91003226|001
pgStandardOperatingProcedure|91003475|001
pgStandardOperatingProcedure|91003364|001
pgSupplierInformationSheet|91003553|001
pgRawMaterial|91003462|001
pgRawMaterial|91003370|001
pgRawMaterial|91005046|001
pgRawMaterial|91003460|001
pgRawMaterial|91003467|001
pgMasterPackingMaterial|91003360|001
pgMasterPackingMaterial|91003943|001
pgIllustration|90980252|005
pgIllustration|91003473|001
pgSupplierInformationSheet|90980244|003
Test Method Specification|91003472|002
Test Method Specification|90924615|005
pgPackingSubassembly|91015773|001
pgArtwork|91015103|001
pgIllustration|90667991|001
pgRawMaterial|91026122|002
Test Method Specification|91025901|001
Test Method Specification|99920031|002
pgMasterPackingMaterial|90562686|003
Packaging Material Part|90712122|001
Packaging Assembly Part|90696233|001
pgPackingMaterial|91229351|002
pgMasterFinishedProduct|96290285|001
pgMasterFinishedProduct|98604938|001
pgMasterFinishedProduct|96634396|001
pgMasterFinishedProduct|95802375|004
pgMasterFinishedProduct|97042579|001
pgMasterFinishedProduct|97469755|001
pgMasterFinishedProduct|95728262|001
pgMasterFinishedProduct|97006921|001
pgMasterFinishedProduct|97279270|001
pgMasterFinishedProduct|90980281|001
pgRawMaterial|91505342|001
pgRawMaterial|91505349|001
pgMasterRawMaterial|91505418|001
pgMasterRawMaterial|91505422|001
pgArtwork|90608949|001
pgArtwork|90595217|001
Packaging Material Part|90539081|002
Packaging Material Part|90576913|002
pgArtwork|90611032|001
pgArtwork|90614039|001
Packaging Material Part|90576915|002
pgArtwork|90611024|001
pgArtwork|90608287|001
Packaging Material Part|90539158|002
pgArtwork|90610733|001
Packaging Material Part|90539178|002
Packaging Material Part|90539076|002
pgArtwork|90595216|001
pgArtwork|90611026|001
Packaging Material Part|90539187|002
Packaging Material Part|90539182|002
pgArtwork|90593310|001
pgArtwork|90595207|001
Packaging Material Part|90523119|002
pgIllustration|97075122|006
pgOnlinePrintingPart|90712019|001
pgPackingMaterial|91505358|001
Packaging Material Part|90952777|002
pgArtwork|91089628|001
pgArtwork|91227305|001
Packaging Material Part|91105225|002
pgIllustration|99301431|002
pgMasterPackagingMaterialPart|MPMP-00023858|001
Packaging Material Part|91532564|001
pgMasterPackagingMaterialPart|MPMP-00021427|001
pgIllustration|96919658|001
pgArtwork|90754995|001
Packaging Material Part|90716993|003
pgArtwork|91166336|001
pgArtwork|91089630|001
Packaging Material Part|90976755|002
pgArtwork|90812402|001
pgArtwork|91162254|001
Packaging Material Part|90952771|002
Packaging Material Part|90976754|002
pgArtwork|91089629|001
Packaging Material Part|91105192|002
pgArtwork|91203719|001
pgArtwork|91123323|001
Packaging Material Part|91105189|002
pgArtwork|96742124|001
Packaging Material Part|96580353|002
Packaging Material Part|91388782|004
Packaging Material Part|91392282|003
Packaging Material Part|91348097|003
Packaging Material Part|91392281|003
pgArtwork|90595680|001
Packaging Material Part|91418707|002
Packaging Material Part|92371940|003
pgArtwork|92385580|001
pgArtwork|91398219|001
Packaging Material Part|91374590|003
pgArtwork|91426481|001
Packaging Material Part|91374591|003
pgArtwork|91400548|001
Packaging Material Part|91379420|003
pgIllustration|96897932|001
pgMasterPackagingMaterialPart|MPMP-00021415|001
pgArtwork|97010866|001
Packaging Material Part|96897912|003
pgArtwork|91400551|001
Packaging Material Part|91379425|003
Packaging Material Part|97123525|003
pgArtwork|97096120|001
pgArtwork|90865097|001
pgIllustration|90727119|002
Packaging Material Part|90765102|003
pgIllustration|96984735|001
Packaging Material Part|91418626|003
pgArtwork|91398218|001
Packaging Material Part|91374127|003
pgArtwork|91400589|001
Packaging Material Part|91379428|003
pgIllustration|90594997|001
Packaging Material Part|96391790|003
pgArtwork|97128100|001
Packaging Material Part|97114683|003
pgArtwork|91400590|001
Packaging Material Part|91379430|003
pgArtwork|91401217|001
Packaging Material Part|91315473|003
pgArtwork|91400593|001
Packaging Material Part|91379559|003
pgArtwork|97104433|001
Packaging Material Part|96944329|003
pgIllustration|91371840|001
Packaging Material Part|91371838|002
Packaging Material Part|97123526|003
pgArtwork|97096124|001
pgArtwork|91385967|001
Packaging Material Part|91379426|003
pgArtwork|91162354|001
pgIllustration|90679609|001
Packaging Material Part|90999740|003
pgIllustration|96897933|001
pgMasterPackagingMaterialPart|MPMP-00021417|001
pgArtwork|97104432|001
Packaging Material Part|96944313|003
pgArtwork|91385423|001
Packaging Material Part|91379421|003
Packaging Material Part|97106052|002
pgArtwork|91400875|001
pgArtwork|91403566|001
Packaging Material Part|91403554|002
pgArtwork|97284103|001
Packaging Material Part|97254799|003
Packaging Material Part|96402911|003
Packaging Material Part|97114684|003
pgArtwork|97076425|001
pgIllustration|91356972|001
pgArtwork|91394306|001
Packaging Material Part|91337060|002
Packaging Material Part|91435633|002
pgIllustration|91050126|001
pgArtwork|91418927|001
Packaging Material Part|91385974|002
Packaging Material Part|91379388|003
pgArtwork|91400547|001
pgArtwork|91385427|001
Packaging Material Part|91379423|003
pgArtwork|91417087|001
pgIllustration|92009177|004
Packaging Material Part|91341267|002
pgArtwork|91362324|001
Packaging Material Part|91379429|004
pgArtwork|91400591|001
Packaging Material Part|91379431|003
pgArtwork|97343202|001
Packaging Material Part|97462958|003
pgMasterPackagingMaterialPart|MPMP-00022321|001
pgArtwork|96518752|001
pgIllustration|92166168|003
Packaging Material Part|96356163|003
pgArtwork|91395572|001
Packaging Material Part|91385803|003
pgArtwork|91400550|001
Packaging Material Part|91379424|003
pgArtwork|97076426|001
Packaging Material Part|97123523|003
pgArtwork|90865096|001
Packaging Material Part|90765086|003
Packaging Material Part|91374126|003
pgArtwork|91398217|001
pgArtwork|91400588|001
Packaging Material Part|91379427|003
pgIllustration|90594998|001
Packaging Material Part|96404078|003
pgArtwork|91400594|001
Packaging Material Part|91379560|003
pgArtwork|90969264|001
Packaging Material Part|90896875|003
Packaging Material Part|90601299|003
pgArtwork|90644304|001
Packaging Material Part|91377533|003
pgArtwork|91403571|001
Packaging Material Part|91403560|002
pgArtwork|97010867|001
Packaging Material Part|96897913|003
Packaging Material Part|91379422|003
pgArtwork|91400549|001
Packaging Material Part|91394389|002
pgIllustration|92022922|002
pgArtwork|91429099|001
Packaging Material Part|91396201|002
pgArtwork|90638249|001
Packaging Material Part|90615986|003
pgArtwork|91354949|001
Packaging Material Part|91309393|003
Packaging Material Part|97125808|002
Packaging Material Part|91408441|003
pgArtwork|97065737|001
Packaging Material Part|94501708|005
pgIllustration|92255539|001
pgArtwork|91043244|001
Packaging Material Part|90962771|003
pgArtwork|91375588|001
Packaging Material Part|91354931|003
Packaging Material Part|91397107|002
pgArtwork|91028462|001
pgIllustration|90711266|002
Packaging Material Part|90834247|003
Packaging Material Part|90556859|003
pgArtwork|90649442|001
Packaging Material Part|96903404|003
pgArtwork|91312140|001
Packaging Material Part|96796142|002
pgArtwork|91381678|001
Packaging Material Part|91408448|003
pgArtwork|91385530|001
Packaging Material Part|91359865|003
pgArtwork|91406655|001
Packaging Material Part|91381780|003
pgArtwork|90695673|001
Packaging Material Part|90646479|003
pgArtwork|91385532|001
Packaging Material Part|91359867|003
Packaging Material Part|91290249|003
pgArtwork|91354945|001
pgArtwork|91391828|001
Packaging Material Part|91374072|003
pgArtwork|91385535|001
Packaging Material Part|91362311|003
pgArtwork|90695151|001
Packaging Material Part|90653867|003
pgArtwork|90732899|001
Packaging Material Part|90645154|003
pgArtwork|91385533|001
Packaging Material Part|91359868|003
pgArtwork|91406654|001
Packaging Material Part|91381777|003
pgIllustration|90750208|001
Packaging Material Part|91382068|003
pgArtwork|90698572|001
Packaging Material Part|90654200|003
pgArtwork|91385534|001
Packaging Material Part|91359869|003
pgArtwork|91385529|001
Packaging Material Part|91359864|003
Packaging Material Part|91387194|002
pgArtwork|90732900|001
Packaging Material Part|90645156|003
pgArtwork|91001577|001
Packaging Material Part|90531433|003
pgArtwork|91385531|001
Packaging Material Part|91359866|003
pgArtwork|91367771|001
Packaging Material Part|91366378|003
Packaging Material Part|90671467|003
pgIllustration|91387108|001
pgArtwork|91404278|001
Packaging Material Part|91322235|004
pgArtwork|91162331|001
pgIllustration|92299962|001
Packaging Material Part|90944734|003
pgArtwork|90653362|001
Packaging Material Part|90556957|003
pgArtwork|90694050|001
pgQualitySpecification|90549667|003
Packaging Material Part|90648578|005
Packaging Material Part|90671466|003
pgArtwork|91360325|001
pgQualitySpecification|96238019|004
pgIllustration|91360324|001
Packaging Material Part|91360322|002
pgArtwork|91041147|001
Packaging Material Part|90963150|003
pgArtwork|91360326|001
Packaging Material Part|91360323|002
Packaging Material Part|90671468|003
Packaging Material Part|96548877|005
pgArtwork|96571603|001
pgArtwork|91475388|001
pgIllustration|90738893|002
Packaging Material Part|91365192|002
pgArtwork|91472476|001
pgIllustration|91443715|001
Packaging Material Part|91357252|003
pgIllustration|91324105|001
pgIllustration|91364364|001
Packaging Material Part|91373743|003
Packaging Material Part|91435632|002
pgIllustration|91011181|001
Packaging Material Part|91423447|002
pgIllustration|90722040|001
Packaging Material Part|91418706|002
pgArtwork|91041148|001
Packaging Material Part|90967806|003
pgArtwork|91472474|001
Packaging Material Part|91357192|003
pgArtwork|91409827|001
Packaging Material Part|91365868|002
pgIllustration|95857308|006
pgArtwork|91373391|001
Packaging Material Part|91312522|002
pgIllustration|97317661|001
pgArtwork|97412803|001
Packaging Material Part|97317764|003
Packaging Material Part|91385976|002
pgIllustration|90738128|003
pgArtwork|91411849|001
Packaging Material Part|91281924|002
pgQualitySpecification|90682874|001
pgIllustration|90767271|001
Packaging Material Part|90827722|002
Packaging Material Part|91349973|003
Packaging Material Part|91349960|003
pgIllustration|96441659|001
Packaging Material Part|91450330|002
Packaging Material Part|91408443|003
Packaging Material Part|91348604|003
Packaging Material Part|90858353|003
pgIllustration|90985354|001
Packaging Material Part|90985352|002
pgArtwork|91472469|001
Packaging Material Part|91357190|003
pgArtwork|90784043|001
Packaging Material Part|90680821|003
pgArtwork|91470825|001
Packaging Material Part|91365591|002
Packaging Material Part|91348618|003
pgArtwork|97326850|002
Packaging Material Part|91144283|004
pgArtwork|91424283|001
Packaging Material Part|91281929|002
pgArtwork|91472478|001
Packaging Material Part|91357253|003
pgArtwork|91402407|001
Packaging Material Part|91322255|004
pgArtwork|91469820|001
Packaging Material Part|91365512|002
pgArtwork|91472544|001
Packaging Material Part|97330838|003
Packaging Material Part|91348718|003
pgArtwork|91144371|001
pgIllustration|91144289|001
Packaging Material Part|91144280|003
pgArtwork|91461191|001
Packaging Material Part|91365510|002
pgArtwork|91472475|001
Packaging Material Part|91357251|003
pgArtwork|97125232|001
Packaging Material Part|97025188|003
pgIllustration|91443713|001
Packaging Material Part|91350116|003
pgArtwork|91502302|001
pgIllustration|90738774|002
Packaging Material Part|91273061|002
Packaging Material Part|91347448|003
pgArtwork|91413782|001
Packaging Material Part|91412915|002
pgArtwork|97385583|001
pgIllustration|97560514|003
Packaging Material Part|97319639|009
Packaging Material Part|97110547|003
pgArtwork|91374067|001
Packaging Material Part|91385140|003
pgArtwork|91472472|001
Packaging Material Part|91357191|003
Packaging Material Part|91283980|002
pgArtwork|90921227|001
pgIllustration|90730210|004
Packaging Material Part|90794288|003
Packaging Material Part|91254951|003
pgArtwork|91392108|001
Packaging Material Part|91322156|003
Packaging Material Part|91418635|003
pgIllustration|91406640|001
pgArtwork|91010358|001
Packaging Material Part|90738126|003
pgArtwork|91442273|001
Packaging Material Part|91281910|002
Packaging Material Part|91364816|002
pgIllustration|91144290|001
pgArtwork|91144372|001
Packaging Material Part|91144282|003
Packaging Material Part|91349840|003
pgIllustration|97494399|001
Packaging Material Part|91452859|003
Packaging Material Part|91281916|002
pgArtwork|91430324|001
pgArtwork|91400886|001
Packaging Material Part|91400869|002
Packaging Material Part|91450448|003
Packaging Material Part|91349904|003
Packaging Material Part|91350276|003
Packaging Material Part|91350105|003
pgArtwork|91502303|001
Packaging Material Part|91355468|003
pgArtwork|91517411|001
pgIllustration|97383256|001
Packaging Material Part|91450082|002
pgIllustration|90739714|002
Packaging Material Part|90794358|002
pgArtwork|90935508|001
pgIllustration|90667754|001
Packaging Material Part|91416271|003
pgIllustration|92166058|001
pgIllustration|92217477|001
pgArtwork|91088825|001
Packaging Material Part|90990822|003
Packaging Material Part|91350271|003
Packaging Material Part|91449326|003
pgArtwork|91472468|001
Packaging Material Part|91357187|003
Packaging Material Part|91350246|003
Packaging Material Part|91423357|002
Packaging Material Part|91350280|003
pgArtwork|91503621|001
pgArtwork|91054577|001
pgQualitySpecification|96227597|009
Packaging Material Part|91054140|003
pgArtwork|95636625|001
Packaging Material Part|90748394|004
pgIllustration|90642705|001
pgArtwork|91405460|001
Packaging Material Part|91322256|004
pgIllustration|91413476|001
Packaging Material Part|91413481|002
pgArtwork|91472542|001
Packaging Material Part|97181236|003
Packaging Material Part|91281894|002
pgArtwork|91415045|001
Packaging Material Part|91369524|003
pgArtwork|91502304|001
Packaging Material Part|91365516|002
pgArtwork|91454664|001
Packaging Material Part|91160289|002
Packaging Material Part|97025189|003
pgArtwork|97120407|001
Packaging Material Part|91365055|002
pgArtwork|91475387|001
Packaging Material Part|91348524|003
pgArtwork|91495542|001
Packaging Material Part|91446196|003
pgIllustration|90956748|001
Packaging Material Part|91350236|003
Packaging Material Part|91322573|003
pgArtwork|91472669|001
pgArtwork|90946337|001
Packaging Material Part|90794300|003
Packaging Material Part|91451701|003
pgArtwork|91424486|001
Packaging Material Part|91281928|002
pgArtwork|90535875|001
Packaging Material Part|91374421|003
pgIllustration|91364358|001
Packaging Material Part|91412912|002
pgArtwork|91413756|001
pgArtwork|91480571|001
Packaging Material Part|91357188|003
Packaging Material Part|91404873|002
pgIllustration|91448808|001
Packaging Material Part|91403552|002
pgArtwork|91403562|001
Packaging Material Part|91441171|002
Packaging Material Part|91347855|003
pgArtwork|91394527|001
pgArtwork|91448020|001
Packaging Material Part|91257962|002
Packaging Material Part|91403557|002
pgArtwork|91403569|001
Packaging Material Part|91350252|003
Packaging Material Part|91452845|003
Packaging Material Part|91418708|002
Packaging Material Part|91364666|002
pgArtwork|91472806|001
Packaging Material Part|97025190|003
pgArtwork|97120408|001
pgIllustration|96867157|001
pgArtwork|91472480|001
Packaging Material Part|91357254|003
pgIllustration|91448792|001
Packaging Material Part|91440315|003
pgArtwork|91480584|001
Packaging Material Part|91357189|003
Packaging Material Part|91392280|003
Packaging Material Part|91283981|002
Packaging Material Part|91436929|002
pgArtwork|91400888|001
Packaging Material Part|91400872|002
Packaging Material Part|91450540|003
Packaging Material Part|91281906|002
pgArtwork|91411814|001
Packaging Material Part|91448961|002
Packaging Material Part|91454585|002
pgArtwork|90818207|001
Packaging Material Part|90771596|003
pgArtwork|91502246|001
Packaging Material Part|91437049|003
pgArtwork|91479358|001
pgIllustration|90647439|001
Packaging Material Part|91413812|002
Packaging Material Part|91423577|003
pgArtwork|91514604|001
Packaging Material Part|91053803|003
pgArtwork|91457176|001
Packaging Material Part|91410536|003
pgArtwork|91362589|001
Packaging Material Part|91298377|002
pgIllustration|91446860|001
Packaging Material Part|91440019|002
Packaging Material Part|91447255|003
pgArtwork|91492483|001
Packaging Material Part|91411471|003
pgArtwork|91514426|001
Packaging Material Part|91437047|003
Packaging Material Part|91447258|003
pgArtwork|91514713|001
pgIllustration|90852027|001
pgArtwork|90865188|001
Packaging Material Part|90852026|003
pgArtwork|91442910|001
Packaging Material Part|91356900|002
pgArtwork|91495024|001
Packaging Material Part|91322239|003
pgArtwork|91514725|001
Packaging Material Part|91447288|003
pgArtwork|91462161|001
Packaging Material Part|91455051|003
pgArtwork|91477852|001
Packaging Material Part|90863770|002
pgArtwork|91403372|001
Packaging Material Part|91364005|003
Packaging Material Part|91437123|003
Packaging Material Part|90773902|003
pgArtwork|95636091|001
Packaging Material Part|91437121|003
pgArtwork|91502248|001
Packaging Material Part|91454196|002
pgArtwork|91457283|001
Packaging Material Part|91410551|003
pgArtwork|96306502|001
Packaging Material Part|96268969|003
pgArtwork|91514714|001
Packaging Material Part|91447278|003
pgArtwork|97360552|001
Packaging Material Part|97340679|003
Packaging Material Part|96312699|003
pgArtwork|96329607|001
pgArtwork|91362590|001
Packaging Material Part|91298380|002
pgArtwork|91514428|001
Packaging Material Part|91437108|003
pgArtwork|91392520|001
Packaging Material Part|91043902|003
pgArtwork|91492485|001
Packaging Material Part|91411527|003
Packaging Material Part|99590076|003
Packaging Material Part|91437096|003
pgArtwork|91514710|001
Packaging Material Part|91447134|003
Packaging Material Part|91364015|003
pgArtwork|91406892|001
pgArtwork|91362591|001
Packaging Material Part|91298382|002
Packaging Material Part|91447153|003
pgArtwork|91514711|001
Packaging Material Part|91447147|003
pgArtwork|91457282|001
Packaging Material Part|91410547|003
pgArtwork|91226830|001
Packaging Material Part|91415264|002
pgArtwork|91514724|001
Packaging Material Part|91447266|003
Packaging Material Part|91437133|003
pgArtwork|91502250|001
Packaging Material Part|92318297|004
pgArtwork|92355351|001
Packaging Material Part|91446985|003
pgArtwork|91486218|001
Packaging Material Part|91364648|002
Packaging Material Part|91437110|003
pgArtwork|91502247|001
Packaging Material Part|96575326|004
pgArtwork|96581230|001
Packaging Material Part|91247242|003
pgIllustration|99748359|001
Packaging Material Part|91445433|002
Packaging Material Part|91255103|002
pgArtwork|91317126|001
pgIllustration|91071800|002
Packaging Material Part|91222371|002
pgArtwork|91416902|001
Packaging Material Part|91290250|003
Packaging Material Part|91267401|002
pgArtwork|91477772|001
Packaging Material Part|90863771|002
Packaging Material Part|91303133|002
Packaging Material Part|91253416|003
pgArtwork|91403153|001
Packaging Material Part|91403146|002
pgIllustration|91232627|001
pgArtwork|91250451|001
Packaging Material Part|91247534|002
Packaging Material Part|91258524|002
pgArtwork|91366032|001
Packaging Material Part|91313867|003
pgArtwork|91405213|001
Packaging Material Part|91309374|003
Packaging Material Part|91255658|002
Packaging Material Part|91322143|003
Packaging Material Part|91448794|002
pgIllustration|91372387|001
Packaging Material Part|91372392|002
Packaging Material Part|91249740|002
Packaging Material Part|91418711|002
pgArtwork|91403155|001
Packaging Material Part|91403147|002
pgArtwork|91314942|001
Packaging Material Part|91280112|003
pgArtwork|97269481|001
Packaging Material Part|97263502|003
Packaging Material Part|91303132|002
Packaging Material Part|91257855|002
pgIllustration|91257819|001
pgArtwork|91308625|001
pgArtwork|91088388|001
pgIllustration|91054548|001
Packaging Material Part|91056180|003
Packaging Material Part|91255246|002
pgArtwork|97269474|001
Packaging Material Part|97127201|003
Packaging Material Part|91258518|002
pgArtwork|96931236|001
Packaging Material Part|96893445|003
Packaging Material Part|91313565|002
pgArtwork|91476582|001
Packaging Material Part|91450436|003
Packaging Material Part|91293076|002
Packaging Material Part|96316215|003
pgArtwork|96350723|001
Packaging Material Part|91281593|002
pgArtwork|91476575|001
Packaging Material Part|91437051|003
pgArtwork|91403156|001
Packaging Material Part|91403148|002
Packaging Material Part|91313641|002
pgArtwork|91476444|001
Packaging Material Part|91449918|003
Packaging Material Part|91448796|002
Packaging Material Part|91293066|002
Packaging Material Part|91435501|002
Packaging Material Part|91254880|002
Packaging Material Part|91436928|002
Packaging Material Part|91233219|002
Packaging Material Part|91313570|002
Packaging Material Part|91435631|002
pgArtwork|91446862|001
Packaging Material Part|91445422|002
pgArtwork|91474136|001
Packaging Material Part|91450469|003
Packaging Material Part|91403149|002
pgArtwork|91403158|001
Packaging Material Part|91293091|002
Packaging Material Part|91358235|002
Packaging Material Part|91449245|003
pgArtwork|91485012|001
Packaging Material Part|91251520|002
pgArtwork|91403152|001
Packaging Material Part|91403143|002
pgArtwork|97355889|001
Packaging Material Part|97315680|004
Packaging Material Part|91436503|002
Packaging Material Part|91269267|003
pgIllustration|91269348|001
pgArtwork|91314943|001
Packaging Material Part|91280122|003
pgIllustration|91050118|001
pgArtwork|91088390|001
Packaging Material Part|91056260|003
Packaging Material Part|91445432|002
Packaging Material Part|91449908|003
pgArtwork|91483327|001
pgArtwork|91476581|001
Packaging Material Part|91450079|003
pgArtwork|91476445|001
Packaging Material Part|91449934|003
Packaging Material Part|91285952|002
Packaging Material Part|91450254|003
pgArtwork|91472348|001
Packaging Material Part|91256868|002
Packaging Material Part|91281609|002
Packaging Material Part|91293087|002
pgArtwork|91298518|001
pgIllustration|91253145|001
Packaging Material Part|91253146|002
pgIllustration|91269361|001
Packaging Material Part|91269273|004
pgArtwork|91222629|001
Packaging Material Part|91078893|004
pgIllustration|91269126|001
Packaging Material Part|91289287|004
pgArtwork|91254155|001
Packaging Material Part|91270728|002
pgArtwork|91414566|001
pgIllustration|90913062|001
pgQualitySpecification|91127198|001
Packaging Material Part|91303702|002
Packaging Material Part|91088518|003
pgIllustration|91360200|001
pgArtwork|91421144|001
Packaging Material Part|91358246|004
pgArtwork|91295593|001
Packaging Material Part|91290700|004
pgArtwork|91424633|001
pgIllustration|91270570|001
Packaging Material Part|91255655|002
pgArtwork|91293571|001
Packaging Material Part|91233275|004
pgArtwork|91287026|001
Packaging Material Part|91226503|003
pgArtwork|91291364|001
Packaging Material Part|91226499|003
pgArtwork|91222627|001
Packaging Material Part|91078890|003
Packaging Material Part|91225299|003
pgArtwork|91295522|001
pgIllustration|96871196|001
Packaging Material Part|91290385|002
pgArtwork|91293570|001
Packaging Material Part|91233274|004
Packaging Material Part|91293814|002
pgArtwork|91291361|001
Packaging Material Part|91226496|003
Packaging Material Part|91369849|002
pgIllustration|91269363|001
Packaging Material Part|91269277|004
pgArtwork|91285929|001
Packaging Material Part|91225306|003
Packaging Material Part|91247241|003
Packaging Material Part|91271511|003
pgArtwork|91295521|001
Packaging Material Part|91225290|003
pgIllustration|91317802|001
Packaging Material Part|91317801|004
pgArtwork|91287005|001
Packaging Material Part|91226502|003
pgIllustration|91269357|001
Packaging Material Part|91269272|004
Packaging Material Part|91211793|003
pgIllustration|91289268|001
Packaging Material Part|91289292|004
pgArtwork|91313559|001
Packaging Material Part|91281540|003
Packaging Material Part|91278668|004
pgIllustration|91308872|001
Packaging Material Part|91266369|004
Packaging Material Part|91321592|003
pgArtwork|91262378|001
Packaging Material Part|90985590|003
pgArtwork|91303545|001
Packaging Material Part|91226495|003
pgIllustration|91284785|001
pgArtwork|91377599|001
Packaging Material Part|91253131|003
pgArtwork|91253424|001
pgArtwork|91287002|001
Packaging Material Part|90985592|003
pgArtwork|91308626|001
pgIllustration|96345885|001
Packaging Material Part|91279150|002
Packaging Material Part|91308886|004
pgArtwork|91405205|001
Packaging Material Part|91259555|003
pgIllustration|90824489|001
pgArtwork|91222630|001
Packaging Material Part|91078894|003
pgArtwork|91224988|001
Packaging Material Part|91201106|004
Packaging Material Part|91326289|002
pgArtwork|91297058|001
Packaging Material Part|91259605|002
pgIllustration|91270585|001
Packaging Material Part|91270579|002
Packaging Material Part|90985587|003
pgIllustration|91444286|001
Packaging Material Part|91347953|005
Packaging Material Part|90985585|003
pgIllustration|91289226|001
Packaging Material Part|91289285|004
pgIllustration|91269364|001
Packaging Material Part|91269358|003
Packaging Material Part|91289281|004
pgIllustration|91289222|001
pgArtwork|91309235|001
Packaging Material Part|91254953|004
pgArtwork|91320971|001
Packaging Material Part|91175203|003
pgArtwork|91295523|001
Packaging Material Part|91225302|003
pgArtwork|91253423|001
Packaging Material Part|91253130|003
Packaging Material Part|91269271|004
pgIllustration|91269356|001
Packaging Material Part|91254439|002
pgIllustration|91269362|001
Packaging Material Part|91269275|004
Packaging Material Part|91282752|003
pgIllustration|91289267|001
Packaging Material Part|91289291|004
pgArtwork|91224185|001
Packaging Material Part|91078934|004
Packaging Material Part|91256867|002
pgArtwork|91287023|001
Packaging Material Part|90985594|003
Packaging Material Part|91233276|004
pgArtwork|91293572|001
Packaging Material Part|91251523|002
pgIllustration|97404944|002
Packaging Material Part|90945668|003
pgArtwork|91291365|001
Packaging Material Part|91226500|003
pgIllustration|91308874|001
Packaging Material Part|91308889|004
pgArtwork|91222628|001
Packaging Material Part|91078891|003
Packaging Material Part|91280538|003
pgArtwork|91269252|001
pgQualitySpecification|94501206|007
Packaging Material Part|91267470|003
Packaging Material Part|91251537|002
Packaging Material Part|91324134|004
pgIllustration|97365946|001
Packaging Material Part|91266738|003
Packaging Material Part|91289278|005
pgIllustration|91289219|002
Packaging Material Part|91296109|003
pgIllustration|91242473|003
Packaging Material Part|91242494|004
pgArtwork|91282719|001
Packaging Material Part|91201102|003
pgArtwork|91224984|001
pgArtwork|91288081|001
Packaging Material Part|91225297|003
pgIllustration|91269365|001
Packaging Material Part|91269280|004
Packaging Material Part|91286188|002
Packaging Material Part|91247240|003
Packaging Material Part|91078889|003
pgArtwork|91222624|001
Packaging Material Part|91279016|003
pgIllustration|91238190|001
Packaging Material Part|91225294|003
pgArtwork|91288080|001
Packaging Material Part|91270498|003
Packaging Material Part|91263117|003
Packaging Material Part|91308884|004
pgArtwork|91319057|001
Packaging Material Part|90882822|002
Packaging Material Part|91296107|003
Packaging Material Part|91278614|002
pgIllustration|96632248|001
Packaging Material Part|91325069|002
Packaging Material Part|91289288|004
pgIllustration|91254605|001
Packaging Material Part|91289283|004
pgIllustration|91289224|001
pgArtwork|91309233|001
Packaging Material Part|91254952|003
pgIllustration|91298789|001
pgArtwork|91303348|001
Packaging Material Part|91281608|002
Packaging Material Part|91254954|003
pgArtwork|91305099|001
Packaging Material Part|91259554|003
pgArtwork|91405204|001
Packaging Material Part|91068947|003
pgArtwork|91224184|001
pgIllustration|91298177|001
Packaging Material Part|91299550|002
pgArtwork|91351048|001
Packaging Material Part|91289290|004
pgIllustration|91289266|001
Packaging Material Part|91226501|004
pgArtwork|91287004|001
pgIllustration|91266393|001
Packaging Material Part|91266528|003
pgArtwork|91291356|001
Packaging Material Part|90985596|004
pgIllustration|90721843|003
Packaging Material Part|90985589|003
pgArtwork|91287001|001
Packaging Material Part|91297388|003
Packaging Material Part|91297583|002
Packaging Material Part|91281542|003
pgArtwork|91320500|001
Packaging Material Part|90744587|003
pgArtwork|91222623|001
Packaging Material Part|91289289|004
pgIllustration|91274010|001
pgArtwork|91287018|001
Packaging Material Part|90985588|004
Packaging Material Part|91226494|003
pgArtwork|91303440|001
Packaging Material Part|91286571|003
pgArtwork|91291363|001
Packaging Material Part|91226497|003
Packaging Material Part|91308885|003
Packaging Material Part|91308890|004
pgIllustration|91308875|001
Packaging Material Part|91254498|002
Packaging Material Part|91347944|005
pgIllustration|91281879|001
Packaging Material Part|91281878|004
Packaging Material Part|91303134|002
Packaging Material Part|91294214|003
Packaging Material Part|91258525|002
pgArtwork|91224985|001
Packaging Material Part|91201103|003
pgIllustration|91289225|001
Packaging Material Part|91289284|004
Packaging Material Part|91282746|003
Packaging Material Part|91289279|004
pgIllustration|91289221|001
Packaging Material Part|91261337|003
Packaging Material Part|91271512|003
pgIllustration|91308873|001
Packaging Material Part|91308888|004
Packaging Material Part|91213698|003
pgArtwork|91224989|001
Packaging Material Part|91285696|002
pgArtwork|91278197|001
Packaging Material Part|91157415|003
pgIllustration|91157419|001
pgArtwork|91300236|001
pgIllustration|97601806|001
Packaging Material Part|91256403|003
pgArtwork|91287019|001
Packaging Material Part|90985591|003
Packaging Material Part|91261245|003
pgIllustration|90767161|001
pgIllustration|91308866|001
Packaging Material Part|91308887|004
pgArtwork|91402950|001
Packaging Material Part|91345499|004
pgArtwork|91375987|001
Packaging Material Part|91321190|004
pgArtwork|91385035|001
Packaging Material Part|91287565|004
pgArtwork|91366133|001
Packaging Material Part|91287574|004
pgArtwork|91285724|001
Packaging Material Part|91290252|004
pgArtwork|91378642|001
Packaging Material Part|91321097|004
Packaging Material Part|91332458|003
Packaging Material Part|91348383|002
pgArtwork|91379924|001
Packaging Material Part|91362007|004
Packaging Material Part|91348377|002
pgArtwork|91403494|001
Packaging Material Part|91297064|005
pgArtwork|91385041|001
Packaging Material Part|91287577|004
pgArtwork|91385033|001
Packaging Material Part|91287563|004
pgArtwork|91403501|001
Packaging Material Part|91322022|004
pgArtwork|91380912|001
Packaging Material Part|91361997|004
pgArtwork|91287003|001
Packaging Material Part|90985595|004
pgArtwork|91378548|001
Packaging Material Part|91321092|004
Packaging Material Part|91328210|004
pgArtwork|91379209|001
Packaging Material Part|91358232|004
Packaging Material Part|91359861|004
pgArtwork|91381495|001
Packaging Material Part|91287308|004
pgArtwork|91385028|001
pgArtwork|91379213|001
Packaging Material Part|91358308|004
pgArtwork|91378549|001
Packaging Material Part|91321093|004
pgArtwork|91385225|001
Packaging Material Part|91287580|004
pgArtwork|91375982|001
Packaging Material Part|91294521|004
pgArtwork|91261646|001
Packaging Material Part|91226901|005
pgArtwork|91385044|001
Packaging Material Part|91287579|004
pgArtwork|91056150|001
Packaging Material Part|90578212|005
pgArtwork|91403499|001
Packaging Material Part|91321995|004
pgArtwork|91378640|001
Packaging Material Part|91321096|004
pgArtwork|91364551|001
Packaging Material Part|91270574|004
Packaging Material Part|91348372|002
pgArtwork|91379216|001
Packaging Material Part|91360321|004
pgArtwork|91385224|001
Packaging Material Part|91287470|004
Packaging Material Part|91348376|002
pgArtwork|91338628|001
Packaging Material Part|91359662|004
pgArtwork|91378547|001
Packaging Material Part|91321091|004
Packaging Material Part|91287571|004
Packaging Material Part|91357365|004
pgArtwork|91367943|001
Packaging Material Part|91296018|004
pgArtwork|91375984|001
Packaging Material Part|91321110|004
pgArtwork|91380913|001
Packaging Material Part|91362283|004
pgArtwork|91354947|001
Packaging Material Part|91309391|004
pgArtwork|91375972|001
Packaging Material Part|91321108|004
Packaging Material Part|91227039|002
pgArtwork|91372293|001
Packaging Material Part|91320974|004
pgArtwork|91379214|001
Packaging Material Part|91358314|004
pgArtwork|91402949|001
Packaging Material Part|91345384|003
pgArtwork|91403498|001
Packaging Material Part|91321994|004
pgArtwork|91318982|001
Packaging Material Part|91290286|004
Packaging Material Part|91348380|002
Packaging Material Part|91321109|004
pgArtwork|91375992|001
Packaging Material Part|91227029|002
Packaging Material Part|91348371|002
Packaging Material Part|91357093|002
pgArtwork|91385034|001
Packaging Material Part|91287564|004
pgArtwork|91403496|001
Packaging Material Part|91297088|005
pgArtwork|91378550|001
Packaging Material Part|91321095|004
Packaging Material Part|91297522|002
pgArtwork|91368086|001
Packaging Material Part|91287570|004
pgArtwork|91379844|001
Packaging Material Part|91362004|004
pgArtwork|91375986|001
Packaging Material Part|91321112|004
Packaging Material Part|91287578|004
pgArtwork|91385042|001
Packaging Material Part|91358241|004
pgArtwork|91379212|001
pgArtwork|91338631|001
Packaging Material Part|91359738|004
Packaging Material Part|91356979|002
pgArtwork|91385031|001
Packaging Material Part|91287562|004
Packaging Material Part|90985593|004
pgArtwork|91375983|001
Packaging Material Part|91306532|004
Packaging Material Part|91328130|004
Packaging Material Part|91345876|002
Packaging Material Part|91296009|004
pgArtwork|91367940|001
Packaging Material Part|91348378|002
Packaging Material Part|91309392|004
pgArtwork|91354948|001
Packaging Material Part|91321086|004
pgArtwork|91378545|001
pgArtwork|91385030|001
Packaging Material Part|91287472|004
Packaging Material Part|91348375|002
Packaging Material Part|91287568|004
pgArtwork|91385038|001
Packaging Material Part|91359593|004
pgArtwork|91380893|001
Packaging Material Part|91321996|004
pgArtwork|91403500|001
Packaging Material Part|91345510|004
pgArtwork|91406267|001
pgArtwork|91375988|001
Packaging Material Part|91321192|004
pgArtwork|91385040|001
Packaging Material Part|91287575|004
pgArtwork|91385036|001
Packaging Material Part|91287566|004
pgArtwork|91403495|001
Packaging Material Part|91297084|005
pgIllustration|92334049|001
Packaging Material Part|91313955|003
Packaging Material Part|91361913|004
pgArtwork|91380911|001
pgArtwork|91259265|001
Packaging Material Part|91226823|006
Packaging Material Part|91321111|004
pgArtwork|91375985|001
pgArtwork|91385039|001
Packaging Material Part|91287572|004
pgArtwork|91385250|001
Packaging Material Part|91270568|004
pgArtwork|91403497|001
Packaging Material Part|91305242|005
pgArtwork|91381496|001
Packaging Material Part|91362287|004
pgArtwork|91379210|001
Packaging Material Part|91358233|004
Packaging Material Part|91287471|004
pgArtwork|91385029|001
Packaging Material Part|91243568|004
Packaging Material Part|91361874|004
pgArtwork|91385699|001
Packaging Material Part|91227034|002
pgArtwork|91378520|001
Packaging Material Part|91321094|004
Packaging Material Part|91321090|004
pgArtwork|91378546|001
pgArtwork|91377713|001
Packaging Material Part|91321194|004
Packaging Material Part|91351031|002
pgArtwork|91378544|001
Packaging Material Part|91321081|004
Packaging Material Part|91358234|004
pgArtwork|91379211|001
pgIllustration|91191343|002
Packaging Material Part|91363862|004
pgArtwork|91357076|001
Packaging Material Part|91357077|002
pgArtwork|91359646|001
Packaging Material Part|91359645|002
pgArtwork|96703868|001
Packaging Material Part|97109777|002
pgArtwork|91379215|001
Packaging Material Part|91359999|004
Packaging Material Part|91359524|004
pgArtwork|91380871|001
pgArtwork|91389715|001
Packaging Material Part|91360003|004
pgArtwork|91328712|001
Packaging Material Part|91328704|002
Packaging Material Part|91357067|002
pgArtwork|91357068|001
pgArtwork|91368084|001
Packaging Material Part|91288013|002
Packaging Material Part|91331601|002
pgArtwork|91331602|001
pgArtwork|91336994|001
Packaging Material Part|91336991|002
pgArtwork|91357046|001
Packaging Material Part|91357045|002
Packaging Material Part|90666850|002
pgArtwork|90711147|001
Packaging Material Part|91348370|002
pgArtwork|91407061|001
Packaging Material Part|91360004|004
pgArtwork|91384039|001
Packaging Material Part|91326171|002
pgArtwork|91359648|001
Packaging Material Part|91359647|002
pgArtwork|96703882|001
Packaging Material Part|97109780|002
pgArtwork|91407062|001
Packaging Material Part|91361891|004
pgArtwork|91359601|001
Packaging Material Part|91359598|002
Packaging Material Part|91314853|004
pgArtwork|91379207|001
pgArtwork|91359592|001
Packaging Material Part|91359589|002
Packaging Material Part|91328689|002
pgArtwork|91328690|001
pgArtwork|91336982|001
Packaging Material Part|91336899|002
Packaging Material Part|91314858|004
pgArtwork|91407059|001
pgArtwork|91328826|001
Packaging Material Part|91328823|002
Packaging Material Part|91337002|002
pgArtwork|91337003|001
Packaging Material Part|91357033|002
pgArtwork|91357026|001
Packaging Material Part|99257131|002
pgArtwork|91332688|001
Packaging Material Part|91332686|002
pgArtwork|91380910|001
Packaging Material Part|91359500|004
pgIllustration|98935388|002
Packaging Material Part|99546741|002
pgArtwork|99895588|001
Packaging Material Part|99856761|002
pgArtwork|91321398|001
Packaging Material Part|91308895|002
Packaging Material Part|91308897|002
pgIllustration|90956759|001
pgArtwork|91389138|001
Packaging Material Part|91302048|003
pgArtwork|97416640|001
pgIllustration|97381791|001
Packaging Material Part|97381811|004
pgArtwork|91382527|001
Packaging Material Part|91290251|003
Packaging Material Part|91412617|003
pgArtwork|91424540|001
Packaging Material Part|90914327|005
pgArtwork|91404900|001
Packaging Material Part|91385142|003
pgArtwork|90976591|001
Packaging Material Part|90776953|003
pgArtwork|91410506|001
Packaging Material Part|91385133|003
Packaging Material Part|97110378|003
pgArtwork|90616457|001
Packaging Material Part|96807543|002
Packaging Material Part|91208601|002
pgArtwork|91303231|001
pgQualitySpecification|91056269|001
Packaging Material Part|90782151|003
pgArtwork|90894671|001
pgArtwork|90984331|001
Packaging Material Part|90887126|003
pgArtwork|91036799|001
pgIllustration|90944365|001
Packaging Material Part|91036784|002
pgArtwork|91096841|001
Packaging Material Part|90884961|002
pgIllustration|90932190|002
pgArtwork|91047721|001
Packaging Material Part|90999570|002
pgArtwork|90882054|001
Packaging Material Part|90782161|003
pgIllustration|90746411|001
Packaging Material Part|90740476|002
pgIllustration|90741718|001
pgQualitySpecification|90785531|001
Packaging Material Part|90799192|002
pgIllustration|90822135|001
pgArtwork|90816540|001
Packaging Material Part|90816538|002
pgArtwork|90951500|001
Packaging Material Part|97102965|003
pgArtwork|90932408|001
Packaging Material Part|90794291|003
pgArtwork|90983765|001
Packaging Material Part|90950263|003
pgQualitySpecification|90785530|001
pgIllustration|90742368|001
Packaging Material Part|90860207|002
pgArtwork|90847148|001
Packaging Material Part|90847150|002
pgIllustration|90847149|001
pgArtwork|91220962|001
Packaging Material Part|91046808|002
pgIllustration|91222456|001
Packaging Material Part|91222372|002
Packaging Material Part|91039412|002
pgArtwork|91039440|001
pgIllustration|90738824|002
pgArtwork|90975585|001
Packaging Material Part|90965046|003
Packaging Material Part|97298105|003
pgArtwork|90988305|001
pgArtwork|91242153|001
pgIllustration|96471622|003
Packaging Material Part|91214700|002
pgIllustration|90832025|001
Packaging Material Part|96280438|002
pgArtwork|90881376|001
Packaging Material Part|90782163|003
Packaging Material Part|90974457|003
pgArtwork|91072477|001
pgArtwork|91128724|001
Packaging Material Part|91128695|002
pgIllustration|90902428|003
pgArtwork|90902430|001
Packaging Material Part|90902425|002
Packaging Material Part|90731958|002
pgArtwork|90779983|001
Packaging Material Part|90944369|003
pgArtwork|91058746|001
pgIllustration|90715129|001
Packaging Material Part|90923045|003
pgArtwork|91050980|001
pgIllustration|90770913|002
pgQualitySpecification|90785296|001
Packaging Material Part|90859889|002
pgIllustration|97276039|003
pgArtwork|90744779|001
Packaging Material Part|90739153|002
pgIllustration|90715209|001
pgArtwork|90894047|001
Packaging Material Part|90671540|003
Packaging Material Part|90992198|002
pgIllustration|90739713|004
pgArtwork|91020932|001
Packaging Material Part|90782214|003
pgArtwork|90894498|001
pgIllustration|90782242|001
pgIllustration|90982924|001
Packaging Material Part|90982656|002
pgIllustration|90750560|001
Packaging Material Part|90943204|002
pgArtwork|90862657|001
Packaging Material Part|97507741|002
Packaging Material Part|90782158|002
pgIllustration|90738138|003
pgArtwork|90924897|001
Packaging Material Part|90799102|003
Packaging Material Part|91063890|002
pgArtwork|91142718|001
pgArtwork|90930635|001
Packaging Material Part|90794222|003
pgArtwork|90984330|001
Packaging Material Part|90782944|003
pgArtwork|90794524|001
pgIllustration|90690381|001
Packaging Material Part|90775386|002
Packaging Material Part|90799281|003
pgArtwork|91020579|001
Packaging Material Part|90892732|002
pgIllustration|90892740|001
Packaging Material Part|90930360|002
pgArtwork|91085794|001
pgArtwork|91257080|001
Packaging Material Part|91216852|002
pgArtwork|91063087|001
Packaging Material Part|90930240|003
pgIllustration|91097030|002
Packaging Material Part|91097036|003
pgArtwork|90952035|001
Packaging Material Part|99604019|002
pgIllustration|91016894|001
pgIllustration|90690379|001
pgArtwork|90796241|001
Packaging Material Part|90713403|002
pgArtwork|90967060|001
Packaging Material Part|90895259|002
pgArtwork|90976477|001
Packaging Material Part|90885712|002
pgArtwork|90983755|001
pgQualitySpecification|91021583|001
pgIllustration|91021547|001
Packaging Material Part|91021020|004
pgArtwork|91085683|001
Packaging Material Part|90930228|003
pgArtwork|90983754|001
pgIllustration|90728563|001
pgArtwork|90840201|001
pgIllustration|90840195|001
Packaging Material Part|90837849|002
pgArtwork|90601900|001
Packaging Material Part|90594906|002
pgArtwork|90882434|001
Packaging Material Part|90782154|003
pgArtwork|90917855|001
Packaging Material Part|90799103|003
Packaging Material Part|96310106|003
pgQualitySpecification|96148616|003
pgArtwork|90977992|001
Packaging Material Part|90883017|003
pgArtwork|91244210|001
Packaging Material Part|91049804|002
pgArtwork|90511935|001
Packaging Material Part|97538479|002
pgArtwork|91027220|001
Packaging Material Part|90799275|003
pgArtwork|90511936|001
pgIllustration|97276208|003
Packaging Material Part|97539000|002
pgArtwork|90798353|001
Packaging Material Part|97454485|002
pgArtwork|90983753|001
Packaging Material Part|90901058|002
pgArtwork|90910088|001
Packaging Material Part|90782155|004
pgIllustration|90855288|001
pgArtwork|90855295|001
Packaging Material Part|90855285|002
pgIllustration|90934894|001
pgArtwork|90988304|001
pgArtwork|90951499|001
Packaging Material Part|96629082|002
pgArtwork|90961603|001
Packaging Material Part|90754222|003
pgArtwork|90891919|001
Packaging Material Part|90782686|002
pgArtwork|90990559|001
Packaging Material Part|90999550|002
pgArtwork|97601616|001
pgIllustration|96318223|001
pgIllustration|90935976|002
Packaging Material Part|90935979|003
pgArtwork|90978468|001
Packaging Material Part|97470998|003
Packaging Material Part|96629107|002
pgArtwork|90952034|001
pgArtwork|90795213|001
Packaging Material Part|90772106|002
pgIllustration|90847118|001
pgArtwork|90847117|001
Packaging Material Part|90847119|002
pgArtwork|91020983|001
Packaging Material Part|90992246|003
pgArtwork|90690844|001
Packaging Material Part|90656886|002
pgIllustration|90985361|001
Packaging Material Part|90985360|002
pgArtwork|90988301|001
pgQualitySpecification|90591784|001
Packaging Material Part|90836384|003
pgIllustration|94518835|001
pgArtwork|90602018|001
pgIllustration|97218311|002
Packaging Material Part|90594905|002
pgArtwork|90958683|001
Packaging Material Part|97045253|003
Packaging Material Part|97130599|002
pgArtwork|90988240|001
pgArtwork|90961515|001
Packaging Material Part|90782164|003
pgArtwork|91070679|001
Packaging Material Part|90908328|003
pgQualitySpecification|97229036|001
pgArtwork|90673342|001
Packaging Material Part|90633697|004
pgArtwork|90941651|001
Packaging Material Part|90794356|002
pgIllustration|90985344|001
Packaging Material Part|90985340|002
pgArtwork|91038441|001
Packaging Material Part|90944362|002
pgArtwork|90933656|001
Packaging Material Part|90794296|003
pgIllustration|97596662|001
Packaging Material Part|90700178|002
pgIllustration|91036717|002
Packaging Material Part|91036716|003
Packaging Material Part|90895257|002
pgArtwork|90967059|001
pgIllustration|90725026|001
pgArtwork|90871872|001
Packaging Material Part|90782149|003
pgIllustration|90771465|002
pgArtwork|90983746|001
Packaging Material Part|90950254|003
pgIllustration|90840265|001
pgArtwork|90840271|001
Packaging Material Part|90837850|002
Packaging Material Part|90744790|002
pgArtwork|90750476|001
pgIllustration|90932307|001
pgArtwork|91070681|001
Packaging Material Part|90930212|003
pgArtwork|90983747|001
Packaging Material Part|90950257|003
pgArtwork|91020982|001
Packaging Material Part|90992230|003
pgIllustration|90771162|001
pgArtwork|90921228|001
Packaging Material Part|90794354|003
Packaging Material Part|90879824|003
pgArtwork|91003225|001
Packaging Material Part|90883019|003
pgArtwork|90980085|001
pgArtwork|90807410|001
pgIllustration|96544947|001
Packaging Material Part|90755166|002
pgArtwork|90946338|001
Packaging Material Part|90799104|003
pgIllustration|90642706|001
Packaging Material Part|90633698|004
pgArtwork|90690013|001
pgIllustration|91076331|001
Packaging Material Part|91076324|002
pgArtwork|90984493|001
Packaging Material Part|90804966|003
pgIllustration|90767268|001
Packaging Material Part|90894760|002
Packaging Material Part|97594263|002
pgIllustration|97595132|001
Packaging Material Part|90936765|002
pgArtwork|91048741|001
pgIllustration|90690380|001
pgArtwork|90782205|001
Packaging Material Part|90731897|002
pgArtwork|90988300|001
pgIllustration|90767173|001
pgArtwork|91524029|001
pgArtwork|91524028|001
pgArtwork|91561710|001
pgArtwork|91493255|001
pgArtwork|91561588|001
pgArtwork|91524023|001
pgArtwork|91524024|001
pgArtwork|91516440|001
pgArtwork|91520483|001
pgArtwork|91524021|001
pgArtwork|91505266|001
pgArtwork|91524026|001
pgArtwork|91524027|001
pgArtwork|91565247|001
pgArtwork|91529210|001
pgArtwork|91493254|001
pgArtwork|91524022|001
pgArtwork|91528695|001
pgArtwork|91561711|001
pgArtwork|91505207|001
Packaging Material Part|99831240|003
pgMasterPackagingMaterialPart|MPMP-00023205|001
Packaging Material Part|96325345|003
pgMasterPackagingMaterialPart|MPMP-00023203|001
Packaging Material Part|96318975|005
pgArtwork|95764474|001
Packaging Material Part|99475182|002
pgIllustration|98934871|002
Packaging Material Part|96421790|010
Packaging Material Part|96325602|003
pgArtwork|90965030|001
pgIllustration|90954733|002
pgArtwork|90965032|001
pgIllustration|90954750|001
pgIllustration|90728736|001
pgMasterPackagingMaterialPart|MPMP-00022466|001
Packaging Material Part|90728735|003
pgMasterPackagingMaterialPart|MPMP-00021388|002
pgArtwork|90606909|001
Packaging Material Part|90523115|002
pgArtwork|91305117|001
Packaging Material Part|91105194|002
Packaging Material Part|90539052|002
pgArtwork|90606911|001
pgArtwork|90608628|001
Packaging Material Part|90539079|004
pgArtwork|90552153|001
pgArtwork|90552154|001
Packaging Material Part|90539051|004
pgArtwork|90618729|001
Packaging Material Part|90523335|002
pgArtwork|90622470|001
Packaging Material Part|90539184|002
pgArtwork|90812404|001
Packaging Material Part|90732280|002
Packaging Material Part|90876060|002
pgArtwork|90929871|001
pgArtwork|90606912|001
Packaging Material Part|90539080|002
pgArtwork|90606910|001
Packaging Material Part|90523117|002
pgArtwork|90622814|001
Packaging Material Part|90539183|002
pgArtwork|91566399|001
pgArtwork|91570703|001
pgArtwork|91570702|001
pgArtwork|91566407|001
pgArtwork|91580624|001
pgIllustration|91308863|002
pgIllustration|91308865|002
pgIllustration|91308862|002
pgIllustration|91440017|002
Packaging Material Part|90952774|004
pgArtwork|91089627|001
Packaging Material Part|90523333|005
pgArtwork|90988238|001
pgArtwork|91587206|001
Packaging Material Part|91540772|002
pgMasterPackagingMaterialPart|MPMP-00024458|002
POA|POA-00022105|001
POA|POA-00022106|001
POA|POA-00022198|001
POA|POA-00022201|001
POA|POA-00022196|001
POA|POA-00022189|001
POA|POA-00022197|001
pgArtwork|91589420|001
pgMasterPackagingMaterialPart|MPMP-00024960|001
Packaging Material Part|91337007|003
Packaging Material Part|91551182|001
Packaging Material Part|91556164|001
Packaging Material Part|91556165|001
pgMasterPackagingMaterialPart|MPMP-00025156|001
pgMasterPackagingMaterialPart|MPMP-00025157|001
pgMasterPackagingMaterialPart|MPMP-00025159|001
Packaging Material Part|91546081|001
pgMasterPackagingMaterialPart|MPMP-00025160|001
Packaging Material Part|91536841|001
pgMasterPackagingMaterialPart|MPMP-00025163|001
POA|POA-00022199|001
pgIllustration|90903178|002
pgMasterPackagingMaterialPart|MPMP-00022460|001
Packaging Material Part|90903055|003
pgArtwork|91576686|001
pgMasterPackagingMaterialPart|MPMP-00022604|001
Packaging Material Part|90887381|005
pgMasterPackagingMaterialPart|MPMP-00025158|001
Packaging Material Part|91537228|001
Packaging Material Part|91537230|001
pgArtwork|POA-10001480|001
pgArtwork|POA-10001481|001
pgArtwork|90854423|001
Packaging Material Part|90895839|003
pgMasterPackagingMaterialPart|MPMP-00025095|001
Packaging Material Part|90980854|003
Packaging Material Part|91540822|001
pgMasterPackagingMaterialPart|MPMP-00024638|001
Packaging Material Part|91556614|001
Packaging Material Part|91556621|002
Packaging Material Part|91537715|002
pgMasterPackagingMaterialPart|MPMP-00026147|002
pgMasterPackagingMaterialPart|MPMP-00026144|002
Packaging Material Part|91089025|004
Packaging Material Part|91537799|001
Packaging Material Part|91537800|001
Packaging Material Part|91551678|001
Packaging Material Part|91537793|001
Packaging Material Part|91537792|001
Packaging Material Part|91541603|001
pgMasterPackagingMaterialPart|MPMP-00022452|001
pgIllustration|90741647|002
pgQualitySpecification|90768528|001
Packaging Material Part|90707580|003
Packaging Material Part|90842469|004
Packaging Material Part|90953591|003
pgMasterPackagingMaterialPart|MPMP-00025734|001
pgQualitySpecification|90785529|001
Packaging Material Part|90859897|005
Packaging Material Part|90859891|003
pgIllustration|90741649|002
pgMasterPackagingMaterialPart|MPMP-00025811|001
Packaging Material Part|90976753|003
pgArtwork|POA-00024272|001
pgIllustration|97218334|003
Packaging Material Part|91541729|001
Packaging Material Part|91556879|001
pgArtwork|POA-00024449|001
Packaging Material Part|91546818|001
pgIllustration|ILST-00002025|001
Packaging Material Part|91270564|003
pgMasterPackagingMaterialPart|MPMP-00025921|001
pgArtwork|POA-00024824|001
pgArtwork|91639296|001
Packaging Material Part|90894855|004
Packaging Material Part|91537612|001
pgMasterPackagingMaterialPart|MPMP-00025908|001
pgIllustration|ILST-00002085|001
Packaging Material Part|90895825|003
pgMasterPackagingMaterialPart|MPMP-00022607|002
pgIllustration|ILST-00002042|001
Packaging Material Part|91538380|001
pgArtwork|91642593|001
Packaging Material Part|91537768|001
Packaging Material Part|91556649|001
Packaging Material Part|91556650|001
pgArtwork|POA-10001864|001
pgArtwork|POA-10001865|001
pgArtwork|POA-10001862|001
pgArtwork|POA-10002254|001
Packaging Material Part|91332680|003
pgArtwork|POA-10002256|001
Packaging Material Part|91357997|003
pgArtwork|POA-10002255|001
Packaging Material Part|91332682|003
pgArtwork|POA-10002252|001
pgArtwork|POA-10002253|001
Packaging Material Part|91332677|003
Packaging Material Part|91538990|001
Packaging Material Part|91557238|001
pgArtwork|POA-10002405|001
pgArtwork|POA-10002403|001
Packaging Material Part|91332617|004
Packaging Material Part|91539114|001
Packaging Material Part|91552324|001
Packaging Material Part|91552322|001
pgArtwork|POA-10002514|001
Packaging Material Part|91539259|001
pgArtwork|POA-10002513|001
Packaging Material Part|91557374|001
pgArtwork|POA-10002603|001
Packaging Material Part|91384227|003
pgArtwork|POA-10002602|001
Packaging Material Part|91384226|003
pgArtwork|91670552|001
Packaging Material Part|91552653|001
Packaging Material Part|91539811|001
Packaging Material Part|91557636|001
pgArtwork|91670551|001
Packaging Material Part|91539812|001
pgArtwork|91669942|001
pgArtwork|POA-00025900|001
Packaging Material Part|90980852|003
pgArtwork|POA-00026011|001
pgArtwork|POA-00026080|001
Packaging Material Part|91542743|001
pgMasterPackagingMaterialPart|MPMP-00028869|001
Packaging Material Part|91557881|001
pgArtwork|POA-00026308|001
pgArtwork|POA-00026323|001
Packaging Material Part|91384228|004
pgArtwork|POA-10002954|001
Packaging Material Part|91552263|002
pgArtwork|POA-10002998|001
Packaging Material Part|91537714|002
Packaging Material Part|91546538|002
Packaging Material Part|91542927|001
pgMasterPackagingMaterialPart|MPMP-00029218|001
pgMasterPackagingMaterialPart|MPMP-00026160|002
pgArtwork|POA-00026616|001
Packaging Material Part|91619169|001
Packaging Material Part|91558208|001
Packaging Material Part|91553192|001
Packaging Material Part|91543133|001
Packaging Material Part|91558242|001
pgMasterPackagingMaterialPart|MPMP-00029965|001
Packaging Material Part|91543170|001
pgMasterPackagingMaterialPart|MPMP-00029984|001
pgArtwork|POA-00026749|001
pgArtwork|POA-00026752|001
pgArtwork|POA-00026751|001
pgStackingPattern|97061591|002
pgStackingPattern|97037130|001
pgStackingPattern|98578342|003
pgStackingPattern|97037132|001
pgStackingPattern|97037121|001
pgStackingPattern|95844367|001
pgStackingPattern|95569885|001
pgStackingPattern|95802207|001
pgStackingPattern|97037131|001
pgStackingPattern|97061592|001
pgStackingPattern|90980282|002
pgStackingPattern|97037129|001
pgStackingPattern|95803194|005
pgArtwork|POA-00026888|001
Packaging Material Part|91552655|001
Packaging Material Part|91539815|001
Packaging Material Part|91539814|001
Packaging Material Part|91547603|001
Packaging Material Part|91547604|001
pgArtwork|POA-10002799|001
pgArtwork|POA-10002800|001
pgArtwork|POA-10002797|001
pgArtwork|POA-10002798|001
pgArtwork|POA-10002801|001
pgArtwork|91705919|001
pgArtwork|90740341|001
pgArtwork|91705918|001
pgArtwork|91705958|001
pgArtwork|91705914|001
pgArtwork|91705961|001
pgArtwork|90912356|001
pgArtwork|91705917|001
pgArtwork|91705920|001
pgArtwork|90739849|001
pgArtwork|91705964|001
pgArtwork|91306343|001
pgArtwork|91705959|001
pgArtwork|91440277|001
pgArtwork|91440279|001
pgArtwork|91588163|001
pgArtwork|91705915|001
pgArtwork|91306342|001
pgArtwork|91705960|001
pgArtwork|91705916|001
pgArtwork|91705460|001
pgArtwork|91705921|001
pgArtwork|91103074|001
pgArtwork|91705963|001
pgArtwork|91705962|001
pgArtwork|POA-10002793|001
Packaging Material Part|91552761|002
pgArtwork|POA-10002796|001
Packaging Material Part|91540008|002
pgArtwork|POA-10002795|001
Packaging Material Part|91540010|002
pgArtwork|POA-10002794|001
Packaging Material Part|91540009|002
pgSupplierInformationSheet|90929453|001
Packaging Material Part|91620280|001
pgPackingMaterial|98817675|001
pgArtwork|POA-00027917|001
pgArtwork|POA-00027918|001
pgArtwork|POA-00027915|001
pgArtwork|POA-00027958|001
Packaging Material Part|91620768|001
Packaging Material Part|91553846|001
Packaging Material Part|91558895|001
pgMasterPackagingMaterialPart|MPMP-00032911|001
pgArtwork|POA-00028477|001
pgPackingMaterial|90997363|006
pgRawMaterial|90984476|007
Packaging Material Part|91549077|001
pgStandardOperatingProcedure|90929458|003
pgMasterPackingMaterial|90980260|006
pgQualitySpecification|90793549|008
pgQualitySpecification|98578201|008
pgArtwork|90794940|006
POA|POA-00000129|001
pgPackingMaterial|97007771|002
POA|POA-00000127|001
pgPackingMaterial|97007767|002
POA|POA-00000128|001
pgPackingMaterial|97007770|002
pgMasterPackagingMaterialPart|MPMP-00034638|001
pgStandardOperatingProcedure|95734847|001
Packaging Material Part|91621281|001
Packaging Material Part|91621280|001
pgArtwork|POA-10004482|001
pgArtwork|POA-10004483|001
Packaging Material Part|91554979|001
pgMasterPackagingMaterialPart|MPMP-00037111|001
Packaging Material Part|90539653|004
pgArtwork|90854422|001
pgArtwork|POA-00029884|001
pgArtwork|POA-00029883|001
pgArtwork|POA-00029903|001
pgArtwork|POA-00029948|001
Packaging Material Part|91622524|001
pgStandardOperatingProcedure|97037230|001
pgMasterPackagingMaterialPart|MPMP-00038001|001
Packaging Material Part|91678055|001
Packaging Material Part|91689029|001
Packaging Material Part|91622871|001
Packaging Material Part|91622870|001
Packaging Material Part|91678053|001
Packaging Material Part|91689027|001
Packaging Material Part|91697212|001
Packaging Material Part|91622865|001
Packaging Material Part|91555459|001
pgIllustration|ILST-00004951|001
Packaging Material Part|91697276|001
Packaging Material Part|91673216|001
Packaging Material Part|91678142|001
Packaging Material Part|91697317|001
pgMasterPackagingMaterialPart|MPMP-00038548|001
pgArtwork|POA-00031119|001
pgArtwork|POA-00031118|001
pgArtwork|POA-00031117|001
pgArtwork|POA-00031214|001
pgArtwork|POA-00031216|001
pgArtwork|POA-00031217|001
pgArtwork|POA-00031213|001
pgArtwork|POA-00031626|001
Packaging Material Part|90896365|003
pgMasterPackagingMaterialPart|MPMP-00040371|001
pgArtwork|POA-10005492|001
pgIllustration|ILST-00005264|001
pgArtwork|POA-00031755|001
Packaging Material Part|91689595|001
Packaging Material Part|91550200|001
Packaging Material Part|91689306|001
Packaging Material Part|91673409|001
Packaging Material Part|91689307|001
pgMasterPackagingMaterialPart|MPMP-00037487|001
pgMasterPackagingMaterialPart|MPMP-00037489|001
pgMasterPackagingMaterialPart|MPMP-00037483|001
pgMasterPackagingMaterialPart|MPMP-00037488|001
pgArtwork|POA-00031992|001
pgArtwork|POA-00032472|001
Packaging Material Part|91679001|001
Packaging Material Part|91793876|001
pgMasterPackagingMaterialPart|MPMP-00041725|001
pgMasterPackagingMaterialPart|MPMP-00041731|001
pgMasterPackagingMaterialPart|MPMP-00041733|001
Packaging Material Part|91674120|001
Packaging Material Part|91793878|001
Packaging Material Part|91673849|001
pgMasterPackagingMaterialPart|MPMP-00041775|001
pgMasterPackagingMaterialPart|MPMP-00041735|001
pgMasterPackagingMaterialPart|MPMP-00041261|001
Packaging Material Part|91793888|001
Packaging Material Part|91678759|001
Packaging Material Part|91793877|001
pgMasterPackagingMaterialPart|MPMP-00041242|001
pgMasterPackagingMaterialPart|MPMP-00041734|001
pgMasterPackagingMaterialPart|MPMP-00041757|001
pgMasterPackagingMaterialPart|MPMP-00041241|001
Packaging Material Part|91284784|003
Packaging Material Part|91690192|001
pgArtwork|POA-00033165|001
pgArtwork|POA-00033259|001
Packaging Material Part|90523332|004
Raw Material|10053520|007
Packaging Material Part|91690408|001
Packaging Material Part|91679468|001
Packaging Material Part|91794759|001
pgMasterPackagingMaterialPart|MPMP-00042265|001
Packaging Material Part|91690245|001
pgArtwork|POA-00033717|001
pgArtwork|91296091|001
Packaging Material Part|91230957|004
pgMasterPackagingMaterialPart|MPMP-00043208|001
Packaging Material Part|90939209|003
pgArtwork|POA-00034260|001
pgMasterPackagingMaterialPart|MPMP-00043378|001
pgArtwork|90765547|001
pgArtwork|90769695|001
pgMasterPackagingMaterialPart|MPMP-00037477|001
pgIllustration|90765542|001
pgArtwork|POA-00034490|001
pgArtwork|POA-00034491|001
pgArtwork|POA-00034718|001
Packaging Material Part|90939206|004
Packaging Material Part|91690951|001
Packaging Material Part|91795927|001
Packaging Material Part|90859896|003
pgArtwork|POA-00035274|001
pgArtwork|POA-00035261|001
pgArtwork|POA-00035278|001
pgArtwork|POA-00035273|001
pgArtwork|90738734|001
Packaging Material Part|91164248|005
pgArtwork|91170447|001
pgMasterPackagingMaterialPart|MPMP-00044342|001
pgMasterPackagingMaterialPart|MPMP-00044007|001
pgMasterPackagingMaterialPart|MPMP-00042821|001
pgArtwork|POA-00035065|001
Packaging Material Part|91794098|001
pgMasterPackagingMaterialPart|MPMP-00042716|001
pgMasterPackagingMaterialPart|MPMP-00042820|001
pgArtwork|POA-00035757|001
Packaging Material Part|91698250|001
Packaging Material Part|91675837|001
Packaging Material Part|91796707|001
Packaging Material Part|91796706|001
Packaging Material Part|91796956|001
Packaging Material Part|91680119|002
pgArtwork|POA-10007808|001
pgArtwork|POA-00037332|001
pgArtwork|POA-00037386|001
Packaging Material Part|91851719|001
Packaging Material Part|91681878|001
pgMasterPackagingMaterialPart|MPMP-00049243|001
pgMasterPackagingMaterialPart|MPMP-00049251|001
pgArtwork|POA-00038234|001
Packaging Material Part|91681305|001
pgIllustration|96515629|001
pgArtwork|91244643|001
pgArtwork|POA-00038487|001
pgArtwork|POA-00038486|001
Packaging Material Part|91852324|001
Packaging Material Part|91852334|001
Packaging Material Part|91682214|001
Packaging Material Part|91701215|001
Packaging Material Part|91852282|001
Packaging Material Part|91682187|001
Packaging Material Part|91852311|001
pgArtwork|POA-00038513|001
pgArtwork|POA-00038520|001
Packaging Material Part|91682236|001
pgArtwork|POA-00038564|001
pgArtwork|POA-00038563|001
pgArtwork|90921141|001
Raw Material|98949384|002
pgMasterPackagingMaterialPart|MPMP-00040030|001
pgIllustration|91528863|002
pgArtwork|90591370|001
pgArtwork|91650963|001
Packaging Material Part|97024128|003
Packaging Material Part|99893630|002
pgArtwork|96965214|001
pgQualitySpecification|99291551|001
pgMasterPackagingMaterialPart|MPMP-00036948|002
pgIllustration|99653599|003
Packaging Material Part|91693233|001
Packaging Material Part|91701965|001
pgArtwork|POA-10009213|001
Packaging Material Part|91682916|001
pgArtwork|POA-10009211|001
Packaging Material Part|91678020|001
pgArtwork|POA-10009212|001
Packaging Material Part|91853849|001
pgArtwork|POA-10009214|001
pgArtwork|POA-00040208|001
pgArtwork|91472834|001
pgMasterPackagingMaterialPart|MPMP-00041151|001
pgIllustration|90718761|001
Packaging Material Part|90733316|002
pgIllustration|97029857|003
pgMasterPackagingMaterialPart|MPMP-00040112|001
pgArtwork|91736112|001
Packaging Material Part|91317732|002
Packaging Material Part|91516205|004
pgIllustration|91516206|001
pgArtwork|91672541|001
pgMasterPackagingMaterialPart|MPMP-00040136|001
pgIllustration|92000809|002
pgArtwork|91256915|001
Packaging Material Part|91238257|002
pgMasterPackagingMaterialPart|MPMP-00040141|001
Packaging Material Part|97178198|002
pgIllustration|97178179|003
pgArtwork|97437819|001
pgMasterPackagingMaterialPart|MPMP-00040140|001
pgArtwork|91719223|001
Packaging Material Part|91630445|002
pgIllustration|97178201|002
pgMasterPackagingMaterialPart|MPMP-00040078|001
pgIllustration|96775479|004
pgArtwork|90620029|001
Packaging Material Part|90565235|002
pgMasterPackagingMaterialPart|MPMP-00040082|001
pgIllustration|96267639|005
Packaging Material Part|91164292|002
pgArtwork|91210862|001
Packaging Material Part|97257233|002
pgArtwork|96503085|001
pgIllustration|92366858|001
Packaging Material Part|90900713|003
pgIllustration|90735893|001
pgArtwork|91021250|001
Packaging Material Part|91579006|002
pgIllustration|91493077|001
pgArtwork|91306151|001
Packaging Material Part|97030757|002
pgArtwork|97257946|001
pgIllustration|97205679|001
pgArtwork|97375260|001
pgIllustration|97205680|001
Packaging Material Part|97224816|002
pgIllustration|97295025|002
Packaging Material Part|90914024|003
pgArtwork|91021243|001
Packaging Material Part|91579089|003
pgArtwork|91724942|001
pgIllustration|91578909|001
Packaging Material Part|91275867|002
pgArtwork|91377440|001
pgArtwork|96813640|001
pgIllustration|92335886|001
Packaging Material Part|97310812|002
pgArtwork|90801158|001
pgIllustration|99346391|002
Packaging Material Part|90665517|002
pgIllustration|92335889|002
pgArtwork|90842519|001
Packaging Material Part|90678339|002
pgArtwork|91721716|001
pgIllustration|91479893|001
Packaging Material Part|91577869|002
Packaging Material Part|97310803|002
pgArtwork|97391020|001
pgIllustration|99858567|001
Packaging Material Part|91576197|002
pgIllustration|99354035|002
pgArtwork|91653991|001
pgArtwork|91721738|001
pgIllustration|91578906|001
Packaging Material Part|91577871|003
pgArtwork|97400062|001
pgIllustration|97194250|001
Packaging Material Part|97357758|002
pgArtwork|90827296|001
pgIllustration|97201212|001
Packaging Material Part|99299940|002
pgIllustration|92213871|001
pgArtwork|97538725|001
Packaging Material Part|97487242|002
pgIllustration|97145028|001
Packaging Material Part|97192576|003
pgArtwork|97239987|001
Packaging Material Part|90685371|002
pgIllustration|92335888|002
pgArtwork|90837113|001
pgArtwork|96846326|001
Packaging Material Part|96791697|002
pgIllustration|92335885|001
pgArtwork|91643910|001
pgIllustration|91569474|001
Packaging Material Part|91488002|003
Packaging Material Part|91488055|002
pgIllustration|97520817|002
pgArtwork|91585469|001
pgIllustration|91456782|001
Packaging Material Part|91321945|002
pgArtwork|91719415|001
pgIllustration|97205678|002
pgArtwork|90844212|001
Packaging Material Part|90678705|002
pgIllustration|96451274|001
Packaging Material Part|91564059|002
pgArtwork|91686515|001
Packaging Material Part|91303166|002
pgIllustration|91304511|001
pgArtwork|91350191|001
pgIllustration|96379759|001
Packaging Material Part|91578998|002
pgArtwork|91606464|001
Packaging Material Part|91415279|002
pgArtwork|91466475|001
pgIllustration|91420432|001
Packaging Material Part|96883693|002
pgIllustration|92356277|001
pgArtwork|97405899|001
Packaging Material Part|91488057|003
pgIllustration|91488099|002
pgArtwork|91594436|001
Packaging Material Part|91677857|001
pgIllustration|91770208|001
pgMasterPackagingMaterialPart|MPMP-00048809|001
Packaging Material Part|91681508|001
Packaging Material Part|91853488|001
Packaging Material Part|91682754|001
pgMasterPackagingMaterialPart|MPMP-00048676|001
pgIllustration|91770211|002
Packaging Material Part|91851034|001
Packaging Material Part|91701786|001
Packaging Material Part|91853536|001
pgArtwork|POA-00039422|001
Packaging Material Part|91699241|001
Packaging Material Part|91682742|001
Packaging Material Part|91680593|001
pgMasterPackagingMaterialPart|MPMP-00048810|001
pgIllustration|91775544|001
Packaging Material Part|91701870|001
Packaging Material Part|91691051|001
pgArtwork|POA-00037166|001
Packaging Material Part|91693724|001
Packaging Material Part|91675710|001
Packaging Material Part|91677859|001
Packaging Material Part|91693725|001
Packaging Material Part|91853537|001
Packaging Material Part|91851031|001
Packaging Material Part|91623792|001
pgArtwork|POA-00036745|001
pgMasterPackagingMaterialPart|MPMP-00051000|001
pgMasterPackagingMaterialPart|MPMP-00050824|001
pgIllustration|91770253|001
pgMasterPackagingMaterialPart|MPMP-00051062|001
pgMasterPackagingMaterialPart|MPMP-00048808|001
pgIllustration|ILST-00005626|001
pgMasterPackagingMaterialPart|MPMP-00051023|001
pgIllustration|91770256|001
pgMasterPackagingMaterialPart|MPMP-00051060|001
pgIllustration|ILST-00007886|001
pgIllustration|ILST-00007877|001
pgIllustration|ILST-00007887|001
pgIllustration|ILST-00007831|001
pgIllustration|ILST-00007876|001
pgIllustration|ILST-00007878|001
pgIllustration|ILST-00007879|001
pgIllustration|ILST-00007890|001
pgIllustration|ILST-00007814|001
pgIllustration|ILST-00007815|001
pgIllustration|ILST-00007880|001
pgIllustration|ILST-00007891|001
pgIllustration|ILST-00008007|001
pgIllustration|ILST-00007888|001
Packaging Material Part|91699242|001
Packaging Material Part|91675215|001
pgArtwork|POA-00037165|001
Packaging Material Part|91680052|001
Packaging Material Part|91691478|001
pgArtwork|POA-00039100|001
pgArtwork|POA-00038400|001
Packaging Material Part|91680508|001
Packaging Material Part|91699200|001
pgArtwork|POA-00038832|001
pgArtwork|91634139|001
Packaging Material Part|91576030|002
pgIllustration|99409208|001
Packaging Material Part|91680053|001
pgArtwork|POA-00039612|001
pgIllustration|91770245|001
pgMasterPackagingMaterialPart|MPMP-00051081|001
pgMasterPackagingMaterialPart|MPMP-00051247|001
pgIllustration|91770244|001
pgMasterPackagingMaterialPart|MPMP-00051080|001
pgMasterPackagingMaterialPart|MPMP-00051188|001
pgIllustration|ILST-00007813|001
pgIllustration|ILST-00008062|001
pgArtwork|90658597|001
Packaging Material Part|97600540|002
pgArtwork|91736113|001
Packaging Material Part|91630442|002
pgArtwork|90886038|001
Packaging Material Part|96535401|002
pgIllustration|95653962|005
Packaging Material Part|91238249|002
pgArtwork|91256914|001
pgMasterPackagingMaterialPart|MPMP-00040135|001
pgIllustration|97321064|002
pgArtwork|97485149|001
Packaging Material Part|97321065|003
Packaging Material Part|90772179|002
pgArtwork|90774124|001
pgArtwork|91360573|001
Packaging Material Part|91387164|002
pgArtwork|91459052|001
Packaging Material Part|91387165|002
pgArtwork|96206833|001
pgIllustration|92334312|003
pgMasterPackagingMaterialPart|MPMP-00039288|001
Packaging Material Part|94528668|002
pgArtwork|91582552|001
pgIllustration|97487387|001
pgArtwork|96868584|001
Packaging Material Part|96681757|002
pgMasterPackagingMaterialPart|MPMP-00041158|001
pgIllustration|96208604|003
pgArtwork|96326894|001
Packaging Material Part|96210632|002
Packaging Material Part|96209963|002
pgArtwork|96327642|001
pgArtwork|91597805|001
Packaging Material Part|91487876|002
pgIllustration|91487889|001
pgArtwork|96336320|001
Packaging Material Part|96210364|002
Packaging Material Part|96210628|002
pgIllustration|96208608|002
pgArtwork|96326892|001
pgMasterPackagingMaterialPart|MPMP-00041161|001
pgIllustration|90964257|001
Packaging Material Part|90910400|003
pgMasterPackagingMaterialPart|MPMP-00041162|001
pgArtwork|91091885|001
pgArtwork|90823354|001
Packaging Material Part|90665424|002
pgIllustration|97201211|001
pgMasterPackagingMaterialPart|MPMP-00041163|001
pgIllustration|97375025|001
pgArtwork|91104815|001
Packaging Material Part|90931049|002
pgMasterPackagingMaterialPart|MPMP-00041164|001
Packaging Material Part|91477489|002
pgArtwork|91772875|001
pgIllustration|96976976|001
pgArtwork|91179360|001
pgMasterPackagingMaterialPart|MPMP-00041165|001
pgIllustration|96976990|001
Packaging Material Part|90931033|002
pgMasterPackagingMaterialPart|MPMP-00040229|001
pgArtwork|91192764|001
Packaging Material Part|91205326|002
pgIllustration|97255357|001
pgArtwork|91430800|001
pgIllustration|97520816|001
Packaging Material Part|90801245|003
pgArtwork|90872006|001
pgArtwork|90827280|001
Packaging Material Part|90664548|002
pgIllustration|99354036|004
pgArtwork|91594594|001
Packaging Material Part|91466879|002
pgIllustration|97520815|002
pgMasterPackagingMaterialPart|MPMP-00039399|001
pgIllustration|91213795|003
pgArtwork|91413999|001
pgArtwork|POA-00039420|001
Packaging Material Part|91691046|001
pgMasterPackagingMaterialPart|MPMP-00039428|001
pgIllustration|91410318|004
pgArtwork|91664549|001
Packaging Material Part|91510880|002
pgArtwork|91705987|001
Packaging Material Part|91852963|001
pgMasterPackagingMaterialPart|MPMP-00039396|001
pgArtwork|96629259|001
pgIllustration|91213788|003
pgIllustration|ILST-00007867|001
pgMasterPackagingMaterialPart|MPMP-00038772|001
pgIllustration|96862248|002
Packaging Material Part|90697813|002
pgArtwork|90705367|001
pgIllustration|97237202|001
pgArtwork|90886037|001
Packaging Material Part|90775749|002
Packaging Material Part|96486987|002
pgArtwork|91323185|001
pgIllustration|99735205|002
pgIllustration|91052169|001
pgArtwork|91501538|001
Packaging Material Part|91444109|002
pgArtwork|91345132|001
Packaging Material Part|91266452|002
pgIllustration|90735901|002
pgArtwork|91255965|001
Packaging Material Part|91236031|002
pgArtwork|91285916|001
pgArtwork|91304432|001
Packaging Material Part|91309399|002
pgArtwork|96316621|001
pgIllustration|96215236|003
Packaging Material Part|96309920|003
pgArtwork|POA-00041367|001
Packaging Material Part|91798013|001
pgMasterPackagingMaterialPart|MPMP-00039282|001
pgIllustration|92383201|001
pgArtwork|96204672|001
Packaging Material Part|94500253|002
pgIllustration|92310177|001
pgArtwork|91310045|001
Packaging Material Part|91276448|002
pgArtwork|91285845|001
pgIllustration|91667231|001
pgMasterPackagingMaterialPart|MPMP-00048484|001
pgArtwork|91683327|001
Packaging Material Part|91670559|003
pgMasterPackagingMaterialPart|MPMP-00039287|001
pgArtwork|96297265|001
pgIllustration|96220036|001
Packaging Material Part|96201798|002
pgArtwork|91296622|001
pgIllustration|96790305|002
Packaging Material Part|91237325|002
pgArtwork|91072714|001
pgMasterPackagingMaterialPart|MPMP-00048499|001
pgArtwork|90832991|001
pgIllustration|96411902|002
Packaging Material Part|90737411|002
pgIllustration|92383203|001
pgMasterPackagingMaterialPart|MPMP-00039284|001
pgArtwork|96204813|001
Packaging Material Part|94500497|002
pgIllustration|92121749|001
pgArtwork|91352838|001
Packaging Material Part|91276457|002
pgArtwork|91254631|001
pgArtwork|91365611|001
Packaging Material Part|91237577|002
Packaging Material Part|91700426|001
pgArtwork|POA-00039280|001
Packaging Material Part|91676938|001
Packaging Material Part|91235895|002
pgIllustration|96753653|002
pgArtwork|97313088|001
Packaging Material Part|91275853|002
pgArtwork|91334487|001
Packaging Material Part|91276444|002
pgArtwork|91310044|001
pgArtwork|POA-00041208|001
Packaging Material Part|91692740|001
Packaging Material Part|91275860|002
pgArtwork|91334510|001
pgIllustration|99731061|001
pgArtwork|POA-00039353|001
Packaging Material Part|91675168|001
pgArtwork|POA-00039356|001
Packaging Material Part|91699199|001
Packaging Material Part|91681806|001
Packaging Material Part|90629006|002
pgIllustration|90628984|004
pgIllustration|97534350|001
pgMasterPackagingMaterialPart|MPMP-00042957|001
Packaging Material Part|91330131|002
pgArtwork|91357982|001
pgMasterPackagingMaterialPart|MPMP-00042939|001
pgQualitySpecification|QUAL-00000576|001
pgQualitySpecification|QUAL-00000650|001
pgIllustration|91386656|003
pgQualitySpecification|QUAL-00000600|001
pgArtwork|91745946|001
Packaging Material Part|91572420|002
pgMasterPackagingMaterialPart|MPMP-00042981|001
pgArtwork|91653290|001
Packaging Material Part|91455903|003
pgMasterPackagingMaterialPart|MPMP-00042942|001
Packaging Material Part|96573715|002
pgIllustration|96658065|001
pgMasterPackagingMaterialPart|MPMP-00042936|001
pgIllustration|91089625|001
Packaging Material Part|96529647|002
pgArtwork|91099037|001
pgMasterPackagingMaterialPart|MPMP-00042958|001
pgArtwork|91148365|001
pgIllustration|97456444|002
Packaging Material Part|91054369|002
pgArtwork|POA-00041814|001
pgArtwork|POA-00040967|001
pgArtwork|91655537|001
pgIllustration|95202458|001
pgArtwork|90780447|001
pgIllustration|97109436|001
pgMasterPackagingMaterialPart|MPMP-00042947|001
Packaging Material Part|90739471|002
Packaging Material Part|96299634|003
pgMasterPackagingMaterialPart|MPMP-00042952|001
Packaging Material Part|90887621|002
pgIllustration|97450000|002
pgArtwork|90965413|001
Packaging Material Part|90740209|003
pgIllustration|97533711|001
Packaging Material Part|91178982|002
pgArtwork|91215981|001
pgIllustration|97536518|002
Packaging Material Part|91039471|002
pgArtwork|91143829|001
pgMasterPackagingMaterialPart|MPMP-00042946|001
Packaging Material Part|90739573|002
pgArtwork|90780448|001
pgIllustration|97109431|001
pgMasterPackagingMaterialPart|MPMP-00039240|001
pgIllustration|92049025|003
pgArtwork|91352974|001
Packaging Material Part|91277621|002
pgIllustration|99748305|001
pgMasterPackagingMaterialPart|MPMP-00039237|001
pgArtwork|96340057|001
Packaging Material Part|96314688|002
pgArtwork|96357754|001
pgIllustration|96357753|001
Packaging Material Part|96357752|002
Packaging Material Part|91630444|002
pgIllustration|97180776|002
pgArtwork|91719221|001
Packaging Material Part|91275842|002
pgArtwork|91353261|001
pgMasterPackagingMaterialPart|MPMP-00039249|001
pgArtwork|92088880|001
pgIllustration|96304868|004
pgArtwork|91353340|001
pgIllustration|92264049|002
Packaging Material Part|91275864|002
pgIllustration|95404391|003
pgMasterPackagingMaterialPart|MPMP-00040116|001
pgQualitySpecification|QUAL-00000692|001
pgArtwork|90851467|001
Packaging Material Part|90764306|003
pgMasterPackagingMaterialPart|MPMP-00039234|001
pgArtwork|96340050|001
Packaging Material Part|96314666|002
pgIllustration|99742946|001
pgMasterPackagingMaterialPart|MPMP-00039246|001
pgArtwork|96443119|001
pgIllustration|96339616|003
pgMasterPackagingMaterialPart|MPMP-00039245|001
pgIllustration|96339615|002
pgArtwork|96443116|001
pgMasterPackagingMaterialPart|MPMP-00039225|001
Packaging Material Part|94510395|002
pgIllustration|99933126|003
pgArtwork|92030239|001
pgArtwork|90831879|001
pgIllustration|92099939|002
pgIllustration|90789027|001
pgMasterPackagingMaterialPart|MPMP-00039244|001
pgIllustration|99933558|001
pgMasterPackagingMaterialPart|MPMP-00039227|001
Packaging Material Part|92184157|003
pgArtwork|92252748|001
pgArtwork|91381322|001
Packaging Material Part|91274364|002
Packaging Material Part|91796059|001
Packaging Material Part|91796241|001
pgArtwork|POA-00039109|001
pgArtwork|POA-00042036|001
Packaging Material Part|91796238|001
pgArtwork|POA-00036413|001
Packaging Material Part|91623791|001
pgIllustration|91570841|001
pgArtwork|91617948|001
pgIllustration|99404331|004
pgArtwork|91523119|001
pgArtwork|90809095|001
Packaging Material Part|90809072|003
pgArtwork|POA-00039615|001
Packaging Material Part|91796237|001
pgArtwork|POA-00038558|001
Packaging Material Part|91675596|001
Packaging Material Part|91680096|001
pgArtwork|POA-00039281|001
Packaging Material Part|91700427|001
pgArtwork|POA-00039610|001
Packaging Material Part|91676604|001
pgArtwork|POA-00040644|001
Packaging Material Part|91681506|001
Packaging Material Part|91676463|001
pgArtwork|POA-00040638|001
pgArtwork|POA-00035952|001
Packaging Material Part|91621657|001
pgIllustration|91490832|003
pgMasterPackagingMaterialPart|MPMP-00042983|001
pgArtwork|91790083|001
pgIllustration|91460411|002
pgArtwork|91731098|001
pgIllustration|91460458|003
Packaging Material Part|91601049|003
pgArtwork|POA-00041820|001
Packaging Material Part|91852672|001
Packaging Material Part|91796429|001
pgArtwork|POA-00039424|001
pgIllustration|91417628|003
Packaging Material Part|91497339|002
Packaging Material Part|91796428|001
pgArtwork|POA-00041084|001
Packaging Material Part|91798014|001
pgArtwork|POA-00039419|001
Packaging Material Part|91680589|001
Packaging Material Part|91682694|002
pgIllustration|91331799|002
pgMasterPackagingMaterialPart|MPMP-00039158|001
pgArtwork|91525645|001
Packaging Material Part|91462455|002
Packaging Material Part|91676605|001
pgIllustration|91361771|002
pgMasterPackagingMaterialPart|MPMP-00039157|001
pgArtwork|91492809|001
Packaging Material Part|91384555|003
pgArtwork|POA-00042448|001
pgArtwork|POA-00042470|001
pgArtwork|90606500|001
Packaging Material Part|97526945|002
pgIllustration|92253195|001
pgArtwork|91349179|001
pgIllustration|95199401|003
pgArtwork|91272402|001
pgMasterPackagingMaterialPart|MPMP-00044585|001
pgIllustration|90912429|001
pgArtwork|91300445|001
Packaging Material Part|91267786|002
pgIllustration|ILST-00004829|001
pgMasterPackagingMaterialPart|MPMP-00044166|001
Packaging Material Part|91699696|001
pgArtwork|POA-00033494|001
Packaging Material Part|91558962|002
pgMasterPackagingMaterialPart|MPMP-00032995|002
pgMasterPackagingMaterialPart|MPMP-00039630|001
pgIllustration|97444270|002
pgArtwork|90581099|001
Packaging Material Part|97526954|002
pgMasterPackagingMaterialPart|MPMP-00039570|001
pgIllustration|97029854|003
Packaging Material Part|97526950|002
pgArtwork|90622942|001
pgMasterPackagingMaterialPart|MPMP-00039562|001
pgIllustration|98914463|001
pgArtwork|91189426|001
Packaging Material Part|97526953|002
pgArtwork|90579295|001
pgArtwork|91187934|001
pgArtwork|91141754|001
pgArtwork|91096219|001
pgArtwork|91562522|001
Packaging Material Part|91504500|002
pgIllustration|97079000|001
pgArtwork|91496386|001
pgIllustration|97079002|001
pgArtwork|91523124|001
pgIllustration|97079001|001
pgArtwork|91523127|001
pgIllustration|99388783|003
pgArtwork|91523120|001
pgArtwork|91562519|001
Packaging Material Part|91504496|002
pgArtwork|97123668|001
Packaging Material Part|97107926|002
pgArtwork|97111748|001
pgIllustration|96624641|001
pgMasterPackagingMaterialPart|MPMP-00039605|002
Packaging Material Part|97117177|002
pgArtwork|90585462|001
pgIllustration|96159216|002
pgIllustration|99387680|002
pgMasterPackagingMaterialPart|MPMP-00039696|001
Packaging Material Part|97569543|003
pgArtwork|POA-00041082|001
Packaging Material Part|91700573|001
pgArtwork|POA-00034489|001
Packaging Material Part|91549776|001
Packaging Material Part|91692739|001
pgArtwork|POA-00042632|001
pgIllustration|95201323|003
pgArtwork|92178301|001
Packaging Material Part|92110847|002
Packaging Material Part|91684256|002
pgArtwork|91709444|001
pgArtwork|90675061|001
pgQualitySpecification|QUAL-00000690|001
Packaging Material Part|90638205|002
pgIllustration|97177839|002
pgMasterPackagingMaterialPart|MPMP-00039453|001
pgArtwork|91247627|001
pgQualitySpecification|QUAL-00000691|001
Packaging Material Part|91085547|002
pgMasterPackagingMaterialPart|MPMP-00039384|001
pgIllustration|90563055|001
pgArtwork|90644569|001
Packaging Material Part|90517460|002
Packaging Material Part|90517080|002
pgArtwork|90644487|001
pgArtwork|91654990|001
pgMasterPackagingMaterialPart|MPMP-00040028|002
pgMasterPackagingMaterialPart|MPMP-00040034|002
pgArtwork|POA-00043240|001
pgArtwork|POA-00043233|001
pgArtwork|91667769|001
pgIllustration|96143670|001
pgArtwork|97133681|001
pgIllustration|97056233|002
pgArtwork|97133730|001
pgMasterPackagingMaterialPart|MPMP-00039536|001
pgIllustration|92275680|001
pgIllustration|95944050|002
Packaging Material Part|97250809|002
pgArtwork|90656120|001
pgIllustration|97056012|004
Packaging Material Part|97082983|002
pgArtwork|97094862|001
pgIllustration|95351934|001
pgMasterPackagingMaterialPart|MPMP-00043022|002
pgMasterPackagingMaterialPart|MPMP-00043020|002
pgIllustration|95351900|001
Packaging Material Part|95351926|003
pgIllustration|91534575|001
pgMasterPackagingMaterialPart|MPMP-00042975|001
Packaging Material Part|91595681|002
Packaging Material Part|91261627|002
pgIllustration|91226935|001
Packaging Material Part|91198294|002
pgArtwork|91732229|001
pgIllustration|91205700|001
Packaging Material Part|91193243|002
Packaging Material Part|91032556|003
pgArtwork|91382074|001
Packaging Material Part|91261726|002
Packaging Material Part|91032554|002
pgArtwork|96463693|001
pgIllustration|96408033|001
Packaging Material Part|96390187|002
pgArtwork|91727014|001
Packaging Material Part|91715258|002
pgArtwork|91576426|001
pgArtwork|POA-00040650|001
Packaging Material Part|91796239|001
pgArtwork|POA-00042239|001
Packaging Material Part|91680510|001
Packaging Material Part|91795973|001
Packaging Material Part|91691479|001
Packaging Material Part|91680509|001
pgArtwork|POA-00043234|001
pgIllustration|95439631|001
Packaging Material Part|95439610|003
pgArtwork|POA-00043969|001
pgArtwork|POA-00043959|001
pgArtwork|POA-00043961|001
pgArtwork|POA-00043958|001
pgMasterPackagingMaterialPart|MPMP-00039559|001
pgArtwork|90648650|001
Packaging Material Part|97526943|002
pgIllustration|92000804|003
Packaging Material Part|91207617|004
Packaging Material Part|91587689|003
Packaging Material Part|91876523|001
Packaging Material Part|91887321|001
Packaging Material Part|91497574|003
Packaging Material Part|91527414|004
pgArtwork|POA-00044419|001
pgArtwork|POA-00044418|001
Packaging Material Part|91717994|004
pgMasterPackagingMaterialPart|MPMP-00039482|001
Packaging Material Part|97554799|003
pgArtwork|91070803|001
Packaging Material Part|95351942|004
Packaging Material Part|91876916|001
pgIllustration|96482902|005
pgMasterPackagingMaterialPart|MPMP-00040227|001
pgArtwork|97242720|001
Packaging Material Part|90616974|002
pgMasterPackagingMaterialPart|MPMP-00040230|001
pgArtwork|90585572|001
pgIllustration|96500832|003
Packaging Material Part|97550355|002
Packaging Material Part|90537345|003
pgArtwork|91061268|001
pgArtwork|91285958|001
pgIllustration|97177522|002
Packaging Material Part|90998694|003
pgArtwork|92358400|001
Packaging Material Part|92281014|003
Packaging Material Part|91858344|001
Packaging Material Part|91858342|001
Packaging Material Part|91853397|001
Packaging Material Part|91549773|001
pgArtwork|POA-00036982|001
Packaging Material Part|91677788|001
pgArtwork|POA-00043694|001
pgArtwork|POA-00045344|001
pgArtwork|POA-00045373|001
pgArtwork|POA-00045372|001
pgArtwork|POA-00045426|001
Packaging Material Part|91797434|001
Packaging Material Part|91797433|001
pgArtwork|POA-00045518|001
pgArtwork|POA-10010820|001
Packaging Material Part|91876580|001
pgArtwork|POA-10010933|001
Packaging Material Part|91892803|001
pgArtwork|POA-10010816|001
Packaging Material Part|91887364|001
pgArtwork|POA-10010934|001
Packaging Material Part|91881840|001
pgArtwork|POA-10010818|001
Packaging Material Part|91910252|001
Packaging Material Part|91881678|001
pgArtwork|POA-10010819|001
pgArtwork|POA-00036350|001
pgMasterPackagingMaterialPart|MPMP-00044167|001
Packaging Material Part|91549772|001
pgIllustration|91477464|001
pgArtwork|91597804|001
Packaging Material Part|91487846|002
Packaging Material Part|91487481|002
pgArtwork|91594597|001
pgArtwork|91594598|001
Packaging Material Part|91487844|002
pgArtwork|91594596|001
Packaging Material Part|91487406|003
Packaging Material Part|91466737|002
pgArtwork|91594593|001
pgArtwork|POA-00037160|001
Packaging Material Part|91549805|001
pgArtwork|POA-00036516|001
Packaging Material Part|91623790|001
pgArtwork|90585571|001
Packaging Material Part|97550354|002
pgArtwork|92322418|001
Packaging Material Part|91284565|002
pgArtwork|POA-00035960|001
Packaging Material Part|91549775|001
pgArtwork|POA-00046719|001
pgArtwork|POA-00046771|001
pgArtwork|POA-00047007|001
pgMasterPackagingMaterialPart|MPMP-00052810|001
pgIllustration|ILST-00008986|001
Packaging Material Part|91876432|001
Packaging Material Part|91881540|001
pgArtwork|POA-00047173|001
Packaging Material Part|91680120|002
pgArtwork|POA-00047245|001
pgArtwork|POA-00047244|001
pgArtwork|POA-10011797|001
pgArtwork|POA-00047316|001
pgArtwork|91775462|001
Packaging Material Part|91612426|002
pgArtwork|91702295|001
Packaging Material Part|91612409|002
pgArtwork|91702293|001
Packaging Material Part|91912082|001
pgMasterPackagingMaterialPart|MPMP-00054446|001
pgIllustration|ILST-00009800|001
pgArtwork|95693935|001
Packaging Material Part|95680895|002
pgArtwork|95676030|001
Packaging Material Part|95575785|002
pgArtwork|91330034|001
Packaging Material Part|91243399|002
pgArtwork|POA-00047718|001
pgArtwork|POA-00047721|001
Packaging Material Part|91252915|002
pgArtwork|91314051|001
pgQualitySpecification|QUAL-00000526|001
Packaging Material Part|90977708|004
Packaging Material Part|91252917|002
pgArtwork|91314500|001
Packaging Material Part|99605923|002
pgArtwork|99653069|001
Packaging Material Part|91708779|002
Packaging Material Part|91252988|002
pgArtwork|91314054|001
pgArtwork|91719220|001
Packaging Material Part|91630443|002
Packaging Material Part|91336659|003
Packaging Material Part|91252914|002
pgArtwork|91314499|001
Packaging Material Part|90859273|003
pgArtwork|91850537|001
Packaging Material Part|91804801|002
Packaging Material Part|91804809|002
pgArtwork|91844644|001
pgMasterPackagingMaterialPart|MPMP-00054668|001
pgIllustration|90995962|001
pgArtwork|91850538|001
Packaging Material Part|91804850|002
Packaging Material Part|91804849|002
pgArtwork|91844645|001
Packaging Material Part|91275861|002
pgArtwork|91334511|001
Packaging Material Part|91276456|002
pgArtwork|91306083|001
Packaging Material Part|91351643|002
pgArtwork|91334486|001
Packaging Material Part|91275851|002
Packaging Material Part|91276748|002
pgArtwork|91352841|001
pgArtwork|POA-00048137|001
pgArtwork|POA-00048140|001
pgArtwork|POA-00047724|001
pgArtwork|POA-00047723|001
Packaging Material Part|91351953|002
pgArtwork|91258066|001
Packaging Material Part|91179613|002
pgArtwork|91420691|001
Packaging Material Part|91391774|002
pgMasterPackagingMaterialPart|MPMP-00027238|001
Packaging Material Part|91236184|002
pgArtwork|91365538|001
Packaging Material Part|91351668|002
pgArtwork|91420692|001
Packaging Material Part|91391882|002
pgArtwork|91616485|001
Packaging Material Part|91496825|005
pgArtwork|91802195|001
Packaging Material Part|91582388|002
Packaging Material Part|91584425|002
pgArtwork|91802192|001
pgArtwork|91707411|001
Packaging Material Part|91664384|003
pgArtwork|POA-10012127|001
Packaging Material Part|91913699|001
Packaging Material Part|91894456|001
pgArtwork|POA-10012130|001
pgArtwork|POA-10012131|001
Packaging Material Part|91894458|001
Packaging Material Part|91889143|001
pgArtwork|POA-10012128|001
Packaging Material Part|91889140|001
pgArtwork|POA-10012129|001
Packaging Material Part|91426845|002
pgArtwork|91655584|001
Packaging Material Part|91426961|002
pgArtwork|91655585|001
pgIllustration|98970087|004
pgIllustration|96148712|003
pgQualitySpecification|QUAL-00000599|001
pgMasterPackagingMaterialPart|MPMP-00048868|001
pgArtwork|91702508|001
Packaging Material Part|91878659|001
Packaging Material Part|91894782|001
Packaging Material Part|91878658|001
Packaging Material Part|91929468|001
Packaging Material Part|91894776|001
Packaging Material Part|91894780|001
Packaging Material Part|91889444|001
Packaging Material Part|91929466|001
Packaging Material Part|91929464|001
Packaging Material Part|91889446|001
Packaging Material Part|91929470|001
pgMasterPackagingMaterialPart|MPMP-00055785|001
pgMasterPackagingMaterialPart|MPMP-00041098|002
pgMasterPackagingMaterialPart|MPMP-00040228|001
pgIllustration|91127603|001
pgArtwork|90778717|001
Packaging Material Part|97588910|002
pgArtwork|POA-00049100|001
pgArtwork|90823350|001
Packaging Material Part|90664590|002
pgArtwork|91684408|001
Packaging Material Part|91577029|002
pgArtwork|91573249|001
Packaging Material Part|96716989|002
pgIllustration|99822604|001
Packaging Material Part|94515372|002
pgIllustration|96243304|001
Packaging Material Part|96280148|002
pgIllustration|96290696|001
Packaging Material Part|96278348|003
Packaging Material Part|97223295|002
pgArtwork|97392976|001
Packaging Material Part|97337734|002
pgArtwork|97368521|001
pgArtwork|97370748|001
Packaging Material Part|97222677|002
Packaging Material Part|97283550|002
pgArtwork|90842606|001
Packaging Material Part|90678666|002
pgArtwork|96813638|001
Packaging Material Part|97310811|002
Packaging Material Part|97310804|002
pgArtwork|97406642|001
pgArtwork|90823352|001
Packaging Material Part|90665382|002
Packaging Material Part|97284684|002
pgArtwork|91685839|001
Packaging Material Part|91562894|002
Packaging Material Part|96540649|002
pgArtwork|91686431|001
Packaging Material Part|91563387|002
Packaging Material Part|97337735|002
pgArtwork|97391311|001
Packaging Material Part|91562755|002
pgArtwork|91843648|001
Packaging Material Part|97285586|003
pgArtwork|97391302|001
Packaging Material Part|91577101|002
pgArtwork|91684412|001
Packaging Material Part|91894905|001
Packaging Material Part|91894906|001
pgMasterPackagingMaterialPart|MPMP-00055991|001
pgMasterPackagingMaterialPart|MPMP-00055974|001
Packaging Material Part|91887211|002
pgArtwork|97253991|001
Packaging Material Part|97127769|002
pgArtwork|90969121|001
Packaging Material Part|90913211|002
Packaging Material Part|91892459|002
pgArtwork|91415817|001
Packaging Material Part|91386618|002
Packaging Material Part|97436284|004
pgArtwork|96448499|001
pgIllustration|92351005|001
Packaging Material Part|97412298|002
Packaging Material Part|97412534|004
pgArtwork|97427594|001
Packaging Material Part|97548342|002
pgMasterPackagingMaterialPart|MPMP-00038766|001
pgIllustration|97418794|001
Packaging Material Part|97435967|002
pgArtwork|96451168|001
Packaging Material Part|99904847|005
Packaging Material Part|91513380|003
pgArtwork|91513379|002
pgArtwork|91533100|001
Packaging Material Part|91533098|002
pgArtwork|91381325|001
Packaging Material Part|91274370|002
pgIllustration|98584313|001
pgArtwork|91277271|001
Packaging Material Part|91274571|002
Packaging Material Part|99806040|003
Packaging Material Part|91328478|002
Packaging Material Part|91328474|002
pgArtwork|97204493|001
Packaging Material Part|91235893|002
pgArtwork|96868585|001
Packaging Material Part|96681760|002
Packaging Material Part|97072514|002
pgArtwork|96436878|001
Packaging Material Part|91274274|002
pgArtwork|91371011|001
pgIllustration|91075760|001
pgArtwork|91806724|001
Packaging Material Part|91683307|002
Packaging Material Part|91489971|002
pgArtwork|91606439|001
pgArtwork|97009192|001
Packaging Material Part|91274142|002
pgArtwork|91326814|001
Packaging Material Part|91275885|002
Packaging Material Part|91274396|002
pgArtwork|91388396|001
Packaging Material Part|91274399|002
pgArtwork|91388398|001
pgArtwork|91293426|001
Packaging Material Part|91274561|002
Packaging Material Part|91572424|003
pgArtwork|91753309|001
Packaging Material Part|91634262|002
pgArtwork|91189443|001
pgArtwork|91141755|001
pgArtwork|91070805|001
Packaging Material Part|97554800|003
pgArtwork|96326899|001
Packaging Material Part|96307012|002
pgArtwork|91777008|001
Packaging Material Part|91683305|002
pgArtwork|91627638|001
Packaging Material Part|91493717|002
pgArtwork|91391587|001
Packaging Material Part|91330381|002
pgArtwork|91307879|001
Packaging Material Part|91274263|002
Packaging Material Part|97073373|002
pgArtwork|97180246|001
Packaging Material Part|91275880|002
pgArtwork|99327497|001
Packaging Material Part|91116571|002
pgArtwork|91075438|001
Packaging Material Part|90930932|003
Packaging Material Part|97072882|002
pgArtwork|97180240|001
pgArtwork|97180609|001
Packaging Material Part|97073677|002
Packaging Material Part|91116751|002
pgArtwork|97017285|001
Packaging Material Part|97073053|002
Packaging Material Part|91274292|002
pgIllustration|91075868|001
pgArtwork|91371048|001
Packaging Material Part|91274286|002
pgIllustration|91075867|001
Packaging Material Part|90870721|002
pgArtwork|91806725|001
Packaging Material Part|91684119|002
pgArtwork|91606438|001
Packaging Material Part|91488579|002
Packaging Material Part|91274249|002
pgArtwork|97009476|001
Packaging Material Part|91274296|002
pgArtwork|98849473|001
pgArtwork|91582438|001
pgIllustration|91075871|001
pgMasterPackagingMaterialPart|MPMP-00038127|001
pgIllustration|96610004|005
Packaging Material Part|91208489|003
pgArtwork|91424060|001
Packaging Material Part|91716685|003
pgArtwork|91798742|001
pgArtwork|91754004|001
Packaging Material Part|91716429|003
pgArtwork|91593810|001
Packaging Material Part|91488052|002
Packaging Material Part|91466892|002
pgArtwork|91597761|001
Packaging Material Part|91577573|002
pgArtwork|91707870|001
Packaging Material Part|91816920|002
pgArtwork|91827828|001
Packaging Material Part|91556356|004
Packaging Material Part|91537224|004
pgArtwork|POA-10012721|001
pgArtwork|POA-10012720|001
pgArtwork|91901950|001
Packaging Material Part|91839333|002
Packaging Material Part|91530617|002
pgArtwork|91580934|001
pgMasterPackagingMaterialPart|MPMP-00039174|002
pgMasterPackagingMaterialPart|MPMP-00038917|002
pgMasterPackagingMaterialPart|MPMP-00038779|003
Packaging Material Part|90998656|002
pgArtwork|91253041|001
Packaging Material Part|97524769|002
pgArtwork|90622941|001
pgArtwork|91252566|001
Packaging Material Part|91100331|002
pgIllustration|92258447|001
Packaging Material Part|92258311|002
pgArtwork|POA-00050664|001
pgArtwork|92395201|001
Packaging Material Part|92358256|005
Packaging Material Part|91911911|001
Packaging Material Part|91887500|001
Packaging Material Part|91882531|001
Packaging Material Part|91882533|001
Packaging Material Part|91882535|001
Packaging Material Part|91882534|001
Packaging Material Part|91911881|001
Packaging Material Part|91911880|001
Packaging Material Part|91910529|001
pgArtwork|91148366|001
Packaging Material Part|91910515|001
Packaging Material Part|91054370|002
Packaging Material Part|91910532|001
Packaging Material Part|91910536|001
Packaging Material Part|91910535|001
Packaging Material Part|90500150|008
pgArtwork|POA-00050765|001
pgIllustration|96391257|002
pgMasterPackagingMaterialPart|MPMP-00055172|001
pgArtwork|91668935|001
Packaging Material Part|91521859|002
pgArtwork|90658601|001
pgArtwork|90619043|001
Packaging Material Part|97526947|002
pgArtwork|91841355|001
Packaging Material Part|91782638|002
pgArtwork|91768962|001
pgArtwork|91872339|001
pgArtwork|91731096|001
Packaging Material Part|91601046|003
pgMasterPackagingMaterialPart|MPMP-00055170|001
pgArtwork|91716886|001
Packaging Material Part|91531590|003
pgIllustration|91667605|002
pgArtwork|91817637|001
Packaging Material Part|91594025|002
pgIllustration|95558680|006
Packaging Material Part|91486960|002
pgArtwork|91697087|001
pgArtwork|91095967|001
Packaging Material Part|90929392|002
pgArtwork|91435118|001
pgArtwork|91522306|001
Packaging Material Part|91491273|002
pgArtwork|91072564|001
Packaging Material Part|90929438|002
pgArtwork|90653088|001
Packaging Material Part|90517227|002
pgArtwork|90604650|001
Packaging Material Part|91100317|002
pgArtwork|91243396|001
pgArtwork|91723597|001
pgArtwork|91694994|001
Packaging Material Part|91487065|002
pgArtwork|91759525|001
Packaging Material Part|91491684|002
pgArtwork|91526123|001
pgArtwork|POA-00050806|001
pgArtwork|91617949|001
Packaging Material Part|91600983|002
Packaging Material Part|91672042|002
pgArtwork|91707829|001
pgArtwork|90915585|001
Packaging Material Part|90831284|006
pgMasterPackagingMaterialPart|MPMP-00056110|001
Packaging Material Part|91671872|002
pgArtwork|91707837|001
pgMasterPackagingMaterialPart|MPMP-00056111|001
pgArtwork|91707826|001
Packaging Material Part|91671902|002
Packaging Material Part|91504498|002
pgArtwork|91562520|001
pgArtwork|91295514|001
Packaging Material Part|90706512|002
pgArtwork|91704459|001
pgIllustration|91579590|002
pgArtwork|91693859|001
Packaging Material Part|99610225|003
pgArtwork|91067879|001
pgIllustration|95504810|002
Packaging Material Part|96391778|002
Packaging Material Part|95876401|003
pgArtwork|98689446|001
pgIllustration|95918384|001
Packaging Material Part|96221385|002
pgArtwork|96306558|001
pgMasterPackagingMaterialPart|MPMP-00056114|002
Packaging Material Part|91895518|001
pgMasterPackagingMaterialPart|MPMP-00056113|002
Packaging Material Part|91879438|001
Packaging Material Part|91889739|001
Packaging Material Part|91889740|001
pgIllustration|96977257|001
pgArtwork|97208828|001
pgMasterPackagingMaterialPart|MPMP-00055171|001
Packaging Material Part|91930172|001
Packaging Material Part|91930173|001
Packaging Material Part|91884049|001
Packaging Material Part|91889738|001
Packaging Material Part|91930174|001
Packaging Material Part|91884112|001
pgMasterPackagingMaterialPart|MPMP-00055173|001
pgArtwork|97208829|001
Packaging Material Part|96977267|002
pgIllustration|96977256|001
pgArtwork|POA-00051650|001
pgMasterPackagingMaterialPart|MPMP-00054989|002
pgIllustration|91031657|001
pgArtwork|91352799|001
Packaging Material Part|91275790|003
pgMasterPackagingMaterialPart|MPMP-00053553|001
pgIllustration|91531812|002
pgIllustration|90522965|002
Packaging Material Part|91930021|001
Packaging Material Part|91883862|002
pgArtwork|POA-00052333|001
pgArtwork|POA-00052334|001
pgArtwork|POA-00052329|001
Packaging Material Part|91678054|001
pgIllustration|91736225|001
pgMasterPackagingMaterialPart|MPMP-00055249|001
pgArtwork|91817437|001
Packaging Material Part|91722299|002
pgQualitySpecification|QUAL-00000530|001
pgArtwork|91724239|001
Packaging Material Part|91664389|003
pgArtwork|91802226|001
Packaging Material Part|91584426|002
pgMasterPackagingMaterialPart|MPMP-00042934|003
pgMasterPackagingMaterialPart|MPMP-00042960|002
pgMasterPackagingMaterialPart|MPMP-00042935|002
pgMasterPackagingMaterialPart|MPMP-00042956|002
pgArtwork|POA-00052901|001
Packaging Material Part|91896363|001
pgIllustration|96306916|001
pgArtwork|POA-00052576|001
pgArtwork|POA-00053672|001
Packaging Material Part|91884024|001
Packaging Material Part|96278367|004
Packaging Material Part|91931660|001
Packaging Material Part|91877379|002
Packaging Material Part|91911906|002
Packaging Material Part|91893540|002
Packaging Material Part|91579223|002
pgArtwork|91707817|001
pgArtwork|POA-10012513|001
Packaging Material Part|91878806|001
pgIllustration|91688749|002
pgIllustration|91670942|002
Packaging Material Part|97554803|004
Packaging Material Part|97554561|003
pgArtwork|91188750|001
Packaging Material Part|97554564|003
Packaging Material Part|97554802|004
Packaging Material Part|97572503|003
Packaging Material Part|97554563|003
pgMasterPackagingMaterialPart|MPMP-00058720|001
pgIllustration|92383202|001
Packaging Material Part|91354572|002
Packaging Material Part|97554560|003
pgMasterPackagingMaterialPart|MPMP-00058717|001
pgIllustration|90964256|001
Packaging Material Part|97572496|005
Packaging Material Part|91893018|001
pgMasterPackagingMaterialPart|MPMP-00053675|001
pgArtwork|POA-00047603|001
Packaging Material Part|91868951|001
pgMasterPackagingMaterialPart|MPMP-00056258|001
pgIllustration|91566497|004
pgArtwork|91756137|001
Packaging Material Part|91655223|002
pgMasterPackagingMaterialPart|MPMP-00056260|001
pgIllustration|91566493|003
pgArtwork|99965519|001
Packaging Material Part|91655441|002
Packaging Material Part|91875457|001
pgArtwork|POA-00047222|001
pgMasterPackagingMaterialPart|MPMP-00058933|001
pgMasterPackagingMaterialPart|MPMP-00056259|001
Packaging Material Part|91655227|002
pgIllustration|91566494|003
pgArtwork|91724750|001
pgArtwork|POA-00054473|001
Packaging Material Part|91814231|002
Packaging Material Part|91814233|002
pgArtwork|91249668|001
pgIllustration|92224951|001
Packaging Material Part|91100363|002
pgIllustration|96350051|002
pgArtwork|91530514|001
pgIllustration|99711496|003
pgArtwork|91061276|001
pgArtwork|91069760|001
Packaging Material Part|91065679|002
pgMasterPackagingMaterialPart|MPMP-00059074|001
Packaging Material Part|91913260|002
pgArtwork|POA-10012547|001
Packaging Material Part|91929788|001
pgArtwork|POA-10012544|001
pgArtwork|POA-10012546|001
Packaging Material Part|91020731|003
pgArtwork|91061270|001
pgArtwork|POA-00055194|001
pgArtwork|POA-00055200|001
pgIllustration|95753137|001
pgMasterPackagingMaterialPart|MPMP-00058881|001
pgArtwork|91844164|001
Packaging Material Part|91839872|002
pgMasterPackagingMaterialPart|MPMP-00055560|001
pgArtwork|91110084|001
Packaging Material Part|91063978|002
Packaging Material Part|91601047|003
pgArtwork|91731097|001
pgArtwork|POA-00055303|001
Packaging Material Part|91946160|001
Packaging Material Part|91956639|001
Packaging Material Part|91951261|001
Packaging Material Part|91934081|001
Packaging Material Part|91938850|001
Packaging Material Part|91946161|001
Packaging Material Part|91938779|001
pgMasterPackagingMaterialPart|MPMP-00056256|001
pgIllustration|91579589|002
Packaging Material Part|91870464|002
pgArtwork|POA-00052841|001
pgArtwork|96659836|001
Packaging Material Part|96564110|003
pgArtwork|91061271|001
pgArtwork|91061273|001
Packaging Material Part|91020734|003
Packaging Material Part|91514721|002
Packaging Material Part|91931502|001
Packaging Material Part|91895752|001
Packaging Material Part|91890492|001
Packaging Material Part|91890481|001
Packaging Material Part|91931485|001
Packaging Material Part|92230515|002
pgArtwork|91695283|001
pgArtwork|91693858|001
Packaging Material Part|92230509|002
Packaging Material Part|90589427|002
Packaging Material Part|91601048|004
pgArtwork|91731706|001
Packaging Material Part|91514569|004
pgArtwork|POA-00056376|001
pgArtwork|POA-00056378|001
pgArtwork|POA-00056377|001
Packaging Material Part|91910518|001
Packaging Material Part|91894073|001
pgArtwork|POA-10014113|001
pgArtwork|POA-10014116|001
pgArtwork|POA-00056681|001
pgArtwork|POA-00056684|001
pgArtwork|POA-10014189|001
Packaging Material Part|91939049|001
pgArtwork|POA-10014190|001
Packaging Material Part|91968875|001
Packaging Material Part|91968877|001
pgArtwork|POA-10014192|001
pgArtwork|91863789|001
Packaging Material Part|91814232|002
Packaging Material Part|91854788|002
pgIllustration|99752019|002
Packaging Material Part|91274259|002
pgArtwork|96436885|001
Packaging Material Part|97072698|002
Packaging Material Part|91488606|002
pgArtwork|91031870|001
Packaging Material Part|90929436|002
Packaging Material Part|91943342|001
Packaging Material Part|91950830|001
Packaging Material Part|91933515|001
Packaging Material Part|91933513|001
Packaging Material Part|91933341|001
Packaging Material Part|91945861|001
Packaging Material Part|91938511|001
Packaging Material Part|91950829|001
Packaging Material Part|91946299|001
pgIllustration|97433989|005
Packaging Material Part|91858366|002
pgArtwork|POA-00056867|001
pgMasterPackagingMaterialPart|MPMP-00060806|001
pgIllustration|ILST-00011531|001
pgArtwork|POA-00054896|001
Packaging Material Part|91932093|001
pgArtwork|POA-00054897|001
Packaging Material Part|91932094|001
pgArtwork|POA-10014152|001
Packaging Material Part|91878988|001
Packaging Material Part|91932875|001
pgArtwork|POA-10014155|001
pgArtwork|POA-10014153|001
Packaging Material Part|91896432|001
Packaging Material Part|91895484|001
pgArtwork|POA-10014151|001
Packaging Material Part|91943729|001
pgArtwork|POA-10014157|001
pgArtwork|POA-10014156|001
Packaging Material Part|91932876|001
pgArtwork|POA-10014158|001
pgArtwork|POA-10014154|001
Packaging Material Part|91943728|001
Packaging Material Part|91932878|001
Packaging Material Part|91970360|001
Packaging Material Part|91939840|001
Packaging Material Part|91952231|001
Packaging Material Part|91952232|001
pgArtwork|POA-10014769|001
pgArtwork|POA-10014768|001
pgArtwork|POA-00058321|001
pgArtwork|POA-10014770|001
pgArtwork|POA-10014771|001
Packaging Material Part|91306552|004
Packaging Material Part|91600982|003
Packaging Material Part|91297019|004
pgArtwork|POA-10014350|001
pgArtwork|91655588|001
Packaging Material Part|91426713|002
pgArtwork|POA-10014351|001
pgArtwork|91790670|001
Packaging Material Part|91426991|002
pgArtwork|POA-00058562|001
pgArtwork|POA-00058564|001
pgArtwork|POA-10014841|001
Packaging Material Part|91947239|001
Packaging Material Part|91939945|001
pgArtwork|POA-10014843|001
Packaging Material Part|91957430|001
pgIllustration|ILST-00012113|001
pgIllustration|91193566|002
Packaging Material Part|91885029|001
pgArtwork|POA-10014844|001
Packaging Material Part|91970576|001
Packaging Material Part|91947238|001
pgArtwork|POA-10014840|001
pgArtwork|91061275|001
Packaging Material Part|91020736|003
Packaging Material Part|91892992|002
Packaging Material Part|91952432|001
Packaging Material Part|91970740|001
Packaging Material Part|91947336|001
Packaging Material Part|91970741|001
Packaging Material Part|91947335|001
Packaging Material Part|91970739|001
pgArtwork|POA-10014722|001
pgArtwork|POA-00058847|001
pgArtwork|POA-00058849|001
pgArtwork|POA-00058852|001
pgArtwork|POA-00058853|001
pgArtwork|POA-00058846|001
pgArtwork|POA-00058851|001
pgArtwork|POA-00058845|001
pgArtwork|POA-00058844|001
pgArtwork|POA-00058848|001
Packaging Material Part|91480701|003
Packaging Material Part|91601042|003
Packaging Material Part|97397887|003
Packaging Material Part|91881950|002
Packaging Material Part|91887730|002
pgMasterPackagingMaterialPart|MPMP-00061302|001
pgArtwork|POA-10014845|001
pgArtwork|POA-10014837|001
Packaging Material Part|91970387|001
pgMasterPackagingMaterialPart|MPMP-00061621|001
pgMasterPackagingMaterialPart|MPMP-00061618|001
pgArtwork|POA-00059417|001
Packaging Material Part|91297260|004
pgMasterPackagingMaterialPart|MPMP-00034898|001
pgIllustration|99271421|001
Packaging Material Part|99266282|004
pgArtwork|99314541|005
Packaging Material Part|91297018|004
Packaging Material Part|91306547|004
Packaging Material Part|91882045|002
pgArtwork|90624563|001
Packaging Material Part|97526942|002
pgArtwork|POA-10014628|001
pgMasterPackagingMaterialPart|MPMP-00052145|001
pgIllustration|95784013|001
Packaging Material Part|91875540|003
pgArtwork|POA-10014720|001
Packaging Material Part|91676545|002
Packaging Material Part|91850936|002
pgArtwork|POA-10015039|001
pgArtwork|POA-10015038|001
pgArtwork|POA-10015036|001
pgArtwork|POA-00060352|001
pgArtwork|POA-00060358|001
pgArtwork|POA-00060364|001
Packaging Material Part|91952788|001
Packaging Material Part|91952789|001
pgArtwork|POA-00060641|001
pgArtwork|POA-00059138|001
Packaging Material Part|91676233|002
pgArtwork|POA-00059135|001
pgArtwork|POA-00060779|001
Packaging Material Part|91049475|003
pgMasterPackagingMaterialPart|MPMP-00050636|002
Packaging Material Part|91700526|002
pgArtwork|POA-10015334|001
pgArtwork|POA-10015333|001
Packaging Material Part|91692372|002
pgArtwork|POA-10015335|001
Packaging Material Part|91969020|001
pgArtwork|POA-00060596|001
POA|POA-00045821|001
pgArtwork|POA-00051520|001
Packaging Material Part|91909742|002
pgArtwork|POA-00051126|001
Packaging Material Part|91876321|002
pgArtwork|POA-00062456|001
pgArtwork|POA-00062457|001
pgArtwork|POA-00062455|001
Packaging Material Part|91953765|001
POA|POA-00041359|001
pgArtwork|POA-00056728|001
pgIllustration|ILST-00010246|001
Packaging Material Part|91970615|002
pgArtwork|POA-00063575|001
Packaging Material Part|90905800|004
pgArtwork|POA-00063958|001
pgArtwork|POA-00063988|001
pgArtwork|POA-00063992|001
pgArtwork|POA-00063989|001
pgArtwork|POA-00056727|001
Packaging Material Part|91018052|003
Packaging Material Part|91024238|003
pgArtwork|POA-00063427|001
pgArtwork|POA-00060593|001
Packaging Material Part|91946483|001
Packaging Material Part|91951547|001
pgArtwork|POA-00060594|001
pgArtwork|POA-00060595|001
pgArtwork|POA-00063426|001
Packaging Material Part|91951563|001
pgIllustration|ILST-00007827|002
pgArtwork|POA-00063364|001
Packaging Material Part|91969017|001
pgArtwork|POA-00063363|001
Packaging Material Part|91951551|001
Packaging Material Part|91969144|001
pgArtwork|POA-00063431|001
pgArtwork|POA-10015696|001
Packaging Material Part|91850937|003
pgArtwork|POA-00063430|001
Packaging Material Part|91969136|001
pgIllustration|91513759|002
pgArtwork|POA-00064907|001
pgArtwork|POA-00064908|001
pgArtwork|POA-00064906|001
Packaging Material Part|91877378|003
Packaging Material Part|91911904|003
pgIllustration|91417315|001
Packaging Material Part|91855773|002
Packaging Material Part|91855764|002
Packaging Material Part|91855769|002
Packaging Material Part|91891497|002
Packaging Material Part|91875537|002
Packaging Material Part|91855770|002
Packaging Material Part|91886305|002
Packaging Material Part|91891498|002
Packaging Material Part|91880577|002
Packaging Material Part|91855538|002
pgArtwork|POA-10016041|001
pgArtwork|POA-00065132|001
pgArtwork|POA-00065129|001
pgArtwork|POA-00065131|001
pgArtwork|POA-00065128|001
pgArtwork|POA-00065130|001
pgArtwork|POA-00065133|001
pgArtwork|POA-00065127|001
pgArtwork|POA-00065248|001
pgArtwork|POA-00065262|001
pgArtwork|POA-00065261|001
pgArtwork|POA-00065260|001
Packaging Material Part|91959832|001
pgArtwork|96580224|001
Packaging Material Part|96548018|002
pgMasterPackagingMaterialPart|MPMP-00054771|002
pgArtwork|POA-10014436|001
Packaging Material Part|91848455|002
pgArtwork|POA-00065864|001
pgArtwork|POA-00065871|001
pgArtwork|POA-00065870|001
pgArtwork|POA-00065868|001
pgArtwork|POA-00065865|001
pgArtwork|POA-00065866|001
pgArtwork|POA-00065869|001
pgArtwork|POA-00065867|001
pgArtwork|91030065|001
Packaging Material Part|90887336|002
Packaging Material Part|91159053|002
pgArtwork|91192900|001
Packaging Material Part|97533226|002
pgArtwork|91566323|001
Packaging Material Part|91496049|002
pgArtwork|POA-10010663|001
Packaging Material Part|91864060|002
pgArtwork|POA-10014950|001
pgArtwork|91732770|001
pgIllustration|91650443|001
Packaging Material Part|91732769|002
pgMasterPackagingMaterialPart|MPMP-00039527|002
pgMasterPackagingMaterialPart|MPMP-00039533|002
Packaging Material Part|91889237|002
Packaging Material Part|91894457|002
Packaging Material Part|91889234|002
pgIllustration|ILST-00011426|001
Packaging Material Part|91972090|002
Packaging Material Part|91262727|002
pgArtwork|91348374|001
Packaging Material Part|97533228|002
pgArtwork|POA-00066817|001
Packaging Material Part|91842965|002
pgArtwork|POA-10015992|001
pgIllustration|90855832|001
Packaging Material Part|91842967|002
pgArtwork|POA-10015980|001
pgArtwork|POA-10015988|001
Packaging Material Part|91843598|002
pgArtwork|POA-10015982|001
Packaging Material Part|91843241|002
pgArtwork|POA-10015991|001
Packaging Material Part|91824608|002
Packaging Material Part|91784117|002
pgArtwork|POA-10015999|001
pgArtwork|POA-10015998|001
Packaging Material Part|91067317|002
Packaging Material Part|91843240|002
pgArtwork|POA-10015990|001
pgArtwork|POA-10015996|001
Packaging Material Part|91160417|002
Packaging Material Part|91160415|002
pgArtwork|POA-10015997|001
Packaging Material Part|91843599|002
pgArtwork|POA-10015981|001
pgArtwork|POA-10015989|001
Packaging Material Part|91842966|002
Packaging Material Part|91960534|001
Packaging Material Part|91878442|001
pgArtwork|POA-10016273|001
pgArtwork|POA-10015446|001
Packaging Material Part|91933494|001
Packaging Material Part|91987778|001
Packaging Material Part|91952951|001
Packaging Material Part|91971560|001
Packaging Material Part|91942793|001
Packaging Material Part|91960484|001
Packaging Material Part|91942794|001
Packaging Material Part|91950171|001
pgArtwork|POA-10016309|001
pgArtwork|POA-10016312|001
pgArtwork|POA-10016310|001
pgArtwork|POA-10016311|001
Packaging Material Part|91987898|001
Packaging Material Part|97083002|003
Packaging Material Part|97082992|003
Packaging Material Part|97602868|003
Packaging Material Part|97587509|003
pgArtwork|POA-00068088|001
pgArtwork|POA-00068089|001
pgArtwork|POA-00068217|001
pgArtwork|POA-00068233|001
Packaging Material Part|91798870|002
pgIllustration|91800859|001
pgArtwork|91800158|001
Packaging Material Part|91953015|001
Packaging Material Part|91957968|001
Packaging Material Part|91958333|001
Packaging Material Part|90536324|002
pgArtwork|90536340|001
pgArtwork|96486615|001
Packaging Material Part|91624931|002
pgIllustration|91746182|001
Packaging Material Part|91746244|002
pgIllustration|91624933|001
pgMasterPackagingMaterialPart|MPMP-00061530|002
pgArtwork|POA-00068819|001
pgArtwork|POA-00068824|001
pgArtwork|POA-00068818|001
pgArtwork|91693956|001
Packaging Material Part|91761427|002
Packaging Material Part|91754499|002
pgArtwork|97017827|001
Packaging Material Part|91754501|002
pgArtwork|97565859|001
pgArtwork|96280450|001
Packaging Material Part|96280553|002
Packaging Material Part|96518364|002
pgArtwork|91356325|001
pgArtwork|91694310|001
Packaging Material Part|91650956|002
pgArtwork|96507721|001
Packaging Material Part|97334409|002
Packaging Material Part|91624019|002
pgArtwork|91765289|001
pgArtwork|91802328|001
Packaging Material Part|90954695|002
Packaging Material Part|91733579|002
pgArtwork|91020340|001
Packaging Material Part|91694413|002
pgArtwork|97322465|001
pgArtwork|POA-10016363|001
Packaging Material Part|91951430|001
pgArtwork|POA-10016364|001
Packaging Material Part|91968791|001
pgArtwork|POA-10016360|001
Packaging Material Part|91939012|001
pgArtwork|POA-00069162|001
pgArtwork|POA-00069164|001
pgArtwork|POA-00069165|001
pgArtwork|POA-00069166|001
Packaging Material Part|91314276|002
pgArtwork|91314275|001
Packaging Material Part|91765926|002
pgArtwork|91765857|001
Packaging Material Part|96794968|002
pgArtwork|96281013|001
pgArtwork|91448888|001
Packaging Material Part|91020338|002
pgArtwork|97181776|001
Packaging Material Part|97198100|002
Packaging Material Part|91049478|002
Packaging Material Part|91548399|001
pgMasterPackagingMaterialPart|MPMP-00026791|003
pgMakingInstructions|91989456|001
pgDeviceProductPart|91989454|001
pgIllustration|ILST-00014223|001
pgIntermediateProductPart|91990299|001
pgQualitySpecification|91223351|004
pgIllustration|91220961|006
pgQualitySpecification|QUAL-00000004|001
Test Method Specification|91223423|004
pgIllustration|91506859|001
pgSoftwarePart|91989455|001
pgQualitySpecification|91223339|005
pgStandardOperatingProcedure|SOP-00000001|001
Packaging Material Part|91949041|001
Packaging Material Part|91954114|001
Packaging Material Part|91682360|001
Packaging Material Part|91693248|001
Packaging Material Part|91852601|001
Packaging Material Part|91693249|001
pgMasterPackagingMaterialPart|MPMP-00050810|001
pgArtwork|POA-10016615|001
pgArtwork|POA-10016613|001
pgArtwork|POA-10016614|001
pgArtwork|POA-10016610|001
pgArtwork|POA-10016609|001
pgArtwork|POA-00070415|001
pgArtwork|POA-00070416|001
pgArtwork|91802377|001
Packaging Material Part|91802419|002
pgArtwork|91802331|001
Packaging Material Part|91802332|002
Packaging Material Part|91802330|002
pgArtwork|91802329|001
pgMasterPackagingMaterialPart|MPMP-00055576|002
pgArtwork|90974461|001
Packaging Material Part|90898725|002
Packaging Material Part|90608509|002
Packaging Material Part|91862782|002
pgArtwork|POA-10016905|001
pgArtwork|POA-10010539|001
Raw Material|91509321|002
Raw Material|91509322|001
pgArtwork|POA-00071433|001
pgArtwork|POA-00071437|001
pgArtwork|POA-00071434|001
pgArtwork|POA-00071432|001
pgArtwork|POA-00071435|001
pgArtwork|POA-00071436|001
pgArtwork|POA-00071438|001
pgArtwork|POA-00071431|001
pgArtwork|POA-00071707|001
pgArtwork|POA-00071706|001
pgArtwork|POA-00071713|001
Packaging Material Part|90731405|001
pgMasterPackagingMaterialPart|MPMP-00039387|002
Packaging Material Part|91255395|004
pgArtwork|POA-10017227|001
pgArtwork|POA-00072323|001
pgArtwork|POA-00072324|001
pgArtwork|POA-00072322|001
pgArtwork|POA-10016974|001
pgArtwork|POA-10016973|001
Packaging Material Part|91970860|001
pgMasterPackagingMaterialPart|MPMP-00040129|003
pgMasterPackagingMaterialPart|MPMP-00039529|004
pgArtwork|POA-00072974|001
pgArtwork|POA-00072972|001
pgArtwork|POA-00072961|001
pgArtwork|POA-00072978|001
pgArtwork|POA-00072959|001
pgArtwork|POA-00072960|001
pgArtwork|POA-00072973|001
Packaging Material Part|91997371|001
pgMasterPackagingMaterialPart|MPMP-00039551|003
pgArtwork|POA-10013903|001
Packaging Material Part|91943395|001
Packaging Material Part|91884975|001
pgArtwork|POA-10017659|001
pgArtwork|POA-10017505|001
Packaging Material Part|91970932|001
pgArtwork|POA-10010541|001
pgArtwork|POA-10017504|001
Packaging Material Part|91959398|001
pgArtwork|POA-00074004|001
pgArtwork|POA-00074005|001
pgMasterPackagingMaterialPart|MPMP-00067586|002
pgArtwork|POA-10016524|001
Packaging Material Part|90852196|001
Packaging Material Part|91911947|001
pgArtwork|POA-10017158|001
Packaging Material Part|90708751|001
pgMasterPackagingMaterialPart|MPMP-00067598|001
pgIllustration|ILST-00014554|001
Packaging Material Part|91189968|001
pgMasterPackagingMaterialPart|MPMP-00039220|002
Packaging Material Part|91993193|001
pgArtwork|91754404|001
Packaging Material Part|91687143|003
Packaging Material Part|91959379|002
Packaging Material Part|91997553|001
Packaging Material Part|91004888|001
Packaging Material Part|90500099|005
pgMasterPackagingMaterialPart|MPMP-00067053|001
POA|POA-00050762|001
Packaging Material Part|90922280|001
POA|POA-00069436|001
pgIllustration|ILST-00014222|001
pgIllustration|ILST-00012135|001
pgArtwork|POA-00077051|001
pgArtwork|POA-00077054|001
pgArtwork|POA-10018085|001
pgArtwork|POA-10018211|001
pgStandardOperatingProcedure|95920961|001
pgArtwork|POA-00077382|001
pgArtwork|POA-00077453|001
pgStandardOperatingProcedure|98815467|002
pgArtwork|POA-10018421|001
Packaging Material Part|91261585|003
pgArtwork|POA-00078477|001
pgArtwork|POA-00078475|001
pgArtwork|POA-00078473|001
pgArtwork|POA-00078469|001
pgArtwork|POA-00078471|001
pgArtwork|POA-00078478|001
Packaging Material Part|91264382|001
Packaging Material Part|91431776|001
Packaging Material Part|91151220|001
pgArtwork|POA-00078704|001
pgArtwork|POA-00078702|001
pgArtwork|POA-10018386|001
pgIllustration|90770303|002
Packaging Material Part|91338028|001
Packaging Material Part|90852312|001
Packaging Material Part|91431532|001
pgArtwork|POA-10018548|001
pgArtwork|POA-00079097|001
pgArtwork|POA-00079098|001
pgArtwork|POA-10017826|001
pgArtwork|POA-10018547|001
pgArtwork|POA-00079099|001
pgArtwork|POA-00079307|001
Packaging Material Part|91969853|001
pgArtwork|POA-10016433|001
Packaging Material Part|91940591|003
pgIllustration|ILST-00015759|001
pgArtwork|POA-00080186|001
pgArtwork|POA-00080287|001
Packaging Material Part|91943328|001
Packaging Material Part|91950817|001
Packaging Material Part|91950816|001
pgArtwork|POA-00080520|001
pgArtwork|POA-00080521|001
pgArtwork|POA-00080603|001
Packaging Material Part|91339908|001
Packaging Material Part|91111822|001
Packaging Material Part|91193091|001
Packaging Material Part|91366956|001
Packaging Material Part|91190054|001
Packaging Material Part|91215419|001
Packaging Material Part|91992859|001
Packaging Material Part|91421862|001
Packaging Material Part|91400666|001
Packaging Material Part|91400779|001
Packaging Material Part|91215742|001
Packaging Material Part|91997887|001
Packaging Material Part|91190055|001
Packaging Material Part|91994344|001
Packaging Material Part|91994343|001
Packaging Material Part|91112349|001
Packaging Material Part|91953573|001
Packaging Material Part|90852357|001
Packaging Material Part|91190115|001
Packaging Material Part|91190116|001
Packaging Material Part|91031088|001
pgIllustration|91669209|003
Packaging Material Part|91333348|001
pgMasterPackagingMaterialPart|MPMP-00070564|001
Packaging Material Part|91324104|004
pgArtwork|POA-00083268|001
pgArtwork|POA-00083270|001
pgArtwork|POA-00083269|001
pgArtwork|POA-00083267|001
pgArtwork|91653292|001
pgArtwork|91653293|001
pgArtwork|91653291|001
Packaging Material Part|91972956|001
Packaging Material Part|91177730|001
Packaging Material Part|91953574|001
pgMasterPackagingMaterialPart|MPMP-00070703|001
Packaging Material Part|91948424|001
Packaging Material Part|91972959|001
Packaging Material Part|91972954|001
pgArtwork|POA-00083538|001
Packaging Material Part|90599639|001
pgArtwork|POA-10019445|001
Packaging Material Part|97287117|002
POA|POA-00069433|001
Packaging Material Part|91952122|003
pgArtwork|91581303|001
pgArtwork|91591956|001
Packaging Material Part|91575889|003
Packaging Material Part|91528263|003
pgArtwork|POA-00084839|001
Packaging Material Part|91332919|001
Packaging Material Part|91332920|001
pgArtwork|91472484|001
Packaging Material Part|91453307|002
Packaging Material Part|91997029|001
pgArtwork|POA-10019542|001
Packaging Material Part|91019129|001
Packaging Material Part|91953568|001
Packaging Material Part|91385707|001
Packaging Material Part|91998985|001
Packaging Material Part|91972962|001
pgArtwork|POA-00086417|001
Packaging Material Part|91026052|001
pgArtwork|POA-10019852|001
Packaging Material Part|91346771|001
pgArtwork|POA-10019851|001
Packaging Material Part|91335877|001
Packaging Material Part|91447063|001
pgArtwork|POA-10019232|001
pgIllustration|96710424|003
pgMasterPackagingMaterialPart|MPMP-00070276|001
Packaging Material Part|91163508|001
Packaging Material Part|91337828|001
Packaging Material Part|91457621|001
pgIllustration|96905385|001
Packaging Material Part|91733516|001
Packaging Material Part|91432535|001
pgMasterPackagingMaterialPart|MPMP-00071521|001
pgIllustration|ILST-00016174|001
pgIllustration|90750576|004
pgMasterPackagingMaterialPart|MPMP-00029119|001
pgArtwork|POA-00086949|001
pgArtwork|POA-00086957|001
pgArtwork|POA-00086951|001
pgArtwork|POA-00086953|001
pgArtwork|POA-00086959|001
pgArtwork|POA-00086958|001
pgArtwork|POA-00086952|001
pgArtwork|POA-00086956|001
pgArtwork|POA-00086950|001
pgArtwork|POA-00086954|001
pgArtwork|POA-00086955|001
pgArtwork|POA-00086948|001
POA|POA-00067485|001
POA|POA-00061215|001
Packaging Material Part|91958881|001
pgMasterRawMaterialPart|95965042|003
Raw Material|10072647|029
Packaging Material Part|91950007|001
pgQualitySpecification|60003665|003
pgMasterPackagingMaterialPart|MPMP-00067761|001
pgIllustration|91790351|001
pgArtwork|91836889|001
Packaging Material Part|91731937|002
pgArtwork|POA-00090428|001
POA|POA-00067484|001
pgMasterPackagingMaterialPart|MPMP-00072200|001
Packaging Material Part|91853311|003
Packaging Material Part|90767563|004
Packaging Material Part|90761808|004
pgMasterPackagingMaterialPart|MPMP-00071699|001
pgIllustration|ILST-00016913|001
Packaging Material Part|91464612|001
Packaging Material Part|91953576|001
pgMasterPackagingMaterialPart|MPMP-00039439|003
Packaging Material Part|91498753|001
pgArtwork|POA-00091003|001
Packaging Material Part|91989119|001
pgArtwork|POA-00077128|001
pgArtwork|POA-00091655|001
pgArtwork|POA-00091621|001
pgArtwork|POA-00091395|001
pgArtwork|POA-00093141|001
pgArtwork|POA-00093144|001
Packaging Material Part|91509951|001
Packaging Material Part|91737680|001
Packaging Material Part|91509952|001
pgMasterPackagingMaterialPart|MPMP-00072697|001
pgIllustration|ILST-00017416|001
pgArtwork|91702121|001
pgArtwork|91443314|001
Packaging Material Part|91702120|002
Packaging Material Part|91443313|004
Packaging Material Part|91520732|001
Packaging Material Part|91728466|001
Packaging Material Part|91766914|001
Packaging Material Part|91948427|001
Packaging Material Part|91555981|001
pgIllustration|ILST-00017810|001
pgArtwork|POA-00093300|001
Packaging Material Part|91950302|001
pgIllustration|ILST-00017504|001
pgMasterPackagingMaterialPart|MPMP-00071953|001
pgArtwork|POA-10020415|001
pgArtwork|POA-00094467|001
Packaging Material Part|91948426|002
Packaging Material Part|90732497|003
Packaging Material Part|91958879|002
Packaging Material Part|91099530|002
Packaging Material Part|91972949|001
pgArtwork|POA-00095870|001
pgMasterPackagingMaterialPart|MPMP-00068592|001
pgIllustration|ILST-00015100|001
pgArtwork|POA-10020827|001
Packaging Material Part|91997512|001
pgArtwork|91730086|002
pgArtwork|91730091|002
pgIllustration|ILST-00014245|001
Packaging Material Part|91997768|001
pgArtwork|POA-00094207|001
pgMasterPackagingMaterialPart|MPMP-00068487|001
Packaging Material Part|91730085|003
Packaging Material Part|91730090|003
pgArtwork|POA-00096117|001
Packaging Material Part|91865943|001
Packaging Material Part|91972953|001
Packaging Material Part|91950474|001
Packaging Material Part|90604920|001
pgMasterPackagingMaterialPart|MPMP-00072718|001
Packaging Material Part|91941109|001
Packaging Material Part|91972960|001
Packaging Material Part|91960318|001
Packaging Material Part|90852201|001
pgArtwork|POA-00093895|001
pgArtwork|POA-00097257|001
pgIllustration|ILST-00018383|001
Packaging Material Part|91739258|001
Packaging Material Part|91739268|001
Packaging Material Part|91872784|001
Packaging Material Part|91875278|001
pgArtwork|POA-00097740|001
pgMasterPackagingMaterialPart|MPMP-00072896|001
Packaging Material Part|91767948|001
Packaging Material Part|91767950|001
Packaging Material Part|90852217|001
pgArtwork|POA-00094432|001
pgArtwork|91438086|001
pgArtwork|91406759|001
Packaging Material Part|91345147|002
Packaging Material Part|91406765|002
pgArtwork|POA-00098955|001
pgArtwork|96695980|001
pgArtwork|91438601|001
pgArtwork|91441865|001
pgArtwork|96735594|001
Packaging Material Part|96695981|002
Packaging Material Part|96695982|002
Packaging Material Part|91949181|001
pgArtwork|POA-00099697|001
pgArtwork|POA-10018841|001
pgArtwork|97607090|001
pgArtwork|91280796|001
Packaging Material Part|91346287|002
Packaging Material Part|91318343|002
Packaging Material Part|96232888|003
Packaging Material Part|90544288|001
pgIllustration|ILST-00019257|001
pgArtwork|POA-00100827|001
Packaging Material Part|91667597|003
pgArtwork|91732594|001
Packaging Material Part|91732595|002
pgArtwork|90647390|001
Packaging Material Part|91782829|002
Packaging Material Part|91471440|003
pgMasterPackagingMaterialPart|MPMP-00072379|002
pgIllustration|91410320|004
pgArtwork|POA-00101444|001
pgArtwork|POA-00101967|001
Packaging Material Part|90522229|001
Packaging Material Part|91973524|001
Packaging Material Part|91973363|001
Packaging Material Part|90547994|001
pgArtwork|POA-00102218|001
pgArtwork|POA-00102221|001
pgArtwork|POA-00102222|001
Packaging Material Part|90511420|001
pgArtwork|POA-00103080|001
Packaging Material Part|91949930|001
pgIllustration|91413996|003
pgMasterPackagingMaterialPart|MPMP-00048903|001
pgIllustration|91702509|001
pgArtwork|POA-10018840|001
Packaging Material Part|91702507|003
pgArtwork|POA-00103505|001
pgArtwork|POA-00103619|001
pgArtwork|POA-00103603|001
pgArtwork|POA-00103620|001
pgArtwork|POA-00103602|001
pgArtwork|POA-00103872|001
Packaging Material Part|91333038|001
Packaging Material Part|90523602|001
pgArtwork|POA-00104132|001
pgArtwork|POA-00104131|001
pgArtwork|POA-00104134|001
pgArtwork|POA-00104130|001
pgArtwork|POA-00104282|001
pgArtwork|POA-00104366|001
Packaging Material Part|91432536|002
Packaging Material Part|90512697|001
pgArtwork|POA-00104935|001
pgMasterPackagingMaterialPart|MPMP-00052022|002
pgArtwork|POA-00105201|001
pgArtwork|POA-00105360|001
POA|POA-00104010|001
pgArtwork|POA-00105829|001
pgArtwork|POA-10022679|001
Packaging Material Part|91563895|002
pgIllustration|ILST-00018099|002
pgArtwork|POA-00107017|001
Packaging Material Part|91689258|004
pgMasterPackagingMaterialPart|MPMP-00056112|002
pgArtwork|POA-00107488|001
pgArtwork|POA-00107533|001
Packaging Material Part|90536152|001
Packaging Material Part|90501255|001
Packaging Material Part|90504744|001
Packaging Material Part|90540731|001
Packaging Material Part|90515595|001
pgMasterPackagingMaterialPart|MPMP-00075883|001
pgMasterPackagingMaterialPart|MPMP-00075910|001
pgMasterPackagingMaterialPart|MPMP-00075909|001
pgArtwork|POA-00108498|001
pgArtwork|POA-00108494|001
pgOnlinePrintingPart|90712130|002
pgOnlinePrintingPart|90804399|002
pgOnlinePrintingPart|90804398|002
pgOnlinePrintingPart|91539943|002
pgOnlinePrintingPart|90804402|002
pgOnlinePrintingPart|90712167|002
pgOnlinePrintingPart|90804401|002
pgOnlinePrintingPart|90712071|002
pgOnlinePrintingPart|91552898|002
Packaging Material Part|90556114|001
pgArtwork|POA-10023542|001
pgArtwork|POA-00108711|001
pgArtwork|POA-00108751|001
pgArtwork|POA-00108750|001
pgArtwork|POA-00108712|001
pgArtwork|POA-00109102|001
pgArtwork|POA-00109100|001
pgArtwork|POA-00109098|001
pgArtwork|POA-00109099|001
pgIllustration|ILST-00020121|001
pgArtwork|POA-10023631|001
Packaging Material Part|90527020|001
Packaging Material Part|90556908|001
pgIllustration|ILST-00020120|001
pgArtwork|POA-10023630|001
pgMasterPackagingMaterialPart|MPMP-00056097|002
pgIllustration|ILST-00012203|001
pgArtwork|POA-00110955|001
Packaging Material Part|90504637|001
Packaging Material Part|90558903|001
pgArtwork|POA-00111587|001
pgArtwork|POA-00111589|001
pgMasterPackagingMaterialPart|MPMP-00056101|002
pgArtwork|POA-00112260|001
pgArtwork|POA-00112249|001
Packaging Material Part|90519950|001
pgArtwork|POA-10023618|001
Packaging Material Part|90571204|001
pgArtwork|POA-10022220|001
Packaging Material Part|91736494|001
Packaging Material Part|91743372|001
Packaging Material Part|90602603|001
Packaging Material Part|90628497|001
Packaging Material Part|90628490|001
POA|POA-00114528|001
Packaging Material Part|90628492|001
pgIllustration|ILST-00021565|001
Test Method Specification|95734869|002
pgQualitySpecification|QUAL-00001041|001
Test Method Specification|90613988|001
Packaging Assembly Part|90571848|001
POA|POA-00114529|001
Packaging Material Part|91990093|002
pgArtwork|POA-10024377|001
pgMasterPackagingMaterialPart|MPMP-00075554|001
Packaging Material Part|91340185|001
pgIllustration|ILST-00016275|002
pgArtwork|POA-10024594|001
Packaging Material Part|90612823|001
pgArtwork|POA-10024386|001
Packaging Material Part|90626114|001
pgArtwork|POA-10024392|001
pgArtwork|POA-10024389|001
Packaging Material Part|90626113|001
Packaging Material Part|90631665|001
pgArtwork|POA-10024984|001
Packaging Material Part|90612350|001
Packaging Material Part|90612351|001
pgArtwork|POA-10024248|001
Packaging Material Part|90631794|001
Packaging Material Part|90615537|001
Packaging Material Part|90573619|001
Packaging Material Part|90587044|001
Packaging Material Part|90604140|001
Packaging Material Part|90604319|001
pgMasterPackagingMaterialPart|MPMP-00077731|001
Packaging Material Part|90614450|001
Packaging Material Part|90572080|001
pgArtwork|POA-00116767|001
pgArtwork|POA-00116766|001
pgAncillaryPackagingMaterialPart|APMP-00002227|001
pgIllustration|ILST-00020078|001
Packaging Material Part|90564176|001
Packaging Material Part|90567305|001
Packaging Material Part|90610374|001
Packaging Material Part|90567307|001
Packaging Material Part|90579020|001
Packaging Material Part|90595143|001
Packaging Material Part|90579019|001
Packaging Material Part|90564177|001
Packaging Material Part|90564175|001
Packaging Material Part|90564173|001
Packaging Material Part|90595142|001
Packaging Material Part|90588492|001
pgArtwork|POA-10023615|001
Packaging Material Part|90560562|001
Packaging Material Part|90505691|001
pgArtwork|POA-10023616|001
Packaging Material Part|91431438|002
Packaging Material Part|90608671|001
Packaging Material Part|90640762|001
Packaging Material Part|90609102|001
Packaging Material Part|90609011|001
Packaging Material Part|90640691|001
pgArtwork|POA-00120368|001
pgArtwork|POA-00120487|001
pgIllustration|96819892|002
pgArtwork|POA-10023617|001
pgArtwork|POA-10023619|001
Packaging Material Part|90560557|003
Packaging Material Part|90532670|002
Packaging Material Part|91615592|003
Packaging Material Part|90521353|002
Packaging Material Part|90646438|001
Packaging Material Part|90566213|001
pgIllustration|ILST-00022831|001
pgArtwork|POA-10025937|001
Packaging Material Part|90580553|001
pgArtwork|POA-10025939|001
Packaging Material Part|90599897|001
Packaging Material Part|90599896|001
pgArtwork|POA-10025934|001
Packaging Material Part|90612469|001
pgArtwork|POA-10025938|001
Packaging Material Part|90648009|001
Packaging Material Part|90683795|001
Packaging Material Part|90564165|001
Packaging Material Part|90564163|001
Packaging Material Part|90543115|001
pgMasterPackagingMaterialPart|MPMP-00042015|001
Packaging Material Part|90543113|001
pgMasterPackagingMaterialPart|MPMP-00023934|001
Packaging Material Part|90668949|001
pgIllustration|ILST-00023199|001
Packaging Material Part|90573627|001
Packaging Material Part|90587039|001
Packaging Material Part|90615543|001
pgArtwork|POA-00121933|001
Packaging Material Part|90604143|001
Packaging Material Part|90631776|001
pgArtwork|POA-00121935|001
Packaging Material Part|90631781|001
pgArtwork|POA-00121929|001
Packaging Material Part|90586945|001
pgArtwork|POA-00123433|001
pgArtwork|POA-00123430|001
pgArtwork|POA-00123431|001
Packaging Material Part|91536243|001
pgArtwork|POA-00123979|001
pgArtwork|POA-00124329|001
pgIllustration|ILST-00010245|002
POA|POA-00119033|001
POA|POA-00119034|001
POA|POA-00119035|001
POA|POA-00119032|001
pgArtwork|POA-00124894|001
pgArtwork|POA-00125089|001
Packaging Material Part|90703016|001
pgArtwork|POA-00126022|001
pgArtwork|POA-00125113|001
Packaging Material Part|90609508|001
pgIllustration|ILST-00007266|001
pgMasterPackagingMaterialPart|MPMP-00080910|001
Packaging Material Part|90665802|001
Packaging Material Part|90718563|001
Packaging Material Part|90718541|001
Packaging Material Part|90686381|001
pgArtwork|POA-00128155|001
pgIllustration|ILST-00023999|001
Packaging Material Part|90661367|001
pgMasterPackagingMaterialPart|MPMP-00081916|001
Packaging Material Part|90648615|001
Packaging Material Part|90593279|001
Packaging Material Part|90567868|001
pgMasterPackagingMaterialPart|MPMP-00079520|001
pgIllustration|ILST-00022615|001
pgIllustration|ILST-00016316|002
Packaging Material Part|90836584|004
Packaging Material Part|90670096|001
Packaging Material Part|90719857|001
Packaging Material Part|90719841|001
pgArtwork|POA-00130698|001
Packaging Material Part|90676923|001
Packaging Material Part|90696082|001
pgMasterPackagingMaterialPart|MPMP-00082527|001
pgMasterPackagingMaterialPart|MPMP-00082526|001
Packaging Material Part|90676933|001
Packaging Material Part|90676934|001
Packaging Material Part|90737451|001
Packaging Material Part|90663655|001
pgArtwork|POA-10027826|001
pgArtwork|POA-10027824|001
pgArtwork|POA-10027825|001
pgArtwork|POA-10027827|001
Packaging Material Part|90677267|001
pgIllustration|ILST-00024463|001
Raw Material|90738287|001
pgIllustration|ILST-00000028|001
pgIllustration|ILST-00000154|001
Packaging Material Part|90696315|001
pgArtwork|POA-00131282|001
pgIllustration|ILST-00023862|001
pgMasterPackagingMaterialPart|MPMP-00020730|002
Packaging Material Part|90737225|001
Packaging Material Part|90663608|001
POA|POA-00131277|001
Packaging Material Part|90712527|001
pgMasterPackagingMaterialPart|MPMP-00020731|005
pgArtwork|POA-00122183|001
Packaging Material Part|90628755|002
pgIllustration|ILST-00010751|004
pgMasterPackagingMaterialPart|MPMP-00059255|002
Test Method Specification|95630354|002
pgIllustration|91465899|003
pgMasterPackagingMaterialPart|MPMP-00039139|003
Packaging Material Part|90605068|001
pgMasterPackagingMaterialPart|MPMP-00081606|001
pgArtwork|POA-10027158|001
pgArtwork|POA-00133841|001
Packaging Material Part|90543114|001
Packaging Material Part|90626020|001
pgArtwork|POA-00133849|001
pgIllustration|ILST-00024896|001
pgMasterPackagingMaterialPart|MPMP-00023446|002
Packaging Material Part|90766907|001
Packaging Material Part|90750228|001
Packaging Material Part|90750153|001
Packaging Material Part|90799738|001
pgArtwork|POA-10028429|001
Packaging Material Part|90747200|001
pgArtwork|POA-10028480|001
pgArtwork|POA-00134885|001
pgArtwork|POA-00135372|001
Packaging Material Part|90769519|001
Packaging Material Part|90751293|001
pgArtwork|POA-10027935|001
Packaging Material Part|90647971|001
pgArtwork|POA-10027936|001
Packaging Material Part|90647972|001
pgArtwork|POA-00136671|001
Packaging Material Part|90784836|001
pgArtwork|POA-10028582|001
Packaging Material Part|90750978|001
Packaging Material Part|90602713|001
Packaging Material Part|90645764|001
pgArtwork|POA-10026122|001
pgArtwork|POA-10028744|001
pgArtwork|POA-10028485|001
Packaging Material Part|90798390|001
Packaging Material Part|90750051|001
Packaging Material Part|90746284|001
pgArtwork|POA-10028260|001
pgArtwork|POA-10028259|001
pgArtwork|POA-10028261|001
Packaging Material Part|90610694|001
pgArtwork|POA-10028745|001
pgArtwork|POA-10026123|001
Packaging Material Part|90698772|001
Packaging Material Part|90747751|001
Packaging Material Part|90746678|001
pgMasterPackagingMaterialPart|MPMP-00083766|001
pgArtwork|POA-10028504|001
pgArtwork|POA-10028566|001
pgIllustration|ILST-00025037|001
pgArtwork|POA-10028764|001
Packaging Material Part|90742271|001
pgArtwork|POA-10028366|001
Packaging Material Part|90742288|001
pgArtwork|POA-10028365|001
Packaging Material Part|90697788|001
Packaging Material Part|90802639|001
Packaging Material Part|90802638|001
Packaging Material Part|90770401|001
Packaging Material Part|90751701|001
Packaging Material Part|90802109|001
Packaging Material Part|90770400|001
pgArtwork|POA-10028862|001
pgArtwork|POA-10028864|001
pgArtwork|POA-10028861|001
pgArtwork|POA-10028863|001
pgIllustration|ILST-00025261|001
Packaging Material Part|90681992|001
pgArtwork|POA-10027259|001
Packaging Material Part|90661334|001
Packaging Material Part|90661336|001
Packaging Material Part|90733053|001
POA|POA-00136842|001
pgMasterPackagingMaterialPart|MPMP-00039484|003
pgIllustration|96677113|002
Packaging Material Part|90802381|001
pgArtwork|POA-00139394|001
Packaging Material Part|90612550|001
pgArtwork|POA-00136056|001
Packaging Material Part|90624724|001
Packaging Material Part|90624722|001
pgArtwork|POA-00134302|001
Packaging Material Part|90624726|001
Packaging Material Part|90580908|001
pgArtwork|POA-00134300|001
pgArtwork|POA-00136055|001
Packaging Material Part|90624723|001
pgIllustration|90948920|001
pgMasterPackagingMaterialPart|MPMP-00061108|002
pgArtwork|POA-00139792|001
pgArtwork|POA-00139791|001
pgArtwork|POA-00139793|001
pgArtwork|POA-00139818|001
pgArtwork|POA-00139817|001
Packaging Material Part|91536186|001
pgArtwork|POA-00129903|001
pgArtwork|POA-00129880|001
Packaging Material Part|91738205|001
pgArtwork|POA-00121490|001
Packaging Material Part|91738206|001
Packaging Material Part|90751717|001
Packaging Material Part|91883259|003
Packaging Material Part|90823070|001
pgIllustration|60010767|004
pgMasterPackagingMaterialPart|MPMP-00043016|002
Packaging Material Part|90696556|001
pgArtwork|POA-10029581|001
pgArtwork|POA-10029582|001
Packaging Material Part|90738958|001
Packaging Material Part|90789565|001
pgIllustration|97572735|001
pgArtwork|POA-00141640|001
pgArtwork|POA-00136564|001
Packaging Material Part|91738213|001
Packaging Material Part|91767946|002
pgArtwork|POA-00136517|001
pgArtwork|POA-00135378|001
Packaging Material Part|91767944|002
Packaging Material Part|90827175|001
pgMasterPackagingMaterialPart|MPMP-00087584|001
pgIllustration|ILST-00026346|001
Packaging Material Part|90786230|001
pgArtwork|91373047|001
Packaging Material Part|91262443|003
pgArtwork|POA-00142655|001
Packaging Material Part|90822085|001
pgArtwork|POA-00136516|001
Packaging Material Part|91767947|001
pgArtwork|POA-00142864|001
pgIllustration|95885344|001
pgMasterPackagingMaterialPart|MPMP-00040025|004
Packaging Material Part|91743709|001
pgArtwork|POA-00129905|001
Packaging Material Part|91536235|001
Packaging Material Part|91536237|001
pgArtwork|POA-00129904|001
pgArtwork|POA-00130402|001
Packaging Material Part|90547037|001
Packaging Material Part|91767945|001
pgArtwork|POA-00136309|001
pgIllustration|ILST-00015334|001
pgMasterPackagingMaterialPart|MPMP-00072393|001
Packaging Material Part|90791277|001
pgArtwork|POA-00126261|001
Packaging Material Part|91738208|001
Packaging Material Part|91738214|001
pgArtwork|POA-00136906|001
pgArtwork|POA-00121104|001
Packaging Material Part|91733198|001
Packaging Material Part|91738211|001
pgArtwork|POA-00128153|001
pgArtwork|POA-00125680|001
Packaging Material Part|90544611|001
Packaging Material Part|91454908|001
pgArtwork|POA-00123977|001
pgArtwork|POA-00131969|001
Packaging Material Part|90544609|001
Packaging Material Part|91335217|001
pgArtwork|POA-00132785|001
Packaging Material Part|90811615|001
pgArtwork|POA-00136340|001
Packaging Material Part|90545124|001
Packaging Material Part|91733201|001
pgArtwork|POA-00128036|001
pgArtwork|POA-00121489|001
Packaging Material Part|91703060|001
pgArtwork|POA-00120449|001
Packaging Material Part|90545118|001
Packaging Material Part|91455232|001
pgArtwork|POA-00122847|001
Packaging Material Part|90832524|001
pgArtwork|POA-10030089|001
pgIllustration|ILST-00011188|002
Packaging Material Part|91729132|002
pgArtwork|POA-00121478|001
pgArtwork|POA-00130379|001
Packaging Material Part|90555721|001
Packaging Material Part|90547041|001
pgArtwork|POA-00130380|001
Packaging Material Part|90547039|001
pgArtwork|POA-00128179|001
pgArtwork|POA-00133866|001
Packaging Material Part|91767942|001
POA|POA-00142466|001
Packaging Material Part|90761027|001
pgArtwork|POA-00130887|001
Packaging Material Part|91177721|001
Packaging Material Part|90554501|001
pgArtwork|POA-00128686|001
Packaging Material Part|90818041|001
Packaging Material Part|91767949|001
pgArtwork|POA-00129907|001
Packaging Material Part|90754474|001
pgArtwork|POA-00137355|001
Packaging Material Part|91621087|001
pgArtwork|POA-00120450|001
Packaging Material Part|90545119|001
pgArtwork|POA-00122848|001
Packaging Material Part|90545120|001
pgArtwork|POA-00136562|001
Packaging Material Part|91738210|001
pgArtwork|POA-00137050|001
pgIllustration|97557393|002
Packaging Material Part|90733013|001
pgArtwork|POA-00137051|001
Packaging Material Part|90733038|001
Packaging Material Part|90692995|001
pgArtwork|POA-00137049|001
Packaging Material Part|90539854|001
pgArtwork|POA-00119993|001
Packaging Material Part|91300996|001
pgArtwork|POA-00137709|001
pgIllustration|90597714|003
pgMasterPackagingMaterialPart|MPMP-00040119|003
pgIllustration|97394888|002
pgIllustration|99832479|002
pgArtwork|POA-00130413|001
Packaging Material Part|91910848|001
Packaging Material Part|90565588|001
Packaging Material Part|91910856|001
pgArtwork|POA-00129882|001
Packaging Material Part|91670178|001
pgArtwork|POA-00141085|001
pgArtwork|POA-00125688|001
Packaging Material Part|91335222|001
Packaging Material Part|91273054|001
pgArtwork|POA-00128666|001
pgIllustration|ILST-00020036|001
pgMasterPackagingMaterialPart|MPMP-00073107|001
pgIllustration|ILST-00020877|001
Packaging Material Part|90749893|001
Packaging Material Part|90746230|001
Packaging Material Part|91670983|001
pgArtwork|POA-00132786|001
pgArtwork|POA-00132787|001
Packaging Material Part|91670984|001
pgIllustration|ILST-00020037|001
pgMasterPackagingMaterialPart|MPMP-00080264|001
Packaging Material Part|90746250|001
Packaging Material Part|90783468|001
Packaging Material Part|90746242|001
Packaging Material Part|90746245|001
Packaging Material Part|99525246|003
Packaging Material Part|90746253|001
pgArtwork|POA-10029634|001
Packaging Material Part|90679805|001
Packaging Material Part|90766598|001
pgArtwork|POA-10029748|001
pgArtwork|POA-00136529|001
Packaging Material Part|91947434|001
Packaging Material Part|90798303|001
pgArtwork|POA-00138769|001
Packaging Material Part|91880617|001
pgArtwork|POA-00138317|001
Packaging Material Part|91910902|001
Packaging Material Part|91739600|001
pgArtwork|POA-00141726|001
pgArtwork|POA-00138800|001
Packaging Material Part|91621094|001
pgMasterPackagingMaterialPart|MPMP-00056391|003
pgIllustration|ILST-00010752|004
pgArtwork|POA-00120537|001
Packaging Material Part|90545246|001
Packaging Material Part|91273076|001
pgArtwork|POA-00128681|001
pgArtwork|POA-00123975|001
Packaging Material Part|91177722|001
pgArtwork|POA-00137067|001
Packaging Material Part|91880618|001
pgArtwork|POA-00129900|001
Packaging Material Part|91455239|001
pgArtwork|POA-00136653|001
Packaging Material Part|90562971|001
pgArtwork|POA-00130412|001
Packaging Material Part|91433823|001
pgArtwork|POA-00132784|001
Packaging Material Part|91340096|001
pgArtwork|POA-00132779|001
Packaging Material Part|90545125|001
Packaging Material Part|91273074|001
pgArtwork|POA-00132783|001
POA|POA-00126709|001
Packaging Material Part|91536236|001
pgArtwork|POA-00126055|001
pgArtwork|POA-00136772|001
Packaging Material Part|90652022|001
Packaging Material Part|91767943|001
pgArtwork|POA-00128962|001
Packaging Material Part|91346687|001
pgArtwork|POA-00136494|001
pgArtwork|POA-00121488|001
Packaging Material Part|90531585|001
pgArtwork|POA-00140036|001
Packaging Material Part|91739602|001
Packaging Material Part|90893969|001
POA|POA-00144555|001
Packaging Material Part|91767954|001
pgArtwork|POA-00130729|001
Packaging Material Part|91732747|001
pgArtwork|POA-00136776|001
pgArtwork|POA-00126048|001
Packaging Material Part|90526807|001
pgArtwork|POA-00136563|001
Packaging Material Part|91738212|001
pgArtwork|POA-00149946|001
pgArtwork|POA-00149832|001
pgArtwork|90915586|001
Packaging Material Part|90831285|007
pgArtwork|91061272|001
Packaging Material Part|91020733|003
Packaging Material Part|91929463|001
pgArtwork|POA-00058850|001
pgStandardOperatingProcedure|95625901|001
pgStandardOperatingProcedure|90892352|003
pgStandardOperatingProcedure|90892351|003
pgStandardOperatingProcedure|90892349|004
pgStandardOperatingProcedure|90892350|004
POA|POA-00146396|001
Packaging Material Part|90783520|001
pgArtwork|POA-00153274|001
Packaging Material Part|90783523|001
pgMasterPackagingMaterialPart|MPMP-00072134|003
Packaging Material Part|90901792|001
pgIllustration|ILST-00028207|001
Packaging Material Part|90746252|001
Packaging Material Part|90798304|001
Packaging Material Part|90898678|001
Packaging Material Part|90882591|001
Packaging Material Part|90855926|001
pgMasterPackagingMaterialPart|MPMP-00044169|002
Packaging Material Part|90851193|001
pgArtwork|POA-10031480|001
pgArtwork|POA-10031481|001
Packaging Material Part|90870485|001
pgArtwork|POA-00155513|001
pgArtwork|POA-00155511|001
Packaging Material Part|90746089|001
pgIllustration|ILST-00024454|001
Packaging Material Part|90797616|001
Packaging Material Part|90749738|001
Packaging Material Part|90746091|001
Packaging Material Part|90749736|001
Packaging Material Part|90783287|001
Packaging Material Part|90746092|001
Packaging Material Part|90749737|001
pgArtwork|POA-00156454|001
Packaging Material Part|90910297|001
Packaging Material Part|90855278|001
Packaging Material Part|90855277|001
pgArtwork|POA-00156817|001
pgArtwork|POA-00156822|001
POA|POA-00154548|001
pgArtwork|POA-00147686|001
Packaging Material Part|90694741|001
Packaging Material Part|90899596|001
POA|POA-00153698|001
Packaging Material Part|91852599|002
POA|POA-00135138|001
POA|POA-00135146|001
Qualification|PQR-00073245|001
Qualification|PQR-00048244|001
Qualification|PQR-00046366|001
Packaging Material Part|90612824|002
Packaging Material Part|90927975|001
Qualification|PQR-00074310|001
pgPromotionalItemPart|90854654|002
POA|POA-00135149|001
pgQualitySpecification|QUAL-00001573|001
pgArtwork|POA-10031890|001
Packaging Material Part|90923194|001
pgIllustration|ILST-00028859|001
Packaging Material Part|90674996|001
pgArtwork|POA-00147687|001
pgArtwork|POA-00158749|001
Packaging Material Part|90891298|001
Packaging Material Part|90909946|001
Packaging Material Part|90931278|001
Packaging Material Part|90858889|001
pgArtwork|POA-10032093|001
pgArtwork|POA-10032094|001
pgArtwork|POA-10032092|001
pgArtwork|POA-10032096|001
Packaging Material Part|90890866|001
pgMasterPackagingMaterialPart|MPMP-00092418|001
pgIllustration|ILST-00029195|001
pgAncillaryPackagingMaterialPart|APMP-00002729|001
Packaging Material Part|91010309|001
POA|POA-00159208|001
Packaging Material Part|91009221|001
POA|POA-00159230|001
pgIllustration|ILST-00029299|001
pgMasterPackagingMaterialPart|MPMP-00092710|002
POA|POA-00156585|001
POA|POA-00161333|001
Packaging Material Part|90849325|002
pgIllustration|ILST-00013870|004
pgMasterPackagingMaterialPart|MPMP-00047334|001
pgIllustration|92350790|001
Packaging Material Part|90957385|001
pgMasterPackagingMaterialPart|MPMP-00041521|001
Packaging Material Part|90862411|003
Packaging Material Part|90862414|003
pgMasterPackagingMaterialPart|MPMP-00041522|002
pgQualitySpecification|QUAL-00000841|003
Packaging Material Part|91029218|001
pgIllustration|99992172|001
pgMasterPackagingMaterialPart|MPMP-00047324|001
Packaging Material Part|90980453|001
Raw Material|91026953|002
Packaging Material Part|91031715|001
pgMasterPackagingMaterialPart|MPMP-00044210|001
Packaging Material Part|90868066|002
Packaging Material Part|90747856|002
Packaging Material Part|90751146|002
Packaging Material Part|90747854|002
Packaging Material Part|90747855|002
Packaging Material Part|90747857|002
Packaging Material Part|90784874|002
Packaging Material Part|90784869|002
Packaging Material Part|90769014|002
Packaging Material Part|90784868|002
Packaging Material Part|90800646|002
Packaging Material Part|90800648|002
Packaging Material Part|90800647|002
Packaging Material Part|90800649|002
Packaging Material Part|90704749|003
POA|POA-00164662|001
pgArtwork|POA-10031376|001
pgMasterPackagingMaterialPart|MPMP-00093928|001
pgIllustration|ILST-00028290|001
Packaging Material Part|90830894|002
Packaging Material Part|90962053|001
Packaging Material Part|90984139|001
Packaging Material Part|90984140|001
Packaging Material Part|91001165|001
pgArtwork|POA-10033201|001
pgArtwork|POA-10033194|001
pgArtwork|POA-10033192|001
pgArtwork|POA-10033193|001
Packaging Material Part|90961804|001
Packaging Material Part|90983926|001
Packaging Material Part|91030722|001
Packaging Material Part|90958107|001
pgMasterPackagingMaterialPart|MPMP-00048722|003
pgQualitySpecification|QUAL-00000598|001
Packaging Material Part|90905714|001
pgArtwork|POA-00127992|001
Packaging Material Part|90579521|001
POA|POA-00155419|001
POA|POA-00155420|001
Packaging Material Part|91701853|002
pgMasterPackagingMaterialPart|MPMP-00039578|003
pgIllustration|ILST-00031146|001
Packaging Material Part|90852267|003
pgArtwork|POA-10024378|001
POA|POA-00164675|001
POA|POA-00164673|001
Packaging Material Part|91129499|001
POA|POA-00157933|001
Packaging Material Part|90500099|006
pgIllustration|ILST-00016277|001
pgIllustration|ILST-00031793|001
POA|POA-00166336|001
POA|POA-00136788|001
Packaging Material Part|90783105|001
Packaging Material Part|90897667|001
Packaging Material Part|90845423|001
Packaging Material Part|90849423|001
Packaging Material Part|90849433|001
Packaging Material Part|90863365|001
Packaging Material Part|90833750|001
Packaging Material Part|90881899|001
Packaging Material Part|90849427|001
Packaging Material Part|90845289|001
Packaging Material Part|90876291|001
Packaging Material Part|90783097|001
Packaging Material Part|90861921|001
Packaging Material Part|90849430|001
Packaging Material Part|90897672|001
Packaging Material Part|90897665|001
Packaging Material Part|90863362|001
Packaging Material Part|90892390|001
Packaging Material Part|90849424|001
Packaging Material Part|90881897|001
Packaging Material Part|90863366|001
Packaging Material Part|90814021|001
Packaging Material Part|90881894|001
Packaging Material Part|90796917|001
Packaging Material Part|90897673|001
Packaging Material Part|90845287|001
Packaging Material Part|90897676|001
Packaging Material Part|90829583|001
Packaging Material Part|90897668|001
Packaging Material Part|90881892|001
Packaging Material Part|90881891|001
Packaging Material Part|90876278|001
Packaging Material Part|90897683|001
Packaging Material Part|90863367|001
Packaging Material Part|90843413|001
Packaging Material Part|90783107|001
Packaging Material Part|90876290|001
Packaging Material Part|90849426|001
Packaging Material Part|90897684|001
pgArtwork|POA-10035215|001
pgArtwork|POA-10035227|001
pgArtwork|POA-10035147|001
pgArtwork|POA-10035209|001
pgArtwork|POA-10035154|001
pgArtwork|POA-10035206|001
pgArtwork|POA-10035205|001
pgArtwork|POA-10035144|001
pgArtwork|POA-10035142|001
pgArtwork|POA-10035220|001
pgArtwork|POA-10035143|001
pgArtwork|POA-10035152|001
pgArtwork|POA-10035204|001
pgArtwork|POA-10035146|001
pgArtwork|POA-10035148|001
pgArtwork|POA-10035214|001
pgArtwork|POA-10035218|001
pgArtwork|POA-10035208|001
pgArtwork|POA-10035228|001
pgArtwork|POA-10035213|001
pgArtwork|POA-10035219|001
pgArtwork|POA-10035229|001
pgArtwork|POA-10035203|001
pgArtwork|POA-10035201|001
pgArtwork|POA-10035149|001
pgArtwork|POA-10035216|001
pgArtwork|POA-10035211|001
pgArtwork|POA-10035230|001
pgArtwork|POA-10035231|001
pgArtwork|POA-10035153|001
pgArtwork|POA-10035156|001
pgArtwork|POA-10035221|001
pgArtwork|POA-10035150|001
pgArtwork|POA-10035217|001
pgArtwork|POA-10035212|001
pgArtwork|POA-10035145|001
pgArtwork|POA-10035155|001
pgArtwork|POA-10035202|001
pgArtwork|POA-10035207|001
POA|POA-00176726|001
POA|POA-00176727|001
POA|POA-00176728|001
Packaging Material Part|91155194|001
Test Method Specification|95625893|005
pgIllustration|ILST-00033000|001
Packaging Material Part|91083936|001
Packaging Material Part|91105704|001
Packaging Material Part|91125052|001
Packaging Material Part|91161018|001
POA|POA-00177968|001
Packaging Material Part|91152073|001
Packaging Material Part|91066330|001
Packaging Material Part|91152069|001
Packaging Material Part|91102339|001
Packaging Material Part|91102342|001
Packaging Material Part|91122715|001
Packaging Material Part|91152079|001
Packaging Material Part|91122718|001
Packaging Material Part|91102343|001
Packaging Material Part|91122720|001
pgMasterPackagingMaterialPart|MPMP-00043017|002
pgQualitySpecification|QUAL-00000651|001
pgIllustration|95392558|005
pgArtwork|POA-10034048|001
Packaging Material Part|90973416|001
pgMasterPackagingMaterialPart|MPMP-00024073|002
pgIllustration|91158798|001
pgMasterPackagingMaterialPart|MPMP-00023988|003
pgIllustration|ILST-00012497|001
pgMasterPackagingMaterialPart|MPMP-00061594|002
pgIllustration|91355152|001
pgMasterPackagingMaterialPart|MPMP-00071056|002
pgMasterPackagingMaterialPart|MPMP-00064067|002
pgIllustration|ILST-00013259|001
pgMasterPackagingMaterialPart|MPMP-00073108|002
pgIllustration|ILST-00014032|002
pgMasterPackagingMaterialPart|MPMP-00027257|002
Packaging Material Part|91081206|001
Packaging Material Part|91237539|001
Packaging Material Part|91182581|001
Packaging Material Part|91236357|001
Packaging Material Part|91166047|001
Packaging Material Part|91217833|001
Packaging Material Part|91236371|001
Packaging Material Part|91202048|001
Packaging Material Part|91166045|001
Packaging Material Part|91217841|001
Packaging Material Part|91236361|001
Packaging Material Part|91202189|001
Packaging Material Part|91166375|001
Packaging Material Part|91237534|001
Packaging Material Part|91217834|001
Packaging Material Part|91182461|001
Packaging Material Part|91217461|001
Packaging Material Part|91217463|001
Packaging Material Part|91236359|001
Packaging Material Part|91237544|001
Packaging Material Part|91202185|001
Packaging Material Part|91182576|001
Packaging Material Part|91236366|001
Packaging Material Part|91237525|001
Packaging Material Part|91166521|001
Packaging Material Part|91182463|001
pgMasterPackagingMaterialPart|MPMP-00061086|003
pgMasterPackagingMaterialPart|MPMP-00097976|001
pgIllustration|ILST-00033700|001
Packaging Material Part|91166001|002
POA|POA-00181925|001
Packaging Material Part|91356943|001
pgArtwork|POA-10036525|001
POA|POA-00181867|001
pgIllustration|91384476|001
pgMasterPackagingMaterialPart|MPMP-00055584|001
pgMasterPackagingMaterialPart|MPMP-00095886|001
Packaging Material Part|91096069|001
Packaging Material Part|91144960|001
pgArtwork|POA-10036532|001
Packaging Material Part|91183517|001
pgArtwork|POA-10036534|001
Packaging Material Part|91183528|001
Packaging Material Part|91144820|001
Packaging Material Part|91060101|001
pgArtwork|POA-10036533|001
Packaging Material Part|91183527|001
pgArtwork|POA-10036991|001
pgArtwork|POA-10036990|001
pgArtwork|POA-10036989|001
POA|POA-00149874|001
POA|POA-00149888|001
Packaging Material Part|90539045|003
Packaging Material Part|90732270|003
Packaging Material Part|90539164|003
POA|POA-00149869|001
pgArtwork|POA-10037023|001
Packaging Material Part|90964418|001
pgArtwork|POA-10037022|001
Packaging Material Part|90970003|001
POA|POA-00131910|001
Packaging Material Part|91122081|001
POA|POA-00155013|001
POA|POA-00149880|001
POA|POA-00154994|001
Packaging Material Part|91857152|005
Packaging Material Part|91782750|004
POA|POA-00155007|001
POA|POA-00149994|001
pgIllustration|ILST-00012076|002
Packaging Material Part|91741764|002
pgMasterPackagingMaterialPart|MPMP-00072530|001
Packaging Material Part|91700882|002
Packaging Material Part|91681810|002
Packaging Material Part|91154551|002
POA|POA-00150021|001
Packaging Material Part|91220497|001
POA|POA-00182615|001
POA|POA-00182642|001
pgArtwork|POA-10037070|001
POA|POA-00182656|001
POA|POA-00182549|001
POA|POA-00182580|001
POA|POA-00186664|001
POA|POA-00150001|001
pgIllustration|ILST-00027961|001
pgMasterPackagingMaterialPart|MPMP-00090789|002
pgMasterPackagingMaterialPart|MPMP-00043346|003
pgMasterPackagingMaterialPart|MPMP-00057588|002
pgIllustration|ILST-00016939|001
pgMasterPackagingMaterialPart|MPMP-00071267|002
pgIllustration|ILST-00005460|001
pgMasterPackagingMaterialPart|MPMP-00062048|002
pgIllustration|ILST-00028526|001
pgMasterPackagingMaterialPart|MPMP-00091010|002
pgIllustration|ILST-00027965|001
pgMasterPackagingMaterialPart|MPMP-00090784|002
pgIllustration|90537539|001
pgMasterPackagingMaterialPart|MPMP-00027559|003
pgIllustration|ILST-00029222|001
pgMasterPackagingMaterialPart|MPMP-00092482|002
pgIllustration|ILST-00022782|001
pgMasterPackagingMaterialPart|MPMP-00079754|002
pgMasterPackagingMaterialPart|MPMP-00040881|004
pgMasterPackagingMaterialPart|MPMP-00043345|002
pgIllustration|ILST-00027611|001
pgMasterPackagingMaterialPart|MPMP-00089503|002
Packaging Material Part|91063236|001
pgMasterPackagingMaterialPart|MPMP-00093754|001
Packaging Material Part|90960608|003
Packaging Material Part|90941501|003
Packaging Material Part|91027991|003
Packaging Material Part|91081218|001
Packaging Material Part|91121765|001
Packaging Material Part|91101641|001
pgIllustration|ILST-00035251|001
Packaging Material Part|91225091|002
pgArtwork|POA-10038005|001
Packaging Material Part|91139821|001
Packaging Material Part|91084647|001
Packaging Material Part|91220778|001
Packaging Material Part|91068219|001
Packaging Material Part|91123853|001
Packaging Material Part|91156142|001
Packaging Material Part|91244532|001
Packaging Material Part|91193725|001
Packaging Material Part|91156141|001
Packaging Material Part|91156123|001
Packaging Material Part|91156137|001
Packaging Material Part|91156355|001
Packaging Material Part|91214662|001
POA|POA-00182655|001
POA|POA-00182587|001
Packaging Material Part|91064053|001
pgIllustration|ILST-00022637|001
POA|POA-00165829|001
POA|POA-00178129|001
POA|POA-00182519|001
POA|POA-00182590|001
POA|POA-00182572|001
POA|POA-00165831|001
pgMasterPackagingMaterialPart|MPMP-00025316|002
POA|POA-00182857|001
POA|POA-00165860|001
POA|POA-00165840|001
POA|POA-00171587|001
POA|POA-00165858|001
Packaging Material Part|91243421|001
Packaging Material Part|91042386|001
POA|POA-00182633|001
POA|POA-00182651|001
pgIllustration|ILST-00036445|001
Packaging Material Part|91175359|001
pgMasterPackagingMaterialPart|MPMP-00099722|001
pgIllustration|ILST-00035173|001
Packaging Material Part|91110783|002
Packaging Material Part|91089710|002
Packaging Material Part|91049076|002
Packaging Material Part|91130566|002
Packaging Material Part|91110414|002
POA|POA-00165852|001
Packaging Material Part|91049069|002
POA|POA-00165838|001
POA|POA-00165850|001
POA|POA-00180238|001
pgIllustration|ILST-00032646|001
pgMasterPackagingMaterialPart|MPMP-00096225|003
Packaging Material Part|91065319|001
POA|POA-00155025|001
POA|POA-00172658|001
Packaging Material Part|91319385|001
Packaging Material Part|91319390|001
Packaging Material Part|91273745|001
POA|POA-00194219|001
pgIllustration|95753138|001
pgMasterPackagingMaterialPart|MPMP-00047327|001
Packaging Material Part|91343512|001
Packaging Material Part|91160139|001
POA|POA-00155027|001
Packaging Material Part|91129623|004
Packaging Material Part|91129638|004
Packaging Material Part|91086352|001
Packaging Material Part|91160140|001
Packaging Material Part|91233320|001
pgIllustration|97096862|003
pgOnlinePrintingPart|91278568|001
POA|POA-00195907|001
POA|POA-00195906|001
pgMasterPackagingMaterialPart|MPMP-00028287|002
Packaging Material Part|91082907|001
Packaging Material Part|91216630|001
Packaging Material Part|91274392|001
pgMasterPackagingMaterialPart|MPMP-00102471|001
pgIllustration|ILST-00037226|001
POA|POA-00195908|001
POA|POA-00176993|001
Packaging Material Part|91147397|002
POA|POA-00176992|001
Packaging Material Part|91147400|002
POA|POA-00173439|001
Packaging Material Part|91034482|002
POA|POA-00176994|001
Packaging Material Part|91121768|002
Packaging Material Part|90845032|002
POA|POA-00146659|001
POA|POA-00184062|001
Packaging Material Part|91169773|002
Packaging Material Part|91134497|003
POA|POA-00173472|001
Packaging Material Part|90879154|002
POA|POA-00146662|001
POA|POA-00144565|001
Packaging Material Part|90779507|002
POA|POA-00146663|001
Packaging Material Part|90845279|002
POA|POA-00173985|001
Packaging Material Part|91139846|002
pgMasterPackagingMaterialPart|MPMP-00022612|002
pgIllustration|90541366|001
pgIllustration|91452849|001
pgMasterPackagingMaterialPart|MPMP-00071112|002
POA|POA-00171349|001
POA|POA-00171332|001
POA|POA-00171329|001
Packaging Material Part|91151608|001
Packaging Material Part|91151609|001
Packaging Material Part|91065333|001
Packaging Material Part|91065329|001
pgMasterPackagingMaterialPart|MPMP-00062200|001
Packaging Material Part|91318922|001
POA|POA-00171283|001
pgArtwork|POA-10040155|001
POA|POA-00180258|001
Packaging Material Part|91159796|002
POA|POA-00177005|001
Packaging Material Part|91122577|002
Packaging Material Part|91049301|003
POA|POA-00195743|001
POA|POA-00195351|001
POA|POA-00195353|001
POA|POA-00171346|001
pgArtwork|POA-10040275|001
Packaging Material Part|91053691|004
Packaging Material Part|91099889|001
pgArtwork|POA-10040217|001
Packaging Material Part|91120580|001
pgArtwork|POA-10040239|001
pgIllustration|ILST-00038411|001
Packaging Material Part|91437676|002
POA|POA-00195477|001
Packaging Material Part|91401266|001
Packaging Material Part|90861868|002
POA|POA-00146661|001
Packaging Material Part|91342832|002
pgIllustration|ILST-00036861|001
Packaging Material Part|91415216|001
POA|POA-00171366|001
POA|POA-00193316|001
POA|POA-00171369|001
Packaging Material Part|91440996|001
Packaging Material Part|91361841|001
POA|POA-00165564|001
POA|POA-00165544|001
POA|POA-00165595|001
Packaging Material Part|91122713|001
POA|POA-00165584|001
pgIllustration|ILST-00011518|002
Packaging Material Part|91943610|001
POA|POA-00199796|001
pgOnlinePrintingPart|91358605|001
POA|POA-00199761|001
POA|POA-00200093|001
POA|POA-00200115|001
POA|POA-00200369|001
Packaging Material Part|90933447|002
pgIllustration|ILST-00015474|001
pgMasterPackagingMaterialPart|MPMP-00070260|002
pgMasterPackagingMaterialPart|MPMP-00070256|002
pgIllustration|ILST-00015473|001
pgIllustration|ILST-00015472|001
pgMasterPackagingMaterialPart|MPMP-00070259|002
pgMasterPackagingMaterialPart|MPMP-00070258|002
pgIllustration|ILST-00015471|001
pgArtwork|POA-00063576|001
pgArtwork|POA-00068077|001
pgArtwork|POA-00068086|001
pgArtwork|POA-00068083|001
pgArtwork|POA-00064909|001
pgArtwork|POA-00063578|001
pgArtwork|POA-00063580|001
pgArtwork|POA-00063577|001
pgArtwork|POA-00068085|001
pgArtwork|POA-00068082|001
pgArtwork|POA-00068079|001
pgArtwork|POA-00068080|001
pgArtwork|POA-00052332|001
pgArtwork|POA-00068087|001
pgArtwork|POA-00047360|001
pgArtwork|POA-00063579|001
pgArtwork|POA-00068084|001
pgArtwork|POA-00056374|001
pgArtwork|96240789|001
Packaging Material Part|91888196|001
Packaging Material Part|91887502|001
Packaging Material Part|91893528|001
Packaging Material Part|91888195|001
Packaging Material Part|91888208|001
Packaging Material Part|91893527|001
Packaging Material Part|91809802|002
Packaging Material Part|91893525|001
Packaging Material Part|91888198|001
Packaging Material Part|91893529|001
Packaging Material Part|91888205|001
Packaging Material Part|91702620|003
Packaging Material Part|91893526|001
Packaging Material Part|91893524|001
Packaging Material Part|91893538|001
Packaging Material Part|91893537|001
Packaging Material Part|91893536|001
Packaging Material Part|95140276|005
Packaging Material Part|91893539|001
Packaging Material Part|91910514|001
pgArtwork|91860414|001
pgArtwork|POA-00054474|001
pgArtwork|91863844|001
pgIllustration|97006927|001
pgIllustration|91220889|003
pgIllustration|90980253|002
pgQualitySpecification|95452434|002
pgQualitySpecification|98578340|002
pgMasterPackingMaterial|98578303|001
pgStandardOperatingProcedure|95625900|001
pgStandardOperatingProcedure|95734848|001
pgIllustration|ILST-00009449|001
POA|POA-00201040|001
POA|POA-00200453|001
POA|POA-00200487|001
POA|POA-00200384|001
pgOnlinePrintingPart|91385061|001
Packaging Material Part|91343437|002
POA|POA-00194732|001
pgMasterPackagingMaterialPart|MPMP-00047351|001
POA|POA-00195744|001
Packaging Material Part|91351418|002
pgIllustration|96492010|001
POA|POA-00200489|001
Packaging Material Part|91451323|001
pgIllustration|ILST-00039061|001
POA|POA-00200165|001
POA|POA-00168684|001
pgArtwork|POA-10041436|001
Packaging Material Part|91459630|001
Packaging Material Part|91459247|001
pgArtwork|POA-10041435|001
pgMasterPackagingMaterialPart|MPMP-00040127|002
pgIllustration|99392747|011
POA|POA-00196082|001
Packaging Material Part|91082376|001
pgArtwork|POA-10039841|001
Packaging Material Part|91305782|001
pgIllustration|ILST-00037494|001
pgMasterPackagingMaterialPart|MPMP-00079693|002
POA|POA-00196083|001
pgMasterPackagingMaterialPart|MPMP-00040041|004
pgIllustration|91399525|001
Packaging Material Part|91364578|002
Packaging Material Part|91428694|001
Packaging Material Part|91428693|001
Packaging Material Part|91393432|001
Packaging Material Part|91391788|001
POA|POA-00196009|001
Packaging Material Part|91469190|001
Packaging Material Part|91469192|001
pgIllustration|ILST-00037452|001
Packaging Material Part|91264693|001
Packaging Material Part|91325882|001
Packaging Material Part|91325887|001
pgIllustration|ILST-00037451|001
Packaging Material Part|91325884|001
pgArtwork|POA-10041237|001
Packaging Material Part|91325886|001
pgArtwork|POA-10042097|001
POA|POA-00183046|001
pgMasterPackagingMaterialPart|MPMP-00039378|002
pgIllustration|97347615|001
pgArtwork|POA-10042243|001
Packaging Material Part|91562931|001
Packaging Material Part|91469710|001
pgArtwork|POA-10042244|001
POA|POA-00194169|001
pgMasterPackagingMaterialPart|MPMP-00092230|003
pgMasterPackagingMaterialPart|MPMP-00092215|003
Packaging Material Part|90572328|002
POA|POA-00097987|001
pgMasterPackagingMaterialPart|MPMP-00092232|003
POA|POA-00089483|001
Packaging Material Part|90602213|002
Packaging Material Part|90585079|002
POA|POA-00097986|001
Packaging Material Part|90602957|002
Packaging Material Part|90797607|002
POA|POA-00097976|001
POA|POA-00109619|001
POA|POA-00109653|001
Packaging Material Part|90783286|002
POA|POA-00089480|001
POA|POA-00109618|001
POA|POA-00109654|001
Packaging Material Part|90746087|002
POA|POA-00109655|001
Packaging Material Part|90797611|002
Packaging Material Part|90746082|002
POA|POA-00097993|001
Packaging Material Part|90602955|002
Packaging Material Part|91337136|002
POA|POA-00090495|001
Packaging Material Part|91436805|002
POA|POA-00090496|001
POA|POA-00109652|001
Packaging Material Part|90766339|002
POA|POA-00109616|001
Packaging Material Part|90746080|002
pgMasterPackagingMaterialPart|MPMP-00092385|003
Packaging Material Part|90566416|002
POA|POA-00107864|001
POA|POA-00108866|001
POA|POA-00097992|001
Packaging Material Part|90629689|002
Packaging Material Part|90566418|002
POA|POA-00097975|001
POA|POA-00089486|001
Packaging Material Part|91436803|002
POA|POA-00089479|001
POA|POA-00108834|001
POA|POA-00097977|001
Packaging Material Part|90597520|002
Packaging Material Part|91351916|002
POA|POA-00109620|001
POA|POA-00089487|001
Packaging Material Part|90746086|002
Packaging Material Part|91332652|002
POA|POA-00089482|001
POA|POA-00109027|001
Packaging Material Part|90611861|002
POA|POA-00097994|001
Packaging Material Part|90614718|002
Packaging Material Part|91488520|001
Packaging Material Part|91520193|001
Packaging Material Part|91499459|001
Packaging Material Part|91533878|001
Packaging Material Part|91499464|001
Packaging Material Part|91517196|001
Packaging Material Part|91517150|001
Packaging Material Part|91533987|001
Packaging Material Part|91533870|001
pgMasterRawMaterialPart|60102906|005
Raw Material|10070856|036
Qualification|PQR-00076170|001
Qualification|PQR-00076169|001
pgPackingMaterial|97279306|001
pgPackingMaterial|97469746|001
pgPackingMaterial|97285384|001
pgPackingMaterial|97070059|001
pgPackingMaterial|97167689|001
pgPackingMaterial|96550457|001
pgStandardOperatingProcedure|95734849|001
pgPackingMaterial|95737376|001
pgPackingMaterial|97453611|001
pgPackingMaterial|96876824|001
pgPackingMaterial|97233650|001
pgPackingMaterial|97453555|001
pgPackingMaterial|97434654|001
pgPackingMaterial|97233655|001
pgRawMaterial|96881847|001
pgRawMaterial|99487284|002
pgRawMaterial|97045353|001
pgRawMaterial|97469765|001
pgRawMaterial|97028738|001
pgRawMaterial|99486109|002
pgRawMaterial|97469335|001
pgRawMaterial|96631938|001
pgRawMaterial|96778495|001
pgRawMaterial|91027276|001
pgRawMaterial|97054662|001
pgRawMaterial|97170898|001
pgStandardOperatingProcedure|95734850|001
pgMasterPackingMaterial|95737605|001
pgMasterPackingMaterial|97469752|001
pgMasterRawMaterial|97045346|001
pgMasterRawMaterial|95707313|001
pgMasterRawMaterial|97469334|001
pgStandardOperatingProcedure|98820247|001
pgMasterRawMaterial|99486106|003
pgArtwork|POA-10042467|001
Packaging Material Part|91521511|001
Packaging Material Part|91567569|001
pgArtwork|POA-10042466|001
pgOnlinePrintingPart|91520806|001
POA|POA-00168695|001
Packaging Material Part|91297683|001
Packaging Material Part|91313066|001
Packaging Material Part|91297687|001
Packaging Material Part|91313068|001
Packaging Material Part|91330187|001
Packaging Material Part|91283163|001
pgMasterPackagingMaterialPart|MPMP-00101714|001
pgMasterPackagingMaterialPart|MPMP-00101715|001
pgMasterPackagingMaterialPart|MPMP-00101716|001
pgMasterPackagingMaterialPart|MPMP-00101717|001
pgMasterPackagingMaterialPart|MPMP-00101718|001
pgMasterPackagingMaterialPart|MPMP-00101353|001
POA|POA-00208910|001
POA|POA-00208908|001
POA|POA-00206578|001
Packaging Material Part|90513456|001
Packaging Material Part|91454965|001
Packaging Material Part|91356944|001
pgArtwork|POA-10042600|001
pgArtwork|POA-10042598|001
pgArtwork|POA-10042608|001
pgIllustration|ILST-00036051|001
Packaging Material Part|91260985|001
Packaging Material Part|91214938|001
pgArtwork|POA-10042120|001
Packaging Material Part|91214939|001
pgArtwork|POA-10042211|001
Packaging Material Part|91569835|001
Packaging Material Part|96148359|003
pgArtwork|POA-10043285|001
Packaging Material Part|90918892|001
pgArtwork|POA-10043284|001
Packaging Material Part|90918891|001
pgArtwork|POA-10043283|001
pgArtwork|POA-10035304|001
Packaging Material Part|91019909|002
Packaging Material Part|90953157|002
pgArtwork|POA-10035301|001
Packaging Material Part|91019908|002
pgArtwork|POA-10035300|001
Packaging Material Part|91019910|002
pgArtwork|POA-10035305|001
pgArtwork|POA-10035303|001
Packaging Material Part|90974075|002
Packaging Material Part|90953158|002
pgArtwork|POA-10035302|001
pgMasterPackagingMaterialPart|MPMP-00103994|001
pgIllustration|ILST-00038708|001
pgMasterPackagingMaterialPart|MPMP-00088164|002
pgArtwork|POA-10032123|001
pgIllustration|ILST-00026729|001
Packaging Material Part|90760652|001
pgArtwork|POA-10032194|001
pgIllustration|ILST-00027007|001
pgMasterPackagingMaterialPart|MPMP-00089915|002
Packaging Material Part|90832465|001
pgArtwork|POA-10032427|001
Packaging Material Part|90796930|001
pgArtwork|POA-10032252|001
Packaging Material Part|90836528|001
pgArtwork|POA-10043259|001
Packaging Material Part|90763303|001
pgArtwork|POA-10043261|001
Packaging Material Part|90834275|001
Packaging Material Part|90834276|001
pgArtwork|POA-10043262|001
pgArtwork|POA-10043260|001
Packaging Material Part|90795469|001
pgArtwork|POA-10032431|001
Packaging Material Part|90813939|001
Packaging Material Part|90811691|001
pgArtwork|POA-10031880|001
Packaging Material Part|90796935|001
pgArtwork|POA-10032430|001
pgArtwork|POA-10032253|001
Packaging Material Part|90836612|001
Packaging Material Part|90811692|001
pgArtwork|POA-10031969|001
Packaging Material Part|90783061|001
pgArtwork|POA-10032365|001
pgArtwork|POA-10032389|001
Packaging Material Part|90836615|001
pgArtwork|POA-10032429|001
Packaging Material Part|90783101|001
Packaging Material Part|90796934|001
pgArtwork|POA-10032428|001
Packaging Material Part|91581900|001
Packaging Material Part|90813934|001
pgArtwork|POA-10032432|001
pgArtwork|POA-10043190|001
Packaging Material Part|91087254|001
Packaging Material Part|90836675|001
pgArtwork|POA-10032390|001
Packaging Material Part|90843131|001
pgArtwork|POA-10032128|001
pgMasterPackagingMaterialPart|MPMP-00108233|001
pgArtwork|POA-10043632|001
pgIllustration|ILST-00041872|001
Packaging Material Part|91583098|001
pgIllustration|ILST-00041965|001
POA|POA-00215901|001
POA|POA-00215903|001
POA|POA-00215895|001
POA|POA-00215904|001
POA|POA-00200338|001
Packaging Material Part|91182578|002
POA|POA-00200432|001
Packaging Material Part|91166518|002
Packaging Material Part|91486009|001
Packaging Material Part|91518180|001
Packaging Material Part|91560994|001
Packaging Material Part|91574713|001
Packaging Material Part|91590024|001
Packaging Material Part|90751607|003
pgArtwork|POA-10044747|001
pgIllustration|ILST-00040605|001
pgMasterPackagingMaterialPart|MPMP-00104053|003
Packaging Material Part|91505518|001
Packaging Material Part|91346249|001
pgArtwork|POA-10044772|001
pgArtwork|POA-10044850|001
Packaging Material Part|91370383|001
Packaging Material Part|91409346|001
Packaging Material Part|91370429|001
Packaging Material Part|91389252|001
pgIllustration|ILST-00020326|001
Packaging Material Part|91617522|001
Packaging Material Part|91601547|001
pgIllustration|ILST-00024467|001
Packaging Material Part|91613523|001
pgIllustration|ILST-00024205|001
Packaging Material Part|91649482|001
pgIllustration|ILST-00036575|001
Packaging Material Part|91648719|001
Packaging Material Part|91613398|001
Packaging Material Part|91613581|001
Packaging Material Part|91590176|001
Packaging Material Part|91648674|001
Packaging Material Part|91649569|001
pgIllustration|ILST-00042246|001
Test Method Specification|95420858|001
Test Method Specification|95412673|001
Packaging Material Part|91613653|001
Packaging Material Part|91649568|001
Packaging Material Part|91629594|001
pgIllustration|ILST-00024204|003
Packaging Material Part|91601441|001
pgIllustration|ILST-00024203|003
Packaging Material Part|91590271|001
pgIllustration|ILST-00024201|002
Packaging Material Part|91649557|001
Packaging Material Part|91590266|001
Packaging Material Part|91613416|001
Packaging Material Part|91662049|001
Packaging Material Part|91221211|001
POA|POA-00223657|001
POA|POA-00223660|001
POA|POA-00223663|001
POA|POA-00223666|001
pgMasterPackagingMaterialPart|MPMP-00068124|001
pgIllustration|91710905|001
Packaging Material Part|91785481|003
Packaging Material Part|91414699|001
Packaging Material Part|91380290|001
Packaging Material Part|91441849|001
Packaging Material Part|91441833|001
pgArtwork|POA-10045513|001
pgArtwork|POA-10045347|001
pgArtwork|POA-10045351|001
pgArtwork|POA-10045516|001
Packaging Material Part|91787336|002
Packaging Material Part|91787335|002
Packaging Material Part|91851602|002
Packaging Material Part|91440016|003
pgIllustration|ILST-00036491|002
pgIllustration|ILST-00036489|002
pgIllustration|ILST-00036493|002
pgIllustration|ILST-00036492|002
Packaging Material Part|91636223|001
Packaging Material Part|91624763|001
pgArtwork|POA-10046009|001
pgArtwork|POA-10046006|001
Packaging Material Part|91998041|001
pgArtwork|POA-10045742|001
Packaging Material Part|91190189|001
pgArtwork|POA-10045743|001
pgMasterPackagingMaterialPart|MPMP-00068578|001
pgIllustration|ILST-00015263|001
Packaging Material Part|91943953|001
pgArtwork|POA-10046080|001
pgIllustration|ILST-00036485|002
pgIllustration|ILST-00036490|002
Packaging Material Part|91641433|001
pgArtwork|POA-10045271|001
pgArtwork|91293445|001
Packaging Material Part|91274576|002
pgArtwork|91293425|001
Packaging Material Part|91274559|002
pgArtwork|91277274|001
Packaging Material Part|91274573|002
pgArtwork|91277270|001
Packaging Material Part|91274570|002
pgArtwork|91293444|001
Packaging Material Part|91274575|002
POA|POA-00209627|001
Packaging Material Part|91357595|003
Packaging Material Part|91323089|003
POA|POA-00227415|001
pgMasterPackagingMaterialPart|MPMP-00105073|001
pgIllustration|ILST-00039618|001
Packaging Material Part|91370835|001
Packaging Material Part|91424537|001
pgArtwork|POA-10044894|001
pgArtwork|POA-10044893|001
Packaging Material Part|91696718|001
Packaging Material Part|91190190|001
pgArtwork|POA-10046506|001
pgArtwork|POA-10046410|001
Packaging Material Part|91754685|001
pgArtwork|POA-10046495|001
pgArtwork|POA-10046496|001
Packaging Material Part|91726440|001
POA|POA-00233347|001
POA|POA-00233351|001
pgIllustration|90765376|002
Packaging Material Part|90765259|003
POA|POA-00210762|001
pgIllustration|90738429|003
POA|POA-00210619|001
POA|POA-00210764|001
Qualification|PQR-00076168|002
POA|POA-00235684|001
POA|POA-00210765|001
POA|POA-00237156|001
POA|POA-00235022|001
Packaging Material Part|91746398|001
Packaging Material Part|91764124|001
Packaging Material Part|91740988|001
pgMasterPackagingMaterialPart|MPMP-00069246|001
Packaging Material Part|91668885|001
Packaging Material Part|91668884|001
pgIllustration|ILST-00046150|001
Packaging Material Part|91500333|002
Packaging Material Part|91788523|001
pgIllustration|ILST-00047885|001
Packaging Assembly Part|91777861|002
pgMasterPackagingMaterialPart|MPMP-00028945|003
pgIllustration|ILST-00024223|002
pgMasterPackagingMaterialPart|MPMP-00039258|004
pgIllustration|99990789|002
pgIllustration|99915858|001
pgArtwork|POA-10047822|001
Packaging Material Part|91641436|002
Packaging Material Part|91747338|001
Packaging Material Part|91813398|001
POA|POA-00210752|001
pgArtwork|POA-10048227|001
pgArtwork|POA-10048225|001
pgIllustration|ILST-00027009|002
pgIllustration|ILST-00027008|002
POA|POA-00219098|001
pgIllustration|ILST-00012834|003
POA|POA-00237794|001
POA|POA-00246974|001
Packaging Material Part|91770217|001
Packaging Material Part|91780131|001
POA|POA-00246961|001
POA|POA-00246964|001
Packaging Material Part|91747403|001
Packaging Material Part|91134556|005
pgIllustration|ILST-00031792|001
pgIllustration|99927000|002
pgMasterPackagingMaterialPart|MPMP-00041093|005
pgMasterPackagingMaterialPart|MPMP-00026141|003
pgMasterPackagingMaterialPart|MPMP-00041092|006
pgIllustration|99926992|003
pgMasterPackagingMaterialPart|MPMP-00041094|005
pgArtwork|POA-10048646|001
Packaging Material Part|91747211|001
pgArtwork|POA-10046418|001
Packaging Material Part|91288309|003
pgMasterPackagingMaterialPart|MPMP-00113573|003
pgIllustration|ILST-00045830|001
Packaging Material Part|91717257|003
Packaging Material Part|91827980|001
Packaging Material Part|91801308|001
Packaging Material Part|91706918|001
Packaging Material Part|91740943|001
pgArtwork|POA-10049083|001
pgArtwork|POA-10049082|001
pgMasterPackagingMaterialPart|MPMP-00096383|001
POA|POA-00180288|001
Packaging Material Part|91148969|002
POA|POA-00180230|001
Packaging Material Part|91140290|002
Packaging Material Part|91101240|002
POA|POA-00179560|001
Packaging Material Part|91536187|002
pgArtwork|POA-00129902|001
Packaging Material Part|91536212|002
pgArtwork|POA-00130888|001
pgArtwork|POA-00145145|001
Packaging Material Part|90511970|002
pgIllustration|ILST-00026730|001
pgMasterPackagingMaterialPart|MPMP-00088275|001
Packaging Material Part|90830674|002
pgMasterPackagingMaterialPart|MPMP-00088283|002
Packaging Material Part|90830675|002
pgIllustration|ILST-00026732|001
Packaging Material Part|90709987|003
pgArtwork|POA-00157217|001
pgArtwork|POA-00137351|001
Packaging Material Part|90564233|002
pgArtwork|POA-00135462|001
Packaging Material Part|90652021|002
Packaging Material Part|91676544|003
Packaging Material Part|90624472|002
pgArtwork|POA-10024260|001
Packaging Material Part|91947819|002
pgMasterPackagingMaterialPart|MPMP-00095887|001
POA|POA-00172663|001
Packaging Material Part|91116282|002
pgIllustration|ILST-00027612|001
pgMasterPackagingMaterialPart|MPMP-00089504|002
Packaging Material Part|90861043|002
POA|POA-00146398|001
pgArtwork|POA-10042331|001
pgMasterPackagingMaterialPart|MPMP-00106684|001
pgIllustration|ILST-00040841|001
Packaging Material Part|91566187|002
Packaging Material Part|90580557|002
pgArtwork|POA-10025940|001
pgArtwork|POA-10025936|001
Packaging Material Part|90612467|002
Packaging Material Part|90710961|002
pgArtwork|POA-00137690|001
pgMasterPackagingMaterialPart|MPMP-00044171|003
POA|POA-00172671|001
Packaging Material Part|91057247|002
pgMasterPackagingMaterialPart|MPMP-00075968|002
pgIllustration|ILST-00019386|001
Packaging Material Part|90569832|002
pgArtwork|POA-00120488|001
Packaging Material Part|91958233|002
Packaging Material Part|90702983|002
pgArtwork|POA-00139279|001
Packaging Material Part|91940483|002
Packaging Material Part|91202891|003
pgArtwork|POA-10037162|001
pgMasterPackagingMaterialPart|MPMP-00099019|001
pgIllustration|ILST-00034548|001
Packaging Material Part|91311776|002
pgArtwork|POA-10039177|001
Packaging Material Part|91940524|002
pgMasterPackagingMaterialPart|MPMP-00044164|003
pgArtwork|POA-00145004|001
Packaging Material Part|90823735|003
Packaging Material Part|90505143|003
pgArtwork|POA-00131629|001
pgMasterPackagingMaterialPart|MPMP-00081244|002
pgIllustration|ILST-00023071|001
Packaging Material Part|90667445|002
pgArtwork|POA-00124578|001
Packaging Material Part|90571935|002
POA|POA-00172670|001
Packaging Material Part|91096071|003
Packaging Material Part|91952942|002
POA|POA-00146399|001
Packaging Material Part|90893970|002
pgArtwork|POA-10039840|001
Packaging Material Part|91320639|002
pgArtwork|POA-10034620|001
Packaging Material Part|90868493|003
Packaging Material Part|91940529|002
POA|POA-00172668|001
Packaging Material Part|91140279|002
pgArtwork|POA-00139433|001
Packaging Material Part|90653740|002
Packaging Material Part|90624480|002
pgArtwork|POA-10025935|001
Packaging Material Part|91879952|002
POA|POA-00172667|001
Packaging Material Part|91057245|002
Packaging Material Part|91848041|001
Packaging Material Part|91781389|001
Packaging Material Part|91873549|001
Packaging Material Part|91998042|001
Packaging Material Part|91998037|001
Packaging Material Part|91998035|001
pgArtwork|POA-10048824|001
pgArtwork|POA-10049665|001
pgArtwork|POA-10049664|001
Packaging Material Part|91590360|002
Packaging Material Part|91629664|003
Packaging Material Part|91941114|002
Packaging Material Part|91629671|002
pgArtwork|POA-00153288|001
Packaging Material Part|90734514|002
Packaging Material Part|91956836|002
Packaging Material Part|91948429|002
pgArtwork|POA-00105065|001
pgArtwork|POA-00126859|001
Packaging Material Part|90596731|002
pgArtwork|POA-00153271|001
Packaging Material Part|90751122|002
Packaging Material Part|91953578|002
pgArtwork|POA-00153676|001
Packaging Material Part|90675343|002
Packaging Material Part|91102647|002
POA|POA-00178132|001
Packaging Material Part|91953563|002
pgArtwork|POA-00159995|001
Packaging Material Part|90822096|002
pgMasterPackagingMaterialPart|MPMP-00061592|002
pgIllustration|ILST-00012496|001
Packaging Material Part|91971111|002
pgArtwork|POA-00103503|001
Packaging Material Part|91958878|002
Packaging Material Part|90770771|002
pgArtwork|POA-00153272|001
POA|POA-00168687|001
Packaging Material Part|91030606|002
Packaging Material Part|91953565|002
pgArtwork|POA-00153273|001
Packaging Material Part|90805306|002
pgMasterPackagingMaterialPart|MPMP-00061769|002
pgIllustration|ILST-00012628|001
Packaging Material Part|91971457|003
Packaging Material Part|90939712|002
POA|POA-00168709|001
Packaging Material Part|90567685|002
pgArtwork|POA-00126235|001
Packaging Material Part|90939509|003
POA|POA-00168682|001
Packaging Material Part|91269941|002
pgArtwork|POA-00088187|001
POA|POA-00157906|001
Packaging Material Part|90866290|003
Packaging Material Part|91700040|003
Packaging Material Part|91953575|002
pgArtwork|POA-00116765|001
Packaging Material Part|91953566|002
pgArtwork|POA-00103871|001
pgArtwork|POA-00153270|001
Packaging Material Part|90675396|002
POA|POA-00168691|001
Packaging Material Part|90959618|002
Packaging Material Part|91951574|002
pgArtwork|POA-00126236|001
Packaging Material Part|90596733|002
pgArtwork|POA-00159749|001
Packaging Material Part|90754476|002
POA|POA-00178134|001
Packaging Material Part|91066918|002
pgMasterPackagingMaterialPart|MPMP-00061717|002
Packaging Material Part|91947612|002
pgIllustration|ILST-00012591|001
POA|POA-00157929|001
Packaging Material Part|90864424|002
Packaging Material Part|91432556|002
pgArtwork|POA-00088188|001
pgArtwork|POA-00151524|001
Packaging Material Part|90734970|002
POA|POA-00168704|001
Packaging Material Part|90981874|002
Packaging Material Part|91649600|002
Packaging Material Part|91649586|002
Packaging Material Part|91613719|002
pgMasterPackagingMaterialPart|MPMP-00088858|004
pgIllustration|ILST-00020286|001
Packaging Material Part|91841345|001
Packaging Material Part|91850017|001
Packaging Material Part|91828587|001
pgMasterPackagingMaterialPart|MPMP-00097058|003
pgMasterPackagingMaterialPart|MPMP-00098292|004
pgMasterPackagingMaterialPart|MPMP-00102079|002
pgMasterPackagingMaterialPart|MPMP-00103745|002
pgMasterPackagingMaterialPart|MPMP-00097052|005
pgMasterPackagingMaterialPart|MPMP-00098019|005
Packaging Material Part|91249010|002
Packaging Material Part|90760573|002
pgOnlinePrintingPart|91897256|001
Packaging Material Part|91897143|001
Packaging Material Part|91850683|001
Packaging Material Part|91842356|001
Packaging Material Part|91850753|001
pgArtwork|POA-10050014|001
pgArtwork|POA-10050010|001
pgArtwork|POA-10049994|001
pgArtwork|POA-10049995|001
POA|POA-00230671|001
Packaging Material Part|91618751|002
Packaging Material Part|91618735|002
POA|POA-00230668|001
POA|POA-00204206|001
Packaging Material Part|91452145|002
POA|POA-00230665|001
Packaging Material Part|91594968|002
POA|POA-00230662|001
Packaging Material Part|91660592|002
POA|POA-00230659|001
Packaging Material Part|91618586|002
POA|POA-00230656|001
Packaging Material Part|91660645|002
pgIllustration|ILST-00004419|004
pgIllustration|ILST-00004374|002
pgIllustration|ILST-00031923|002
pgIllustration|ILST-00004381|004
pgIllustration|ILST-00004379|002
pgIllustration|ILST-00031911|002
pgIllustration|ILST-00004531|004
POA|POA-00250288|001
Packaging Material Part|91898424|001
Packaging Material Part|91898413|001
pgArtwork|POA-10050476|001
pgArtwork|POA-10050475|001
Packaging Material Part|91706964|002
Packaging Material Part|91718442|002
Packaging Material Part|91850742|001
Packaging Material Part|91873404|001
Packaging Material Part|91842351|001
Packaging Material Part|91856013|001
Packaging Material Part|91834845|001
Packaging Material Part|91772724|001
POA|POA-00241871|001
Packaging Material Part|90929433|002
pgArtwork|91034716|001
Packaging Material Part|90929398|002
pgArtwork|91034713|001
pgArtwork|91034715|001
Packaging Material Part|90929402|002
pgArtwork|91582436|001
Packaging Material Part|90870901|003
POA|POA-00245220|001
pgArtwork|92329275|001
Packaging Material Part|92248818|002
POA|POA-00241926|001
pgArtwork|91011859|001
Packaging Material Part|90976048|002
Packaging Material Part|91096412|002
pgArtwork|91093960|001
pgArtwork|92329276|001
Packaging Material Part|92248905|002
pgArtwork|92329270|001
Packaging Material Part|92248721|002
pgArtwork|92309884|001
Packaging Material Part|92246321|002
pgArtwork|92329273|001
Packaging Material Part|92248814|002
Packaging Material Part|91839871|002
pgArtwork|91844163|001
pgArtwork|90754015|001
Packaging Material Part|90704661|002
Packaging Material Part|91096417|002
pgArtwork|91093966|001
pgIllustration|92061667|001
pgMasterPackagingMaterialPart|MPMP-00039248|002
Packaging Material Part|91902948|001
Packaging Material Part|91860521|001
Packaging Material Part|91902918|001
Packaging Material Part|91836570|001
Packaging Material Part|91902913|001
Packaging Material Part|91902637|001
Packaging Material Part|91902898|001
Packaging Material Part|91845965|001
pgArtwork|91817431|001
Packaging Material Part|91781692|002
pgArtwork|91745640|001
Packaging Material Part|91729223|002
POA|POA-00245228|001
POA|POA-00245218|001
Packaging Material Part|91704839|003
Packaging Material Part|91610568|002
pgIllustration|ILST-00053035|001
Packaging Material Part|91822577|001
Packaging Material Part|91822815|001
Packaging Material Part|91822810|001
Packaging Material Part|91838734|001
Packaging Material Part|91798545|001
Packaging Material Part|91822856|001
Packaging Material Part|91862396|001
Packaging Material Part|91810633|001
Packaging Material Part|91798528|001
Packaging Material Part|91810643|001
POA|POA-00245224|001
Packaging Material Part|91857334|001
Packaging Material Part|91844084|001
Packaging Material Part|91844029|001
Packaging Material Part|91844025|001
Packaging Material Part|91833414|001
Packaging Material Part|91867043|001
Packaging Material Part|91900344|001
Packaging Material Part|91898507|001
Packaging Material Part|91865430|001
pgArtwork|POA-10051283|001
pgArtwork|POA-10051284|001
Packaging Material Part|91687114|002
POA|POA-00241180|001
pgMasterPackagingMaterialPart|MPMP-00047331|001
pgIllustration|95753139|001
Packaging Material Part|92248723|002
pgArtwork|92329271|001
Packaging Material Part|91944788|001
Test Method Specification|91229391|005
pgRawMaterialPlantInstruction|RMPI-00000187|001
Test Method Specification|91505413|001
pgDeviceProductPart|91995328|001
Packaging Material Part|91923311|001
Packaging Material Part|91955786|001
pgArtwork|POA-00265040|001
Qualification|PQR-00078144|001
pgIllustration|ILST-00053937|001
Packaging Material Part|91923338|001
POA|POA-00255318|001
Packaging Material Part|91952122|011
Packaging Material Part|91810646|002
Packaging Material Part|91822819|002
Packaging Material Part|91061908|002
pgArtwork|POA-10036079|001
pgArtwork|POA-10051707|001
Packaging Material Part|91772625|002
Packaging Material Part|91772615|002
Packaging Material Part|96209965|002
pgArtwork|96327643|001
pgArtwork|91381328|001
Packaging Material Part|91274374|002
Packaging Material Part|91274373|002
pgArtwork|91381327|001
pgArtwork|91381326|001
Packaging Material Part|91274372|002
Packaging Material Part|91917215|001
pgMasterPackagingMaterialPart|MPMP-00121071|001
Packaging Material Part|91116945|004
POA|POA-00246250|001
POA|POA-00245202|001
POA|POA-00245243|001
Packaging Material Part|91871998|001
pgIllustration|ILST-00046541|001
pgArtwork|POA-10050919|001
Packaging Material Part|91760374|001
Packaging Material Part|91905154|001
pgMasterPackagingMaterialPart|MPMP-00114555|001
POA|POA-00245249|001
POA|POA-00245230|001
POA|POA-00217819|001
pgOnlinePrintingPart|91528581|002
Qualification|PQR-00078223|001
pgArtwork|POA-10052248|001
Packaging Material Part|91924846|001
Packaging Material Part|91963284|001
pgArtwork|POA-10052243|001
POA|POA-00266107|001
pgArtwork|POA-10052261|001
Packaging Material Part|91924897|001
pgArtwork|POA-10052260|001
Packaging Material Part|91935257|001
Qualification|PQR-00078226|001
pgAncillaryPackagingMaterialPart|APMP-00003417|002
pgMasterPackagingMaterialPart|MPMP-00042985|002
POA|POA-00264644|001
POA|POA-00264646|001
POA|POA-00264639|001
POA|POA-00264640|001
Packaging Material Part|96917268|002
pgArtwork|97084000|001
pgArtwork|96965215|001
Packaging Material Part|96413091|002
pgArtwork|96944662|001
Packaging Material Part|96917267|002
pgPromotionalItemPart|91935544|001
Qualification|PQR-00078224|001
pgMasterPackagingMaterialPart|MPMP-00078308|003
pgIllustration|ILST-00047797|001
POA|POA-00256401|001
Packaging Material Part|91762827|003
POA|POA-00245234|001
POA|POA-00245236|001
pgArtwork|POA-10052364|001
Packaging Material Part|91923630|001
POA|POA-00245201|001
pgOnlinePrintingPart|91963094|001
pgArtwork|POA-10052507|001
POA|POA-00256399|001
POA|POA-00264649|001
POA|POA-00264643|001
POA|POA-00264642|001
POA|POA-00264647|001
Qualification|PQR-00078320|001
Qualification|PQR-00078321|001
Qualification|PQR-00078322|001
Packaging Material Part|91849742|003
POA|POA-00263764|001
pgArtwork|POA-10052358|001
Packaging Material Part|91935062|001
pgArtwork|POA-10052357|001
Packaging Material Part|91935059|001
Packaging Material Part|91918216|001
pgArtwork|POA-10052356|001
Packaging Material Part|91923633|001
Packaging Material Part|91907429|001
pgArtwork|POA-10052360|001
Packaging Material Part|91962977|001
pgArtwork|POA-10052359|001
Packaging Material Part|91871221|001
pgIllustration|91468695|004
pgArtwork|POA-10052361|001
Packaging Material Part|91963015|001
Packaging Material Part|91897506|001
pgArtwork|POA-10052362|001
pgArtwork|POA-10052363|001
Packaging Material Part|91897833|001
pgArtwork|POA-10052294|001
Packaging Material Part|91962051|001
Packaging Material Part|91965299|001
pgArtwork|POA-10052289|001
Packaging Material Part|91936287|001
Packaging Material Part|91908896|001
Packaging Material Part|91908897|001
Packaging Material Part|91964261|001
Packaging Material Part|91935753|001
POA|POA-00245206|001
pgOnlinePrintingPart|91967135|001
POA|POA-00245222|001
pgArtwork|POA-10052299|001
Packaging Material Part|91928786|001
Packaging Material Part|91906695|001
pgArtwork|POA-10052301|001
Packaging Material Part|91937455|001
Packaging Material Part|91915354|001
Packaging Material Part|91926953|001
pgArtwork|POA-10052981|001
POA|POA-00245246|001
POA|POA-00258454|001
pgIllustration|ILST-00026557|001
pgMasterPackagingMaterialPart|MPMP-00067074|006
Packaging Material Part|91212741|001
pgMasterPackagingMaterialPart|MPMP-00102273|001
pgArtwork|POA-10053106|001
pgIllustration|ILST-00037205|001
pgArtwork|POA-10052623|001
Packaging Material Part|91919630|002
pgIllustration|ILST-00055253|001
pgIllustration|ILST-00055240|001
pgArtwork|POA-10052621|001
Packaging Material Part|91919625|002
pgArtwork|POA-10052622|001
Packaging Material Part|91965455|002
pgArtwork|POA-10052619|001
Packaging Material Part|91965451|002
POA|POA-00271306|001
Packaging Material Part|91927984|001
Packaging Material Part|91967155|001
pgArtwork|POA-10053368|001
Packaging Material Part|91571329|001
Packaging Material Part|91805193|001
Packaging Material Part|91571331|001
Packaging Material Part|91507599|001
Packaging Material Part|91571336|001
Packaging Material Part|91779196|001
Packaging Material Part|91476805|001
Packaging Material Part|91817919|001
Packaging Material Part|91789455|001
Packaging Material Part|91490139|001
Packaging Material Part|91817917|001
Packaging Material Part|91769080|001
pgArtwork|POA-10049925|001
pgArtwork|POA-10049927|001
pgArtwork|POA-10046352|001
pgArtwork|POA-10052979|001
pgArtwork|POA-10052978|001
pgArtwork|POA-10052974|001
pgArtwork|POA-10049923|001
pgArtwork|POA-10046353|001
pgArtwork|POA-10052976|001
pgArtwork|POA-10046356|001
pgArtwork|POA-10050471|001
pgArtwork|POA-10046369|001
pgArtwork|POA-10050468|001
pgArtwork|POA-10046355|001
pgArtwork|POA-10050467|001
pgArtwork|POA-10049924|001
pgArtwork|POA-10050561|001
pgArtwork|POA-10050469|001
pgArtwork|POA-10050470|001
pgArtwork|POA-10052975|001
pgArtwork|POA-10049926|001
pgArtwork|POA-10046354|001
pgArtwork|POA-10046370|001
pgArtwork|POA-10052977|001
pgArtwork|POA-10050466|001
pgArtwork|POA-10046351|001
pgArtwork|POA-10046372|001
POA|POA-00245242|001
POA|POA-00245245|001
POA|POA-00245239|001
pgIllustration|ILST-00030206|004
pgOnlinePrintingPart|90015930|001
POA|POA-00245369|001
pgIllustration|ILST-00042096|002
pgIllustration|ILST-00042086|002
pgIllustration|ILST-00042089|002
pgIllustration|ILST-00042093|002
Packaging Material Part|91764386|002
pgArtwork|POA-10049466|001
pgArtwork|POA-10049464|001
Packaging Material Part|91746792|002
pgArtwork|POA-10049465|001
Packaging Material Part|91685203|002
Packaging Material Part|91438100|003
POA|POA-00267265|001
POA|POA-00245368|001
Raw Material|90804358|003
pgMasterRawMaterialPart|MRMP-00002080|003
POA|POA-00268410|001
POA|POA-00271152|001
POA|POA-00271148|001
POA|POA-00268414|001
POA|POA-00268370|001
POA|POA-00268367|001
POA|POA-00267252|001
pgArtwork|POA-10052082|001
pgArtwork|POA-10052080|001
pgArtwork|POA-10052083|001
pgArtwork|POA-10052086|001
pgArtwork|POA-10052085|001
pgArtwork|POA-10052079|001
POA|POA-00275061|001
pgArtwork|POA-10053988|001
Packaging Material Part|91980332|001
pgArtwork|POA-10053985|001
Packaging Material Part|90004368|001
pgArtwork|POA-10053987|001
Packaging Material Part|90009425|001
Packaging Material Part|91980322|001
pgArtwork|POA-10053986|001
pgArtwork|POA-10046350|001
Packaging Material Part|91753075|001
pgArtwork|POA-10046349|001
Packaging Material Part|91713923|001
Packaging Material Part|91713909|001
pgArtwork|POA-10046347|001
pgArtwork|POA-10046346|001
Packaging Material Part|91753070|001
pgArtwork|POA-10046343|001
Packaging Material Part|91696626|001
Packaging Material Part|91713911|001
pgArtwork|POA-10046348|001
pgIllustration|ILST-00019862|001
Packaging Material Part|90018154|001
pgMasterPackagingMaterialPart|MPMP-00123425|001
pgIllustration|ILST-00055760|001
Packaging Material Part|91916334|001
pgIllustration|97029852|005
pgIllustration|ILST-00023521|003
Packaging Material Part|92260360|003
pgArtwork|91176603|001
pgArtwork|91464409|001
Packaging Material Part|91438113|002
Packaging Material Part|91426997|002
pgArtwork|91787594|001
pgArtwork|91186939|001
Packaging Material Part|91427034|003
pgArtwork|91787596|001
Packaging Material Part|91427026|002
Packaging Material Part|96398325|004
pgArtwork|91859467|001
Packaging Material Part|91614439|001
pgArtwork|POA-10053746|001
Packaging Material Part|90011707|001
pgArtwork|POA-10054403|001
POA|POA-00255105|001
POA|POA-00245214|001
pgIllustration|ILST-00049056|003
POA|POA-00245254|001
POA|POA-00245260|001
POA|POA-00245257|001
Packaging Material Part|91907932|002
POA|POA-00269107|001
Packaging Material Part|90007801|001
POA|POA-00238172|001
POA|POA-00245256|001
Packaging Material Part|90019914|002
pgMasterPackagingMaterialPart|MPMP-00125747|001
pgIllustration|ILST-00057610|001
POA|POA-00278714|001
Packaging Material Part|91975288|001
Packaging Material Part|90019138|001
Packaging Material Part|90004489|001
Packaging Material Part|91975294|001
pgMasterPackagingMaterialPart|MPMP-00125771|001
pgMasterPackagingMaterialPart|MPMP-00126003|001
pgMasterPackagingMaterialPart|MPMP-00125993|001
pgIllustration|ILST-00055911|001
pgIllustration|ILST-00056526|001
pgIllustration|ILST-00055912|001
POA|POA-00245251|001
Packaging Material Part|90004506|001
pgMasterPackagingMaterialPart|MPMP-00126094|001
pgIllustration|ILST-00055915|001
Packaging Material Part|90019273|001
Packaging Material Part|90011192|001
pgMasterPackagingMaterialPart|MPMP-00126242|001
pgMasterPackagingMaterialPart|MPMP-00126238|001
POA|POA-00278214|001
POA|POA-00278215|001
pgIllustration|ILST-00056576|001
pgIllustration|ILST-00056544|001
Packaging Material Part|91976909|001
pgMasterPackagingMaterialPart|MPMP-00126258|001
pgIllustration|ILST-00056551|001
Packaging Material Part|90001177|001
Packaging Material Part|90019294|001
Packaging Material Part|90011152|001
pgIllustration|ILST-00056525|001
Packaging Material Part|90011094|001
pgMasterPackagingMaterialPart|MPMP-00126266|001
Packaging Material Part|90019380|001
pgMasterPackagingMaterialPart|MPMP-00126273|001
pgMasterPackagingMaterialPart|MPMP-00126269|001
pgMasterPackagingMaterialPart|MPMP-00126274|001
pgMasterPackagingMaterialPart|MPMP-00126267|001
pgIllustration|ILST-00056548|001
pgIllustration|ILST-00056575|001
pgIllustration|ILST-00056554|001
pgArtwork|POA-10055229|001
pgIllustration|ILST-00020476|001
Packaging Material Part|90041290|001
pgMasterPackagingMaterialPart|MPMP-00024312|004
POA|POA-00267106|001
Packaging Material Part|90019141|001
pgMasterPackagingMaterialPart|MPMP-00126528|001
pgIllustration|ILST-00056528|001
Packaging Material Part|90052969|001
pgIllustration|ILST-00057742|001
pgMasterPackagingMaterialPart|MPMP-00126536|001
POA|POA-00283100|001
Packaging Material Part|90015237|001
Packaging Material Part|90009472|001
pgMasterPackagingMaterialPart|MPMP-00126264|001
pgMasterPackagingMaterialPart|MPMP-00126098|001
POA|POA-00283096|001
POA|POA-00283097|001
POA|POA-00283101|001
POA|POA-00283098|001
POA|POA-00283095|001
POA|POA-00283103|001
Packaging Material Part|91466887|003
POA|POA-00278216|001
Packaging Material Part|91826476|001
Packaging Material Part|91151533|003
pgArtwork|POA-10052035|001
POA|POA-00278217|001
POA|POA-00283102|001
pgIllustration|97180136|002
pgMasterPackagingMaterialPart|MPMP-00053932|002
POA|POA-00280954|001
Packaging Material Part|91962779|001
Packaging Material Part|91962777|001
Packaging Material Part|91962768|001
Packaging Material Part|90057368|001
pgArtwork|POA-10055651|001
Packaging Material Part|91907339|001
pgArtwork|POA-10055554|001
pgArtwork|POA-10055556|001
pgArtwork|POA-10055558|001
pgArtwork|POA-10055557|001
pgIllustration|96334063|003
POA|POA-00284776|001
POA|POA-00278212|001
POA|POA-00278213|001
Packaging Material Part|90056293|001
pgMasterPackagingMaterialPart|MPMP-00126534|001
pgArtwork|91480558|001
Packaging Material Part|91480565|002
Packaging Material Part|90062449|001
POA|POA-00282247|001
Packaging Material Part|90044372|001
pgArtwork|POA-10056190|001
Packaging Material Part|90036538|001
pgArtwork|POA-10056284|001
Packaging Material Part|90047452|001
pgMasterPackagingMaterialPart|MPMP-00026588|002
pgIllustration|ILST-00059064|001
Packaging Material Part|90036271|001
POA|POA-00286759|001
Packaging Material Part|90046948|002
pgIllustration|ILST-00057912|002
POA|POA-00282653|001
POA|POA-00284213|001
Packaging Material Part|90038896|001
pgArtwork|POA-10056682|001
POA|POA-00286358|001
Packaging Material Part|90045550|001
pgMasterPackagingMaterialPart|MPMP-00127954|001
pgIllustration|ILST-00059300|001
pgIllustration|ILST-00016312|002
pgIllustration|ILST-00016315|003
pgIllustration|ILST-00016314|003
POA|POA-00255274|001
pgMasterPackagingMaterialPart|MPMP-00076134|001
Packaging Material Part|90008721|001
pgArtwork|POA-10055597|001
pgArtwork|POA-10057210|001
pgArtwork|POA-10057222|001
pgArtwork|POA-10057206|001
pgArtwork|POA-10057208|001
pgArtwork|POA-10057204|001
pgArtwork|POA-10057224|001
pgArtwork|POA-10057275|001
pgArtwork|POA-10057272|001
pgArtwork|POA-10057274|001
pgArtwork|POA-10057276|001
Packaging Material Part|90040003|001
Packaging Material Part|90077820|001
Packaging Material Part|90077749|001
Packaging Material Part|90077817|001
pgArtwork|POA-10057207|001
pgArtwork|POA-10057301|001
pgArtwork|POA-10057205|001
pgArtwork|POA-10057307|001
pgArtwork|POA-10057209|001
pgArtwork|POA-10057203|001
pgArtwork|POA-10057303|001
pgArtwork|POA-10057309|001
pgArtwork|POA-10057283|001
pgArtwork|POA-10057280|001
pgArtwork|POA-10057282|001
pgArtwork|POA-10057286|001
pgArtwork|POA-10057284|001
pgArtwork|POA-10057285|001
pgArtwork|POA-00096118|001
Packaging Material Part|91336302|002
pgArtwork|POA-00122459|001
Packaging Material Part|90524666|003
Packaging Material Part|91217424|003
POA|POA-00181955|001
pgIllustration|97557378|002
Packaging Material Part|91920429|001
Packaging Material Part|91966726|001
Packaging Material Part|91936993|001
Packaging Material Part|90060300|001
Packaging Material Part|90044905|001
Packaging Material Part|90063069|001
Packaging Material Part|90069568|001
Packaging Material Part|90084427|001
Packaging Material Part|90080041|001
Packaging Material Part|90050594|001
Packaging Material Part|90063071|001
pgArtwork|POA-10056389|001
pgArtwork|POA-10057410|001
pgArtwork|POA-10056379|001
pgArtwork|POA-10056391|001
pgArtwork|POA-10056369|001
pgArtwork|POA-10056376|001
pgArtwork|POA-10056371|001
pgIllustration|99388380|002
pgIllustration|ILST-00017561|001
pgIllustration|ILST-00017572|001
pgArtwork|POA-10057958|001
Packaging Material Part|90066624|001
pgArtwork|POA-10057726|001
POA|POA-00232723|001
Packaging Material Part|91195614|002
POA|POA-00232486|001
Packaging Material Part|91252680|002
Packaging Material Part|90052034|002
Packaging Material Part|90046245|002
pgArtwork|POA-10057924|001
pgArtwork|POA-10057927|001
pgArtwork|POA-10057929|001
pgArtwork|POA-10057921|001
pgArtwork|POA-10057982|001
pgArtwork|POA-10057922|001
pgArtwork|POA-10057925|001
pgIllustration|ILST-00055905|002
pgMasterPackagingMaterialPart|MPMP-00125962|003
POA|POA-00296481|001
POA|POA-00296480|001
Packaging Material Part|90093574|001
pgArtwork|POA-10058436|001
pgMasterPackagingMaterialPart|MPMP-00131552|001
pgIllustration|ILST-00057436|002
Packaging Material Part|90060745|001
Packaging Material Part|90037212|001
Packaging Material Part|90044839|001
Packaging Material Part|90044840|001
Packaging Material Part|90060215|001
pgOnlinePrintingPart|90045141|001
Packaging Material Part|90088022|001
pgOnlinePrintingPart|90074623|001
pgArtwork|POA-10058564|001
Packaging Material Part|90079131|002
Packaging Material Part|90095135|001
Packaging Material Part|90097453|001
pgArtwork|POA-10058804|001
Packaging Material Part|90062113|001
Packaging Material Part|90049647|001
pgIllustration|ILST-00058807|001
pgMasterPackagingMaterialPart|MPMP-00127112|001
pgIllustration|ILST-00058806|001
pgMasterPackagingMaterialPart|MPMP-00127111|001
POA|POA-00298304|001
Packaging Material Part|90076335|002
pgArtwork|POA-10058244|001
Packaging Material Part|90110160|001
pgMasterPackagingMaterialPart|MPMP-00131449|001
Qualification|PQR-00078323|002
Qualification|PQR-00076171|003
Packaging Material Part|90092144|001
pgMasterPackagingMaterialPart|MPMP-00131332|001
Packaging Material Part|91623132|001
pgMasterPackagingMaterialPart|MPMP-00132346|001
pgIllustration|ILST-00062228|001
POA|POA-00301273|001
POA|POA-00299947|001
pgMasterPackagingMaterialPart|MPMP-00131335|001
Packaging Material Part|90087005|001
pgIllustration|ILST-00061529|001
Packaging Material Part|96311581|006
POA|POA-00274573|001
Packaging Material Part|90000042|002
POA|POA-00294642|001
POA|POA-00274570|001
Packaging Material Part|90000047|002
Packaging Material Part|90095815|001
Packaging Material Part|90104565|001
POA|POA-00299935|001
Qualification|PQR-00067797|001
Qualification|PQR-00061211|001
POA|POA-00301333|001
pgIllustration|ILST-00000010|010
Packaging Material Part|90131457|001
pgArtwork|POA-10059762|001
Packaging Material Part|90126748|001
POA|POA-00306274|001
Packaging Material Part|90127536|001
Packaging Material Part|90083439|001
POA|POA-00295589|001
Packaging Material Part|91202049|002
POA|POA-00182540|001
POA|POA-00182598|001
Packaging Material Part|91236363|002
pgIllustration|ILST-00062367|001
pgMasterPackagingMaterialPart|MPMP-00132486|001
Packaging Material Part|90096186|001
POA|POA-00301463|001
pgMasterPackagingMaterialPart|MPMP-00134388|001
Packaging Material Part|90130958|001
pgIllustration|ILST-00063321|001
POA|POA-00303240|001
POA|POA-00303241|001
POA|POA-00303238|001
POA|POA-00303237|001
Packaging Material Part|91748572|002
Packaging Material Part|91748172|002
Packaging Material Part|91659532|002
Packaging Material Part|91660440|002
Packaging Material Part|91717703|002
Packaging Material Part|91709819|002
Packaging Material Part|91657540|002
Packaging Material Part|91748566|002
Packaging Material Part|91592044|002
Packaging Material Part|91617321|002
Packaging Material Part|91722275|003
pgArtwork|POA-10051185|001
Packaging Material Part|91662551|002
Packaging Material Part|91688540|002
POA|POA-00296156|001
pgIllustration|ILST-00063116|001
pgMasterPackagingMaterialPart|MPMP-00133845|001
Packaging Material Part|90828530|002
POA|POA-00308042|001
Packaging Material Part|90135239|001
pgMasterPackagingMaterialPart|MPMP-00134945|001
pgArtwork|POA-10060742|001
pgIllustration|ILST-00063890|001
pgArtwork|POA-10060823|001
pgIllustration|ILST-00019468|001
Packaging Material Part|90648616|003
pgArtwork|POA-10060821|001
Packaging Material Part|90619606|002
pgArtwork|POA-10060887|001
Packaging Material Part|90058330|001
Packaging Material Part|90049584|001
pgArtwork|POA-10060890|001
pgArtwork|POA-10060888|001
Packaging Material Part|90043761|001
pgArtwork|POA-10060906|001
pgArtwork|POA-10060894|001
Packaging Material Part|90082436|001
pgArtwork|POA-10060895|001
Packaging Material Part|90078958|001
pgArtwork|POA-10060893|001
Packaging Material Part|90082437|001
Packaging Material Part|90078961|001
pgArtwork|POA-10060899|001
pgArtwork|POA-10060896|001
Packaging Material Part|90067555|001
Packaging Material Part|90078962|001
pgArtwork|POA-10060898|001
pgArtwork|POA-10060901|001
pgArtwork|POA-10060903|001
Packaging Material Part|90030151|001
pgArtwork|POA-10060892|001
pgArtwork|POA-10060905|001
pgArtwork|POA-10060889|001
Packaging Material Part|90030150|001
pgArtwork|POA-10060904|001
Packaging Material Part|90058332|001
pgArtwork|POA-10060891|001
POA|POA-00302930|001
pgIllustration|ILST-00015766|002
pgMasterPackagingMaterialPart|MPMP-00126009|001
Packaging Material Part|90014485|002
pgIllustration|ILST-00057813|001
pgMasterPackagingMaterialPart|MPMP-00126008|001
Packaging Material Part|90004277|002
POA|POA-00310885|001
pgArtwork|POA-10046367|001
pgArtwork|POA-10046368|001
Packaging Material Part|91726142|001
pgArtwork|POA-10046366|001
Packaging Material Part|91726141|001
POA|POA-00304553|001
Packaging Material Part|90159056|001
pgOnlinePrintingPart|90150163|001
pgMasterPackagingMaterialPart|MPMP-00135351|001
Packaging Material Part|90151125|001
Packaging Material Part|90138217|001
pgIllustration|ILST-00058704|001
Packaging Material Part|90157981|001
Packaging Material Part|90138216|001
pgIllustration|ILST-00058707|001
pgIllustration|ILST-00060922|001
pgIllustration|ILST-00060921|001
Packaging Material Part|90135207|001
Packaging Material Part|90135054|001
Packaging Material Part|90157504|001
Packaging Material Part|90143170|001
Packaging Material Part|90149758|001
Packaging Material Part|90157483|001
Packaging Material Part|90135366|001
Packaging Material Part|90135365|001
Packaging Material Part|90158828|001
Packaging Material Part|90135104|001
Packaging Material Part|90157730|001
Packaging Material Part|90158812|001
Packaging Material Part|90158814|001
Packaging Material Part|90138390|001
Packaging Material Part|90158858|001
Packaging Material Part|90135375|001
Packaging Material Part|90149914|001
Packaging Material Part|90149915|001
Packaging Material Part|90149948|001
Packaging Material Part|90158145|001
Packaging Material Part|90143371|001
Packaging Material Part|90135235|001
Packaging Material Part|90158108|001
Packaging Material Part|90135232|001
Packaging Material Part|90149816|001
Packaging Material Part|90149817|001
Packaging Material Part|90138281|001
Packaging Material Part|90135274|001
Packaging Material Part|90143394|001
Packaging Material Part|90135275|001
Packaging Material Part|90150056|001
Packaging Material Part|90158790|001
Packaging Material Part|90158127|001
Packaging Material Part|90135242|001
Packaging Material Part|90150058|001
Packaging Material Part|90158808|001
Packaging Material Part|90143200|001
Packaging Material Part|90149787|001
pgArtwork|POA-10060928|001
POA|POA-00297951|001
Packaging Material Part|90093802|001
pgArtwork|POA-10061364|001
pgArtwork|POA-10061365|001
Packaging Material Part|90071731|001
pgArtwork|POA-10061524|001
pgArtwork|POA-10061525|001
pgMasterPackagingMaterialPart|MPMP-00058955|003
pgMasterPackagingMaterialPart|MPMP-00048481|002
pgArtwork|POA-10061715|001
pgArtwork|POA-10061716|001
pgArtwork|POA-10061714|001
pgArtwork|POA-10061712|001
pgArtwork|POA-10061711|001
pgArtwork|POA-10061717|001
Packaging Material Part|91194797|003
POA|POA-00186349|001
POA|POA-00182109|001
Packaging Material Part|91108846|003
POA|POA-00186330|001
Packaging Material Part|91223229|003
Packaging Material Part|91273824|002
pgQualitySpecification|QUAL-00000655|001
Packaging Material Part|91348640|002
pgArtwork|POA-10061898|001
pgArtwork|POA-10061901|001
pgIllustration|91442320|008
pgArtwork|POA-10061899|001
Packaging Material Part|91305149|002
pgArtwork|POA-10061957|001
pgArtwork|POA-10061958|001
pgArtwork|POA-10061608|001
pgArtwork|POA-10061609|001
pgArtwork|POA-10061610|001
Packaging Material Part|90142764|001
pgArtwork|POA-10062159|001
pgArtwork|POA-10062160|001
pgArtwork|POA-10062161|001
pgArtwork|POA-10062162|001
pgArtwork|POA-10062163|001
pgArtwork|POA-10062164|001
pgArtwork|POA-10062165|001
pgArtwork|POA-10062166|001
pgArtwork|POA-10062167|001
pgArtwork|POA-10062168|001
pgArtwork|POA-10062169|001
pgArtwork|POA-10062158|001
Packaging Material Part|90154435|001
Packaging Material Part|90154441|001
Packaging Material Part|90167490|001
Packaging Material Part|90142482|001
pgArtwork|POA-10062155|001
pgArtwork|POA-10062154|001
pgArtwork|POA-10062152|001
pgArtwork|POA-10062156|001
Packaging Material Part|91479503|001
Packaging Material Part|90104153|001
pgIllustration|ILST-00036810|001
pgMasterPackagingMaterialPart|MPMP-00108087|001
pgArtwork|POA-10062293|001
pgArtwork|POA-10062109|001
pgMasterPackagingMaterialPart|MPMP-00058953|004
pgMasterPackagingMaterialPart|MPMP-00048503|004
pgIllustration|96574949|002
pgIllustration|96574901|002
pgMasterPackagingMaterialPart|MPMP-00048502|005
pgIllustration|92038969|003
pgMasterPackagingMaterialPart|MPMP-00048486|004
pgMasterPackagingMaterialPart|MPMP-00048488|003
pgMasterPackagingMaterialPart|MPMP-00048508|004
pgIllustration|99738335|001
pgMasterPackagingMaterialPart|MPMP-00048509|003
pgMasterPackagingMaterialPart|MPMP-00048493|003
pgIllustration|92275146|001
pgIllustration|ILST-00019266|001
pgMasterPackagingMaterialPart|MPMP-00071501|004
pgMasterPackagingMaterialPart|MPMP-00071502|003
pgIllustration|ILST-00019267|001
POA|POA-00306269|001
pgMasterPackagingMaterialPart|MPMP-00102653|001
pgIllustration|ILST-00037600|001
Packaging Material Part|91319159|001
pgArtwork|POA-10062309|001
pgMasterPackagingMaterialPart|MPMP-00102655|001
pgIllustration|ILST-00037603|001
Packaging Material Part|91346248|001
pgArtwork|POA-10062308|001
pgIllustration|91128499|002
pgIllustration|60014490|005
pgArtwork|POA-10062877|001
pgIllustration|ILST-00065104|001
Packaging Material Part|90076153|001
Packaging Material Part|90137636|001
pgArtwork|POA-10062832|001
pgIllustration|62910559|005
pgMasterPackagingMaterialPart|MPMP-00056513|003
Packaging Material Part|90182910|001
POA|POA-00319081|001
POA|POA-00319053|001
pgArtwork|POA-10062119|001
Packaging Material Part|90163540|002
pgArtwork|POA-10062116|001
Packaging Material Part|90163542|002
pgArtwork|POA-10062113|001
Packaging Material Part|90145830|002
pgArtwork|POA-10062115|001
Packaging Material Part|90140644|002
pgArtwork|POA-10062112|001
Packaging Material Part|90145831|002
pgArtwork|POA-10062118|001
Packaging Material Part|90152192|002
Packaging Material Part|90163543|002
pgArtwork|POA-10062114|001
pgArtwork|POA-10062110|001
Packaging Material Part|90140643|002
pgArtwork|POA-10062111|001
Packaging Material Part|90152190|002
pgArtwork|POA-10062120|001
Packaging Material Part|90163539|002
pgArtwork|POA-10062117|001
Packaging Material Part|90163541|002
pgArtwork|POA-10062121|001
Packaging Material Part|90137462|002
pgOnlinePrintingPart|90182968|001
pgOnlinePrintingPart|90182971|001
POA|POA-00327514|001
POA|POA-00327517|001
Packaging Assembly Part|90215320|001
POA|POA-00319068|001
pgArtwork|POA-10063429|001
Packaging Material Part|90146505|002
POA|POA-00318730|001
POA|POA-00319000|001
Packaging Material Part|90190481|001
pgMasterPackagingMaterialPart|MPMP-00044439|003
pgArtwork|POA-10061752|001
pgIllustration|ILST-00061683|001
pgArtwork|POA-10061758|001
Packaging Material Part|90143682|001
Packaging Material Part|90159220|001
POA|POA-00319107|001
pgArtwork|POA-10062762|001
pgArtwork|POA-10062763|001
Packaging Material Part|90140057|001
Packaging Material Part|90193527|001
pgArtwork|POA-10062285|001
Packaging Material Part|90112092|001
Packaging Material Part|90151653|001
pgArtwork|POA-10062288|001
Packaging Material Part|90104187|001
pgMasterPackagingMaterialPart|MPMP-00135222|001
pgIllustration|ILST-00064769|002
Packaging Material Part|90144055|002
pgArtwork|POA-10061780|001
pgArtwork|POA-10063662|001
Packaging Material Part|90109600|001
Packaging Material Part|90162126|001
pgIllustration|95780263|028
Packaging Material Part|90180167|001
pgArtwork|POA-10063816|001
Packaging Material Part|90171810|002
Packaging Material Part|90193599|001
Packaging Material Part|90185710|001
POA|POA-00328899|001
POA|POA-00319074|001
POA|POA-00319059|001
POA|POA-00319045|001
pgIllustration|ILST-00036809|001
pgMasterPackagingMaterialPart|MPMP-00102586|002
Packaging Material Part|90210390|001
POA|POA-00319123|001
pgArtwork|POA-10063922|001
pgArtwork|POA-10063945|001
Packaging Material Part|90192670|002
Packaging Material Part|90235484|001
pgArtwork|POA-10064008|001
pgArtwork|POA-10064009|001
Packaging Material Part|90235486|001
pgArtwork|POA-10064006|001
pgArtwork|POA-10064007|001
Packaging Material Part|90235482|001
POA|POA-00319126|001
Packaging Material Part|90228789|001
pgIllustration|95153275|002
pgOnlinePrintingPart|90184520|001
pgMasterPackagingMaterialPart|MPMP-00137020|001
pgArtwork|POA-10064271|001
Packaging Material Part|90224584|001
Packaging Material Part|90236501|001
pgArtwork|POA-10064274|001
Packaging Material Part|90219486|001
pgArtwork|POA-10064273|001
pgArtwork|POA-10064272|001
Packaging Material Part|90235759|001
POA|POA-00319116|001
POA|POA-00319194|001
pgArtwork|POA-10064432|001
POA|POA-00199843|001
Packaging Material Part|91166333|002
pgIllustration|98676233|002
pgIllustration|95389923|002
pgIllustration|98673358|002
pgIllustration|98674571|002
pgIllustration|98673359|002
pgIllustration|95389924|002
Packaging Material Part|90192369|001
Packaging Material Part|90170045|001
pgMasterPackagingMaterialPart|MPMP-00139974|001
Packaging Material Part|90173214|001
pgArtwork|POA-10062287|001
Packaging Material Part|91363521|001
Packaging Material Part|91380942|001
pgArtwork|POA-10062289|001
POA|POA-00319139|001
POA|POA-00319132|001
POA|POA-00319140|001
Packaging Material Part|90236575|001
Packaging Material Part|90236158|001
Packaging Material Part|90219936|001
Packaging Material Part|90229498|001
Packaging Material Part|90229576|001
Packaging Material Part|90224687|001
Packaging Material Part|90219668|001
Packaging Material Part|90224684|001
Packaging Material Part|90236229|001
Packaging Material Part|90236159|001
Packaging Material Part|90236563|001
Packaging Material Part|90236580|001
Packaging Material Part|90236515|001
Packaging Material Part|90224686|001
Packaging Material Part|90236715|001
Packaging Material Part|90224404|001
Packaging Material Part|90224619|001
Packaging Material Part|90236157|001
Packaging Material Part|90224403|001
Packaging Material Part|90211812|001
Packaging Material Part|90229477|001
Packaging Material Part|90236564|001
Packaging Material Part|90236716|001
Packaging Material Part|90236720|001
Packaging Material Part|90236717|001
Packaging Material Part|90236711|001
Packaging Material Part|90236467|001
Packaging Material Part|90229499|001
Packaging Material Part|90229575|001
Packaging Material Part|90219938|001
Packaging Material Part|90236721|001
pgArtwork|POA-10064934|001
pgArtwork|POA-10064969|001
pgArtwork|POA-10064946|001
pgArtwork|POA-10064962|001
pgArtwork|POA-10064959|001
pgArtwork|POA-10064971|001
pgArtwork|POA-10064944|001
pgArtwork|POA-10064943|001
pgArtwork|POA-10064975|001
pgArtwork|POA-10064948|001
pgArtwork|POA-10064945|001
pgArtwork|POA-10064938|001
pgArtwork|POA-10064973|001
pgArtwork|POA-10064966|001
pgArtwork|POA-10064965|001
pgArtwork|POA-10064935|001
pgArtwork|POA-10064974|001
pgArtwork|POA-10064967|001
pgArtwork|POA-10064960|001
pgArtwork|POA-10064970|001
pgArtwork|POA-10064937|001
pgArtwork|POA-10064947|001
pgArtwork|POA-10064949|001
pgArtwork|POA-10064961|001
pgArtwork|POA-10064939|001
pgArtwork|POA-10064963|001
pgArtwork|POA-10064968|001
pgArtwork|POA-10064958|001
pgArtwork|POA-10064932|001
pgArtwork|POA-10064972|001
pgArtwork|POA-10064964|001
pgArtwork|POA-10064942|001
Packaging Material Part|90237305|001
Packaging Material Part|90244786|001
pgArtwork|POA-10065040|001
pgMasterPackagingMaterialPart|MPMP-00139936|002
pgMasterPackagingMaterialPart|MPMP-00040026|005
POA|POA-00327070|001
POA|POA-00327071|001
POA|POA-00319137|001
Packaging Material Part|90224422|001
POA|POA-00323162|001
Packaging Material Part|90236177|001
Packaging Material Part|90236178|001
POA|POA-00323163|001
Packaging Material Part|90226289|001
pgOnlinePrintingPart|90246138|001
Packaging Material Part|90226789|001
Packaging Material Part|90245735|001
Packaging Material Part|90222079|001
pgQualitySpecification|QUAL-00000697|010
pgQualitySpecification|QUAL-00000701|008
pgIllustration|91648095|002
pgMasterPackagingMaterialPart|MPMP-00043431|003
pgMasterPackagingMaterialPart|MPMP-00027536|004
Packaging Material Part|90146569|002
Packaging Material Part|90222836|001
Packaging Material Part|90222859|001
Packaging Material Part|90232409|001
pgMasterPackagingMaterialPart|MPMP-00142357|001
pgArtwork|POA-10065450|001
pgArtwork|POA-10065476|001
pgIllustration|ILST-00068971|001
pgArtwork|POA-10014093|001
Packaging Material Part|91956654|004
pgArtwork|91480562|001
Packaging Material Part|91480566|004
POA|POA-00338153|001
Packaging Material Part|90239132|001
pgArtwork|POA-10065591|001
POA|POA-00341962|001
POA|POA-00319010|001
POA|POA-00338146|001
POA|POA-00340440|001
POA|POA-00338859|001
POA|POA-00328308|001
POA|POA-00328307|001
Packaging Material Part|90235021|001
Packaging Material Part|90223859|001
Packaging Material Part|90211249|001
Packaging Material Part|90219083|001
Packaging Material Part|90223858|001
pgArtwork|POA-10065827|001
pgArtwork|POA-10065825|001
pgArtwork|POA-10065826|001
pgArtwork|POA-10065829|001
pgArtwork|POA-10065828|001
POA|POA-00342282|001
Packaging Material Part|90162890|002
POA|POA-00319200|001
POA|POA-00318968|001
pgArtwork|POA-10065983|001
Packaging Material Part|90241277|001
Packaging Material Part|90264815|001
Packaging Material Part|90249163|001
pgArtwork|POA-10065975|001
pgArtwork|POA-10066024|001
Raw Material|MEP-00039576|1
Raw Material|MEP-00044789|1
Raw Material|98534149|007
Raw Material|91206161|001
Raw Material|99758611|005
Raw Material|99699397|003
Raw Material|91246639|002
Packaging Material Part|MEP-00004140|1
Packaging Material Part|MEP-00015724|2
pgIllustration|96407270|001
Test Method Specification|95735730|001
pgIllustration|96594261|001
pgIllustration|92121390|001
pgIllustration|96407273|001
pgIllustration|96491700|001
pgSupplierInformationSheet|97548503|001
pgIllustration|96717025|001
pgIllustration|96594225|002
pgMasterPackingMaterial|92226298|002
pgMasterPackingMaterial|92226287|002
pgMasterPackingMaterial|92226296|002
pgArtwork|96764759|001
pgPackingMaterial|94513159|001
pgArtwork|96764755|001
pgPackingMaterial|94507356|001
pgArtwork|96764764|001
pgPackingMaterial|96379059|001
pgArtwork|96764775|001
pgPackingMaterial|99561287|001
pgArtwork|96764767|001
pgPackingMaterial|96379167|001
pgArtwork|96764754|001
pgPackingMaterial|92379465|001
pgArtwork|96764766|001
pgPackingMaterial|96379061|001
pgArtwork|96764768|001
pgPackingMaterial|96379168|001
pgArtwork|96764762|001
pgPackingMaterial|96359781|001
pgArtwork|96764765|001
pgPackingMaterial|96379060|001
pgArtwork|96764763|001
pgPackingMaterial|96360128|001
pgPackingMaterial|91711056|001
pgPackingMaterial|91711145|001
pgPackingMaterial|91579229|001
pgPackingMaterial|91710811|001
pgPackingMaterial|91711396|001
pgPackingMaterial|91710915|001
pgPackingMaterial|91711395|001
pgPackingMaterial|91277583|001
pgPackingMaterial|91710885|001
pgPackingMaterial|91710812|001
pgArtwork|91787925|001
pgArtwork|91787923|001
pgArtwork|91787926|001
pgArtwork|91787924|001
pgArtwork|91787927|001
pgArtwork|91787938|001
pgArtwork|91787921|001
pgArtwork|91787996|001
pgArtwork|91790028|001
pgArtwork|91800254|001
pgArtwork|91800683|001
Packaging Material Part|91710988|002
Packaging Material Part|91797488|001
Packaging Material Part|91797485|001
Packaging Material Part|91692022|001
Packaging Material Part|91797487|001
Packaging Material Part|91700193|001
Packaging Material Part|91676205|001
Packaging Material Part|91681125|001
Packaging Material Part|91797486|001
Packaging Material Part|91681127|001
Packaging Material Part|91692021|001
Packaging Material Part|91681126|001
pgArtwork|POA-00038214|001
pgArtwork|POA-00038215|001
pgArtwork|POA-00038221|001
pgArtwork|POA-00038208|001
pgArtwork|POA-00038209|001
pgArtwork|POA-00038222|001
pgArtwork|POA-00038998|001
pgArtwork|POA-00039000|001
pgArtwork|POA-00039003|001
pgArtwork|POA-00039006|001
pgArtwork|POA-00039005|001
pgMasterPackagingMaterialPart|MPMP-00039255|001
pgMasterPackagingMaterialPart|MPMP-00042727|002
pgMasterPackagingMaterialPart|MPMP-00043234|002
pgMasterPackagingMaterialPart|MPMP-00043238|002
Packaging Material Part|96630538|002
pgQualitySpecification|92313311|001
pgManufacturerMaterial|ba1659-1187359399443|001
pgManufacturerMaterial|ba1659-1187359400241|001
pgManufacturerMaterial|ba1659-1187359400613|001
pgManufacturerMaterial|ba1659-1187361229077|001
pgManufacturerMaterial|az4012-1344416409050|001
pgManufacturerMaterial|bs7377-1311238667438|001
pgManufacturerMaterial|bj3011-1218704339421|001
pgManufacturerMaterial|ao7902-1299242127204|001
pgManufacturerMaterial|tc4716-1146137884004|001
pgManufacturerMaterial|bg3002-1170927019441|001
pgManufacturerMaterial|bg7184-1174478758994|001
pgManufacturerMaterial|bg7184-1190378360011|001
pgManufacturerMaterial|ak7360-1212496004568|001
pgManufacturerMaterial|tf5864-1212399173307|001
pgManufacturerMaterial|te4347-1319110097164|001
pgManufacturerMaterial|aw3400-1306765405215|001
Packaging Material Part|MEP-00001796|1
Packaging Material Part|MEP-00003478|1
Packaging Material Part|MEP-00003602|1
pgManufacturerMaterial|at5756-1263194476731|001
pgManufacturerMaterial|at5756-1263194477423|001
pgManufacturerMaterial|at5756-1263195460162|001
pgManufacturerMaterial|at5756-1263195565287|001
Packaging Material Part|MEP-00003427|2
Packaging Material Part|MEP-00003444|2
Packaging Material Part|MEP-00015576|1
Packaging Material Part|MEP-00015582|1
Packaging Material Part|MEP-00021091|1
Packaging Material Part|MEP-00021092|1
Packaging Material Part|MEP-00010464|3
pgMasterPackingMaterial|64007897|009
pgIllustration|99410844|003
pgIllustration|92392397|001
pgIllustration|95422443|001
pgArtwork|96213732|001
pgPackingMaterial|96676370|002
pgMasterPackingMaterial|96547521|002
pgIllustration|96464628|001
pgPackingMaterial|90803492|001
pgArtwork|97431126|001
pgIllustration|97306536|001
pgMasterPackingMaterial|99246562|007
pgIllustration|98984920|002
pgIllustration|94537592|001
pgMasterPackingMaterial|99528256|002
pgIllustration|99519554|001
pgArtwork|99583448|001
pgPackingMaterial|99436919|001
pgIllustration|99486271|006
pgIllustration|64027107|002
pgIllustration|60073440|001
pgArtwork|96477299|001
pgMasterPackingMaterial|96196042|002
pgIllustration|95961669|001
pgPackingMaterial|96284668|002
pgMasterPackingMaterial|99291311|009
pgIllustration|94537593|001
pgIllustration|99418494|001
pgMasterPackingMaterial|99436249|004
pgIllustration|95957176|001
pgIllustration|98866471|002
pgMasterPackingMaterial|99499092|002
pgIllustration|99499096|002
pgArtwork|99591971|001
pgPackingMaterial|99591310|002
pgArtwork|97311248|001
pgPackingMaterial|97253531|001
pgIllustration|99486270|006
pgMasterPackingMaterial|99523823|006
pgIllustration|99746154|001
pgIllustration|92232881|003
pgPackingMaterial|99757964|001
pgArtwork|99768636|001
pgMasterPackingMaterial|99575671|002
pgIllustration|99602631|001
pgArtwork|92049837|001
pgMasterPackingMaterial|99386471|004
pgIllustration|99418450|001
pgArtwork|99552252|001
pgMasterPackingMaterial|99246568|007
pgIllustration|98965992|001
pgMasterPackingMaterial|98854030|001
pgIllustration|64027111|003
pgMasterPackingMaterial|64026354|003
pgMasterPackingMaterial|99574575|002
pgIllustration|99291256|001
pgArtwork|92080587|001
pgMasterPackingMaterial|96953311|001
pgIllustration|96173729|001
pgMasterPackingMaterial|96925339|001
pgIllustration|96452486|001
pgArtwork|92324011|001
pgIllustration|95198039|001
pgArtwork|97378876|001
pgIllustration|96333470|001
pgMasterPackingMaterial|99386465|004
pgIllustration|95953022|001
pgArtwork|99580935|001
pgMasterPackingMaterial|99332834|002
pgIllustration|99323977|001
pgIllustration|95827031|002
pgPackingMaterial|90809452|001
pgMasterPackingMaterial|99246493|005
pgIllustration|98997671|001
pgMasterPackingMaterial|96438166|002
pgIllustration|96427910|001
pgArtwork|97441865|001
pgPackingMaterial|97393759|001
pgMasterPackingMaterial|98646823|002
pgIllustration|98646819|001
pgIllustration|98640826|001
pgArtwork|99552204|001
pgPackingMaterial|99507097|001
pgArtwork|99795843|001
pgArtwork|92046220|001
pgArtwork|90543425|001
pgPackingMaterial|97605641|001
pgArtwork|99951829|001
pgMasterPackingMaterial|99313994|004
pgIllustration|99314009|001
pgArtwork|99728163|001
pgArtwork|92261858|001
pgArtwork|97568295|001
pgPackingMaterial|97505052|001
pgIllustration|97127035|005
pgArtwork|92324300|001
pgArtwork|92122611|001
pgMasterPackingMaterial|99386410|004
pgIllustration|99418443|001
pgArtwork|99610011|001
pgMasterPackingMaterial|99350710|004
pgIllustration|99418445|001
pgPackingMaterial|99495723|001
pgMasterPackingMaterial|99396059|001
pgIllustration|95931107|001
pgArtwork|92058624|001
pgArtwork|96702084|001
pgMasterPackingMaterial|95731965|001
pgIllustration|98637577|001
pgIllustration|98974629|001
pgIllustration|95553831|002
pgIllustration|98974628|001
pgMasterPackingMaterial|98854022|001
pgIllustration|64027108|003
pgArtwork|97492322|001
pgIllustration|96464618|001
pgPackingMaterial|97453870|001
pgMasterPackingMaterial|96547393|001
pgIllustration|96464621|001
pgMasterPackingMaterial|96197283|004
pgMasterPackingMaterial|99370187|003
pgIllustration|99370065|001
pgArtwork|99593544|001
pgPackingMaterial|99517395|001
pgArtwork|99733395|001
pgPackingMaterial|99612598|001
pgMasterPackingMaterial|96952727|001
pgIllustration|96739814|001
pgArtwork|97012555|001
pgPackingMaterial|96794821|001
pgMasterPackingMaterial|96791078|003
pgArtwork|97295615|001
pgPackingMaterial|97138775|001
pgArtwork|97446698|001
pgPackingMaterial|97526306|001
pgArtwork|96492456|001
pgArtwork|96535567|001
pgMasterPackingMaterial|99547899|001
pgIllustration|99547936|001
pgArtwork|97053903|001
pgPackingMaterial|96855809|003
pgMasterPackingMaterial|99643668|002
pgArtwork|96919555|001
pgIllustration|99593919|001
pgMasterPackingMaterial|99419781|001
pgArtwork|99643659|001
pgIllustration|95968637|001
pgPackingMaterial|99643665|001
pgArtwork|92197744|001
pgArtwork|92122606|001
pgMasterPackingMaterial|99545998|002
pgMasterPackingMaterial|95808523|001
pgIllustration|95828814|001
pgPackingMaterial|99640027|001
pgArtwork|96618065|001
pgPackingMaterial|96458341|001
pgArtwork|97435477|001
pgPackingMaterial|97355425|001
pgArtwork|96230396|001
pgMasterPackingMaterial|96438387|003
pgIllustration|96557602|001
pgIllustration|96421278|001
pgArtwork|96618076|001
pgPackingMaterial|96544001|001
pgArtwork|99929886|001
pgArtwork|92106621|001
pgArtwork|96303573|001
pgMasterPackingMaterial|99550936|006
pgArtwork|94528542|001
pgPackingMaterial|94504572|001
pgArtwork|96404812|001
pgPackingMaterial|96322616|001
pgArtwork|97012584|001
pgPackingMaterial|96947811|001
pgArtwork|99552210|001
pgPackingMaterial|99507261|001
pgArtwork|92069268|001
pgArtwork|90675388|001
pgPackingMaterial|97606889|001
pgArtwork|97450476|001
pgPackingMaterial|97365559|001
pgMasterPackingMaterial|98851200|001
pgMasterPackingMaterial|62911268|004
pgIllustration|96823037|001
pgArtwork|96435600|001
pgPackingMaterial|96764838|001
pgArtwork|92387311|001
pgArtwork|96943863|001
pgPackingMaterial|96753754|003
pgArtwork|99832432|001
pgArtwork|96912956|001
pgPackingMaterial|96635909|001
pgPackingMaterial|98875963|001
pgMasterPackingMaterial|95424625|004
pgIllustration|95127086|001
pgPackingMaterial|90776587|001
pgMasterPackingMaterial|60071699|004
pgMasterPackingMaterial|96818646|003
pgIllustration|96464617|001
pgArtwork|97271507|001
pgPackingMaterial|97533414|001
pgArtwork|96946757|001
pgArtwork|96940416|001
pgPackingMaterial|90776571|001
pgArtwork|97442178|001
pgPackingMaterial|97419224|001
pgArtwork|92261864|001
pgPackingMaterial|92223067|001
pgArtwork|97476213|001
pgMasterPackingMaterial|96452228|002
pgIllustration|96173732|001
pgPackingMaterial|97344348|001
pgMasterPackingMaterial|92174862|003
pgIllustration|92174113|001
pgArtwork|92244786|001
pgMasterPackingMaterial|99580711|001
pgIllustration|99607280|001
pgArtwork|96499163|001
pgPackingMaterial|96660975|001
pgMasterPackingMaterial|95820848|001
pgIllustration|95896291|001
pgArtwork|97452618|001
pgIllustration|97396923|001
pgArtwork|96968999|001
pgArtwork|96460414|001
pgMasterPackingMaterial|96163480|003
pgIllustration|96197085|001
pgPackingMaterial|96315233|002
pgMasterPackingMaterial|96953188|001
pgIllustration|96739720|001
pgPackingMaterial|90547807|001
pgArtwork|92244789|001
pgPackingMaterial|92203477|001
pgMasterPackingMaterial|99387045|005
pgArtwork|99574763|001
pgIllustration|99418485|002
pgPackingMaterial|99488391|001
pgPackingMaterial|99817031|001
pgArtwork|99728146|001
pgArtwork|97365803|001
pgPackingMaterial|97339744|001
pgArtwork|99552259|001
pgPackingMaterial|99475972|002
pgArtwork|96654319|001
pgPackingMaterial|96466583|001
pgArtwork|90509053|001
pgPackingMaterial|97479647|001
pgArtwork|96451657|001
pgArtwork|96802693|001
pgPackingMaterial|96639282|001
pgMasterPackingMaterial|99371858|001
pgIllustration|99275270|001
pgIllustration|95245408|002
pgArtwork|90675381|001
pgPackingMaterial|97590810|001
pgMasterPackingMaterial|96420997|001
pgArtwork|99776208|001
pgMasterPackingMaterial|99928428|002
pgIllustration|98541642|001
pgArtwork|96480195|001
pgPackingMaterial|96319249|002
pgIllustration|95245410|002
pgMasterPackingMaterial|95937938|001
pgIllustration|95937952|001
pgMasterPackingMaterial|99395867|002
pgArtwork|96657447|001
pgIllustration|99420698|001
pgPackingMaterial|96507590|001
pgArtwork|96956409|001
pgPackingMaterial|96832967|003
pgArtwork|96423131|001
pgPackingMaterial|96330716|001
pgArtwork|99802131|001
pgPackingMaterial|99791744|002
pgArtwork|99930958|001
pgPackingMaterial|99881680|001
pgArtwork|90625409|001
pgMasterPackingMaterial|97125337|001
pgIllustration|97128230|001
pgPackingMaterial|90574423|001
pgMasterPackingMaterial|95651425|002
pgIllustration|95655704|001
pgArtwork|92244787|001
pgMasterPackingMaterial|98854025|001
pgIllustration|64027109|003
pgArtwork|92144524|001
pgMasterPackingMaterial|92079255|002
pgIllustration|92095535|001
pgArtwork|92287159|001
pgMasterPackingMaterial|99549173|002
pgIllustration|99549158|001
pgMasterPackingMaterial|96379837|002
pgArtwork|96644803|001
pgPackingMaterial|96481089|001
pgMasterPackingMaterial|98634309|001
pgIllustration|98633186|001
pgArtwork|96435738|001
pgPackingMaterial|96800620|001
pgArtwork|99558784|001
pgPackingMaterial|99506872|001
pgArtwork|92316811|001
pgArtwork|92076310|001
pgArtwork|96778623|001
pgMasterPackingMaterial|99547588|004
pgArtwork|99702126|001
pgPackingMaterial|99632201|001
pgMasterPackingMaterial|99727987|003
pgPackingMaterial|96563322|002
pgArtwork|96794086|001
pgArtwork|96379523|001
pgMasterPackingMaterial|95865099|001
pgIllustration|95860955|001
pgArtwork|95669336|001
pgIllustration|98961898|001
pgMasterPackingMaterial|99575674|003
pgIllustration|95690426|001
pgArtwork|96921543|001
pgPackingMaterial|96868797|001
pgArtwork|92154215|001
pgMasterPackingMaterial|95706624|006
pgIllustration|95726414|002
pgIllustration|92163286|001
pgPackingMaterial|96463960|001
pgArtwork|96562958|001
pgPackingMaterial|96308183|001
pgArtwork|96461511|001
pgPackingMaterial|97013007|001
pgArtwork|97055792|001
pgPackingMaterial|96717458|001
pgArtwork|99607612|001
pgPackingMaterial|99497617|001
pgArtwork|92114574|001
pgArtwork|99586420|001
pgPackingMaterial|99526859|001
pgMasterPackingMaterial|95355419|008
pgIllustration|95355420|002
pgMasterPackingMaterial|95854633|005
pgIllustration|96662769|001
pgArtwork|99678759|001
pgPackingMaterial|99632203|001
pgArtwork|90543426|001
pgPackingMaterial|97605643|001
pgIllustration|96464627|002
pgMasterPackingMaterial|94525874|001
pgIllustration|98997670|001
pgArtwork|99765034|001
pgArtwork|96651460|001
pgPackingMaterial|96458664|001
pgArtwork|97228722|001
pgPackingMaterial|97126150|001
pgArtwork|97124247|001
pgPackingMaterial|97065836|001
pgIllustration|96763438|001
pgMasterPackingMaterial|98629014|001
pgIllustration|98625675|001
pgArtwork|96627701|001
pgPackingMaterial|96468308|001
pgArtwork|96798743|001
pgPackingMaterial|96761018|001
pgArtwork|96940273|001
pgArtwork|97468881|001
pgPackingMaterial|97346988|001
pgMasterPackingMaterial|99384534|003
pgIllustration|99384397|001
pgArtwork|99918460|001
pgPackingMaterial|92060987|002
pgArtwork|96917804|001
pgMasterPackingMaterial|98605350|002
pgIllustration|98605354|001
pgArtwork|92316773|001
pgArtwork|96729150|001
pgMasterPackingMaterial|99428450|001
pgIllustration|99414944|001
pgArtwork|92261861|001
pgPackingMaterial|92222596|001
pgIllustration|95441139|001
pgArtwork|96421145|001
pgArtwork|97398000|001
pgPackingMaterial|97347005|001
pgIllustration|98974630|001
pgArtwork|92050054|001
pgArtwork|97285714|001
pgArtwork|92120855|001
pgArtwork|96702759|001
pgArtwork|97460077|001
pgPackingMaterial|97363465|001
pgArtwork|96923987|001
pgPackingMaterial|96660174|001
pgArtwork|99733443|001
pgPackingMaterial|99612674|001
pgArtwork|92324299|001
pgArtwork|92243671|001
pgPackingMaterial|92175915|001
pgArtwork|96187058|001
pgPackingMaterial|92397377|001
pgArtwork|97467952|001
pgArtwork|99593295|001
pgPackingMaterial|95923492|001
pgPackingMaterial|99502482|002
pgArtwork|99552297|001
pgArtwork|96237219|001
pgArtwork|92058237|001
pgArtwork|97450477|001
pgPackingMaterial|97365560|001
pgArtwork|97062916|001
pgPackingMaterial|96855673|003
pgArtwork|97450483|001
pgArtwork|97059563|001
pgPackingMaterial|96929421|002
pgArtwork|96892926|001
pgPackingMaterial|96635877|001
pgArtwork|99552191|001
pgPackingMaterial|99506869|001
pgArtwork|99552287|001
pgMasterPackingMaterial|96880572|001
pgIllustration|96452494|001
pgArtwork|97480419|001
pgMasterPackingMaterial|95925015|001
pgIllustration|95785184|001
pgIllustration|96345897|001
pgPackingMaterial|90505091|001
pgArtwork|92320495|001
pgMasterPackingMaterial|99246485|003
pgArtwork|97410492|001
pgArtwork|99897312|001
pgMasterPackingMaterial|99320302|004
pgIllustration|96739717|001
pgPackingMaterial|99476913|002
pgArtwork|97456899|001
pgPackingMaterial|97355896|002
pgPackingMaterial|97347105|001
pgArtwork|97468882|001
pgMasterPackingMaterial|95890573|003
pgIllustration|95898130|001
pgArtwork|97247544|001
pgPackingMaterial|97065484|001
pgArtwork|99502869|001
pgPackingMaterial|99466523|002
pgArtwork|98971490|001
pgMasterPackingMaterial|96551119|003
pgArtwork|96757469|001
pgIllustration|96551122|001
pgPackingMaterial|96955132|001
pgArtwork|99806676|001
pgPackingMaterial|90776603|001
pgArtwork|97052899|001
pgArtwork|94517333|001
pgPackingMaterial|92205084|001
pgArtwork|97228709|001
pgPackingMaterial|97124210|001
pgArtwork|96434143|001
pgArtwork|92070622|001
pgArtwork|94528540|001
pgArtwork|99930957|001
pgPackingMaterial|99881679|001
pgMasterPackingMaterial|98628636|008
pgIllustration|98628728|001
pgArtwork|94504096|001
pgPackingMaterial|92360246|001
pgMasterPackingMaterial|92079258|002
pgIllustration|92095537|001
pgArtwork|96527817|001
pgPackingMaterial|96484320|001
pgArtwork|90534970|001
pgPackingMaterial|97581272|001
pgArtwork|96933199|001
pgArtwork|92048011|001
pgPackingMaterial|99941145|001
pgArtwork|97456793|001
pgPackingMaterial|97346993|001
pgPackingMaterial|96242000|001
pgArtwork|96315690|001
pgArtwork|92324010|001
pgArtwork|96933200|001
pgArtwork|96398174|001
pgPackingMaterial|96322625|001
pgMasterPackingMaterial|98774080|003
pgIllustration|99418440|001
pgArtwork|96971231|001
pgPackingMaterial|96793558|003
pgArtwork|96641523|001
pgPackingMaterial|96522295|002
pgArtwork|92068699|001
pgArtwork|98935465|001
pgMasterPackingMaterial|95939039|001
pgIllustration|95971392|001
pgPackingMaterial|98736023|002
pgArtwork|96166502|001
pgArtwork|96632175|001
pgPackingMaterial|96436723|001
pgArtwork|92244785|001
pgArtwork|97499304|001
pgArtwork|99702186|001
pgArtwork|96657440|001
pgPackingMaterial|96496516|001
pgArtwork|99552325|001
pgArtwork|96527816|001
pgPackingMaterial|96484090|001
pgArtwork|97232227|001
pgIllustration|96298001|001
pgMasterPackingMaterial|99361740|003
pgIllustration|99370067|001
pgArtwork|99806736|001
pgPackingMaterial|99718518|001
pgArtwork|99728125|001
pgArtwork|98805370|001
pgArtwork|96970995|001
pgPackingMaterial|96882239|001
pgArtwork|96504419|001
pgArtwork|99675276|001
pgPackingMaterial|99639807|001
pgArtwork|99693439|001
pgArtwork|94528547|001
pgArtwork|92058316|001
pgArtwork|99733391|001
pgPackingMaterial|99612492|001
pgArtwork|92010517|001
pgPackingMaterial|92024197|001
pgArtwork|96259921|001
pgMasterPackingMaterial|92201770|002
pgIllustration|92198566|001
pgPackingMaterial|94538375|001
pgArtwork|96187059|001
pgPackingMaterial|92397626|001
pgMasterPackingMaterial|94536738|002
pgPackingMaterial|99612567|001
pgArtwork|99733394|001
pgMasterPackingMaterial|96777120|001
pgIllustration|96464620|001
pgPackingMaterial|97373455|001
pgArtwork|96263965|001
pgPackingMaterial|96221224|001
pgPackingMaterial|97326673|001
pgArtwork|97409616|001
pgArtwork|90625191|001
pgPackingMaterial|90576876|001
pgArtwork|92063504|001
pgPackingMaterial|90543300|001
pgArtwork|90589057|001
pgPackingMaterial|97467519|001
pgArtwork|96696073|001
pgPackingMaterial|96598231|001
pgArtwork|92167835|001
pgArtwork|96450272|001
pgPackingMaterial|96283053|002
pgArtwork|90598797|001
pgPackingMaterial|90574453|001
pgMasterPackingMaterial|99548792|001
pgArtwork|96989894|001
pgArtwork|99552293|001
pgPackingMaterial|99502471|002
pgMasterPackingMaterial|92007787|003
Test Method Specification|95240336|002
pgIllustration|92007789|001
pgPackingMaterial|96329698|001
pgArtwork|96661339|001
pgArtwork|92084517|001
pgArtwork|96618063|001
pgPackingMaterial|96410520|001
pgArtwork|97233757|001
pgPackingMaterial|97136537|001
pgArtwork|99251174|001
pgPackingMaterial|96203899|001
pgArtwork|96473267|001
pgArtwork|96618084|001
pgArtwork|90583246|001
pgPackingMaterial|97533418|001
pgIllustration|95393355|001
pgArtwork|96631859|001
pgArtwork|99806724|001
pgPackingMaterial|99707227|001
pgMasterPackingMaterial|99421918|005
pgIllustration|92095536|001
pgIllustration|99418490|002
pgArtwork|92143605|001
pgPackingMaterial|92110126|001
pgArtwork|96352270|001
pgPackingMaterial|96266237|001
pgPackingMaterial|99558800|001
pgArtwork|96485710|001
pgArtwork|99455383|001
pgPackingMaterial|99427490|001
pgArtwork|92059657|001
pgArtwork|96683187|001
pgMasterPackingMaterial|99436329|001
pgIllustration|99433304|001
pgPackingMaterial|97379569|002
pgPackingMaterial|96508127|001
pgArtwork|96657450|001
pgArtwork|97074349|001
pgPackingMaterial|96855814|003
pgArtwork|92077061|001
pgArtwork|96647019|001
pgPackingMaterial|96522045|002
pgIllustration|96452500|002
pgPackingMaterial|97367501|001
pgArtwork|97456803|001
pgArtwork|97100795|001
pgPackingMaterial|97035744|001
pgPackingMaterial|90500717|001
pgMasterPackingMaterial|92287656|002
pgIllustration|92287642|001
pgArtwork|96896122|001
pgPackingMaterial|96762877|001
pgArtwork|99728160|001
pgArtwork|99711943|001
pgArtwork|92058626|001
pgMasterPackingMaterial|99422292|005
pgIllustration|99367751|001
pgPackingMaterial|97065485|001
pgArtwork|97228411|001
pgArtwork|96627096|001
pgPackingMaterial|96436476|001
pgPackingMaterial|96256989|001
pgArtwork|96352269|001
pgPackingMaterial|90809453|001
pgArtwork|97237805|001
pgArtwork|96627714|001
pgArtwork|97062984|001
pgPackingMaterial|96855811|003
pgMasterPackingMaterial|99505696|002
pgArtwork|92261859|001
pgArtwork|98979550|001
pgArtwork|97294516|001
pgPackingMaterial|97237921|001
pgIllustration|95245405|002
pgIllustration|58037623|001
pgArtwork|96950867|001
pgPackingMaterial|96821180|003
pgArtwork|99971296|001
pgPackingMaterial|99977561|001
pgArtwork|92049788|001
pgIllustration|96884440|001
pgPackingMaterial|97031263|001
pgArtwork|97248897|001
pgArtwork|96764889|001
pgPackingMaterial|96563320|002
pgArtwork|97100791|001
pgPackingMaterial|97035656|001
pgArtwork|96516779|001
pgMasterPackingMaterial|92380186|001
pgIllustration|96452485|001
pgArtwork|97470689|001
pgPackingMaterial|97346994|001
pgPackingMaterial|96463961|001
pgMasterPackingMaterial|95953023|001
pgArtwork|92327599|001
pgPackingMaterial|92245181|001
pgArtwork|96946758|001
pgPackingMaterial|96845376|003
pgArtwork|96618066|001
pgArtwork|97452622|001
pgPackingMaterial|97437774|001
pgArtwork|92326344|001
pgArtwork|90803482|001
pgArtwork|96733178|001
pgArtwork|96521776|001
pgArtwork|97242514|001
pgArtwork|96166554|001
pgArtwork|97086902|001
pgPackingMaterial|96993670|001
pgArtwork|94500979|001
pgArtwork|96595995|001
pgArtwork|90534969|001
pgPackingMaterial|97581264|001
pgArtwork|99502867|001
pgPackingMaterial|99466521|002
pgArtwork|92096842|001
pgArtwork|99808124|001
pgMasterPackingMaterial|95820863|001
pgIllustration|95896296|001
pgArtwork|99582468|001
pgPackingMaterial|99523581|001
pgArtwork|96633431|001
pgPackingMaterial|96468302|001
pgArtwork|97284295|001
pgPackingMaterial|97133678|001
pgArtwork|90792352|001
pgMasterPackingMaterial|98763571|001
pgIllustration|64027106|002
pgArtwork|92036588|001
pgPackingMaterial|99807406|001
pgArtwork|96933842|001
pgPackingMaterial|96845625|003
pgIllustration|96464626|001
pgArtwork|96924857|001
pgArtwork|96943859|001
pgArtwork|92063509|001
pgArtwork|96938272|001
pgPackingMaterial|96777274|001
pgArtwork|97449043|001
pgArtwork|96943860|001
pgPackingMaterial|96753729|003
pgArtwork|97228719|001
pgPackingMaterial|97126159|001
pgArtwork|97097712|001
pgPackingMaterial|96982671|001
pgArtwork|96532099|001
pgPackingMaterial|96762608|001
pgArtwork|99906883|001
pgPackingMaterial|96842870|001
pgArtwork|99492149|001
pgPackingMaterial|99457165|001
pgArtwork|99258649|001
pgPackingMaterial|90776600|001
pgArtwork|96657449|001
pgPackingMaterial|96508125|001
pgArtwork|99552331|001
pgPackingMaterial|99504922|002
pgArtwork|98849720|001
pgPackingMaterial|96842779|001
pgArtwork|96232702|001
pgPackingMaterial|97373466|001
pgArtwork|92058625|001
pgIllustration|99277737|001
pgArtwork|96353787|001
pgPackingMaterial|96266231|001
pgArtwork|92049786|001
pgArtwork|99632819|001
pgPackingMaterial|99510825|001
pgArtwork|96427180|001
pgArtwork|96363532|001
pgPackingMaterial|96166639|001
pgMasterPackingMaterial|94530570|002
pgArtwork|96571614|001
pgArtwork|92327603|001
pgPackingMaterial|92247294|001
pgArtwork|96584605|001
pgPackingMaterial|96647664|001
pgArtwork|96481253|001
pgMasterPackingMaterial|94530579|003
pgPackingMaterial|96284836|002
pgArtwork|99768607|001
pgArtwork|99558791|001
pgPackingMaterial|99506895|001
pgArtwork|96269215|001
pgPackingMaterial|97242087|001
pgMasterPackingMaterial|99421714|001
pgIllustration|99421700|001
pgArtwork|96408925|001
pgArtwork|97237800|001
pgArtwork|96231646|001
pgPackingMaterial|97603451|001
pgArtwork|99801046|001
pgPackingMaterial|99782279|001
pgArtwork|96496858|001
pgArtwork|92122609|001
pgPackingMaterial|99953484|001
pgArtwork|92261863|001
pgArtwork|92324012|001
pgArtwork|99552291|001
pgPackingMaterial|99502470|002
pgArtwork|97464840|001
pgArtwork|97468885|001
pgIllustration|96991043|002
pgPackingMaterial|97372854|001
pgPackingMaterial|97476877|001
pgArtwork|90664130|001
pgPackingMaterial|97587506|001
pgArtwork|92065041|001
pgArtwork|96148268|001
pgPackingMaterial|92392756|001
pgArtwork|99646487|001
pgPackingMaterial|99510880|001
pgMasterPackingMaterial|99404519|001
pgIllustration|98657696|001
pgArtwork|99678760|001
pgPackingMaterial|99632228|001
pgArtwork|97453943|001
pgPackingMaterial|97417938|001
pgArtwork|96798744|001
pgPackingMaterial|96761026|001
pgArtwork|92316813|001
pgArtwork|99607610|001
pgPackingMaterial|99496199|001
pgArtwork|96798750|001
pgPackingMaterial|96761232|001
pgPackingMaterial|99611264|001
pgArtwork|96424734|001
pgArtwork|92106533|001
pgArtwork|92277080|001
pgArtwork|92114876|001
pgPackingMaterial|99952172|001
pgArtwork|96388087|001
pgArtwork|96485725|001
pgArtwork|96418355|001
pgPackingMaterial|96845354|001
pgArtwork|97578782|001
pgPackingMaterial|97437763|001
pgArtwork|92146997|001
pgArtwork|92083969|001
pgArtwork|99581014|001
pgPackingMaterial|99549845|001
pgArtwork|96627109|001
pgPackingMaterial|96436803|001
pgArtwork|92287158|001
pgArtwork|92320492|001
pgIllustration|92276971|002
pgMasterPackingMaterial|96900975|001
pgArtwork|97120568|001
pgArtwork|99607596|001
pgPackingMaterial|99503534|002
pgArtwork|97523190|001
pgPackingMaterial|97364315|002
pgArtwork|99928831|001
pgPackingMaterial|96467706|001
pgArtwork|99768413|001
pgPackingMaterial|99750790|001
pgArtwork|99607613|001
pgPackingMaterial|99497634|001
pgArtwork|96933292|001
pgPackingMaterial|96660181|001
pgArtwork|99552295|001
pgPackingMaterial|99502472|002
pgArtwork|97601758|001
pgPackingMaterial|97504940|001
pgArtwork|99883624|001
pgPackingMaterial|99861249|001
pgArtwork|97062914|001
pgPackingMaterial|96838671|003
pgArtwork|90555116|001
pgPackingMaterial|97437762|002
pgArtwork|97450878|001
pgArtwork|99558760|001
pgPackingMaterial|99502514|002
pgArtwork|96483344|001
pgPackingMaterial|96458360|001
pgArtwork|97293490|001
pgArtwork|96622890|001
pgPackingMaterial|96469280|001
pgArtwork|96627250|001
pgPackingMaterial|96481062|001
pgMasterPackingMaterial|95538788|003
pgPackingInstructions|95547413|006
pgArtwork|95862479|001
pgPackingMaterial|95775269|001
pgArtwork|99552303|001
pgPackingMaterial|99502492|002
pgPackingMaterial|99502543|002
pgArtwork|99552313|001
pgArtwork|92045660|001
pgArtwork|97550015|001
pgPackingMaterial|96529719|001
pgMasterPackingMaterial|99574540|007
pgArtwork|99434993|001
pgArtwork|99579315|001
pgPackingMaterial|99549703|001
pgArtwork|94525749|001
pgPackingMaterial|92089168|001
pgArtwork|92123054|001
pgArtwork|97450474|001
pgPackingMaterial|97364548|001
pgArtwork|92032566|001
pgArtwork|92244765|001
pgPackingMaterial|92203476|001
pgArtwork|99826266|001
pgPackingMaterial|96286851|003
pgArtwork|99574770|001
pgArtwork|90803146|001
pgArtwork|99804949|001
pgPackingMaterial|99795993|001
pgIllustration|96402893|001
pgArtwork|90782326|001
pgPackingMaterial|90617210|001
pgArtwork|99582461|001
pgArtwork|99806725|001
pgArtwork|99650570|001
pgPackingMaterial|99506086|001
pgArtwork|99558776|001
pgPackingMaterial|99505114|002
pgArtwork|96627715|001
pgPackingMaterial|96480975|001
pgArtwork|96995065|001
pgArtwork|92078573|001
pgArtwork|90617366|001
pgPackingMaterial|90556386|001
pgArtwork|96856605|001
pgPackingMaterial|96627184|001
pgArtwork|92144552|001
pgPackingMaterial|92109429|001
pgArtwork|92114778|001
pgArtwork|96353784|001
pgPackingMaterial|96258516|001
pgArtwork|97109354|001
pgArtwork|96663529|001
pgPackingMaterial|96420453|001
pgArtwork|97248895|001
pgArtwork|90784148|001
pgPackingMaterial|97105540|001
pgArtwork|99789065|001
pgPackingMaterial|96560521|001
pgArtwork|92316810|001
pgPackingMaterial|90505092|001
pgArtwork|99639898|001
pgPackingMaterial|99506102|001
pgArtwork|98701850|001
pgArtwork|96930174|001
pgArtwork|99806722|001
pgPackingMaterial|99707192|001
pgIllustration|99551312|001
pgMasterPackingMaterial|99551320|002
pgArtwork|97467887|001
pgPackingMaterial|97356092|001
pgArtwork|99501819|001
pgPackingMaterial|99496631|001
pgArtwork|97331149|001
pgPackingMaterial|97065626|001
pgArtwork|96702085|001
pgArtwork|99580934|001
pgArtwork|90565255|001
pgPackingMaterial|90505202|002
pgArtwork|96839940|001
pgPackingMaterial|99558830|001
pgArtwork|90552726|001
pgPackingMaterial|97364219|001
pgArtwork|90509847|001
pgPackingMaterial|97504959|001
pgArtwork|97100796|001
pgPackingMaterial|97035749|001
pgArtwork|97456799|001
pgPackingMaterial|97347099|001
pgMasterPackingMaterial|99429384|001
pgIllustration|99414905|001
pgArtwork|92045092|001
pgArtwork|97450473|001
pgArtwork|99702129|001
pgPackingMaterial|99632207|001
pgArtwork|97508237|001
pgArtwork|99340498|001
pgPackingMaterial|99248425|002
pgArtwork|96499400|001
pgPackingMaterial|96322687|001
pgArtwork|96995063|001
pgPackingMaterial|96785182|001
pgArtwork|97471126|001
pgPackingMaterial|97331160|001
pgArtwork|98584135|001
pgPackingMaterial|98623944|001
pgArtwork|92070137|001
pgArtwork|99552198|001
pgPackingMaterial|99506882|001
pgArtwork|97441842|001
pgPackingMaterial|97437775|001
pgArtwork|90675064|001
pgArtwork|97452507|001
pgArtwork|99574771|001
pgPackingMaterial|99504920|002
pgPackingMaterial|97364989|001
pgArtwork|97126108|001
pgArtwork|90583018|001
pgPackingMaterial|97533412|001
pgMasterPackingMaterial|99436334|003
pgIllustration|99433303|002
pgArtwork|90773850|001
pgArtwork|96284540|001
pgPackingMaterial|96266141|001
pgArtwork|96560280|001
pgArtwork|96212026|001
pgArtwork|92112177|001
pgArtwork|97441862|001
pgArtwork|92066276|001
pgArtwork|92058355|001
pgArtwork|96940276|001
pgArtwork|92120854|001
pgPackingMaterial|97068193|001
pgArtwork|97126749|001
pgArtwork|96889668|001
pgPackingMaterial|96762911|001
pgArtwork|90709542|001
pgPackingMaterial|90678052|001
pgArtwork|99763601|001
pgArtwork|97576542|001
pgArtwork|90625407|001
pgPackingMaterial|90574120|001
pgArtwork|99768551|001
pgArtwork|95138608|001
pgArtwork|96429006|001
pgArtwork|97331043|001
pgPackingMaterial|97233150|001
pgArtwork|99967461|001
pgArtwork|90625228|001
pgPackingMaterial|90573278|001
pgArtwork|99639887|001
pgPackingMaterial|99510862|001
pgArtwork|92073649|001
pgArtwork|90694628|001
pgPackingMaterial|97587696|001
pgArtwork|99804948|001
pgPackingMaterial|99795988|001
pgArtwork|99558754|001
pgPackingMaterial|99374640|001
pgArtwork|96633433|001
pgArtwork|96626568|001
pgPackingMaterial|96469928|001
pgArtwork|92337781|001
pgArtwork|99456134|001
pgArtwork|97605879|001
pgPackingMaterial|97504939|001
pgArtwork|96654327|001
pgPackingMaterial|96466592|001
pgPackingMaterial|96987010|001
pgArtwork|97062282|001
pgArtwork|97227065|001
pgArtwork|96404811|001
pgArtwork|92318308|001
pgArtwork|99579318|001
pgPackingMaterial|99549773|001
pgArtwork|90739379|001
pgArtwork|97273223|001
pgPackingMaterial|97104259|002
pgArtwork|92167831|001
pgArtwork|90725023|001
pgArtwork|92315916|001
pgArtwork|99593571|001
pgPackingMaterial|99580741|001
pgArtwork|99502930|001
pgPackingMaterial|99466524|002
pgArtwork|97577485|001
pgArtwork|90601864|001
pgPackingMaterial|90529430|002
pgArtwork|99768602|001
pgPackingMaterial|99756658|001
pgArtwork|97576545|001
pgPackingMaterial|97437994|001
pgMasterPackingMaterial|98570995|004
pgIllustration|95867152|001
pgArtwork|97450216|001
pgPackingMaterial|97365079|001
pgArtwork|92277079|001
pgArtwork|92316772|001
pgPackingMaterial|92130002|001
pgArtwork|96691189|001
pgPackingMaterial|96640284|001
pgPackingMaterial|97379570|002
pgPackingMaterial|90518150|001
pgArtwork|90674822|001
pgArtwork|96598719|001
pgPackingMaterial|96467655|001
pgArtwork|92096841|001
pgArtwork|92083968|001
pgArtwork|96627501|001
pgPackingMaterial|96436477|001
pgArtwork|96716413|001
pgPackingMaterial|96549370|001
pgArtwork|99583992|001
pgPackingMaterial|99587731|002
pgArtwork|96998322|001
pgMasterPackingMaterial|96940891|001
pgIllustration|96739719|001
pgPackingMaterial|90547799|001
pgArtwork|99637855|001
pgPackingMaterial|99550948|001
pgPackingMaterial|97418401|001
pgArtwork|97453946|001
pgArtwork|90760297|001
pgPackingMaterial|97587500|001
pgArtwork|92384347|001
pgPackingMaterial|92268589|001
pgArtwork|99502794|001
pgPackingMaterial|99449495|001
pgArtwork|96230363|001
pgArtwork|90810759|001
pgArtwork|97351579|001
pgPackingMaterial|97266187|001
pgArtwork|96946759|001
pgArtwork|96667683|001
pgPackingMaterial|96458646|001
pgArtwork|90760005|001
pgPackingMaterial|90715443|001
pgArtwork|90534796|001
pgArtwork|96657448|001
pgPackingMaterial|96507594|001
pgArtwork|96938380|001
pgArtwork|97100794|001
pgPackingMaterial|97035738|001
pgArtwork|99639896|001
pgPackingMaterial|99610148|001
pgArtwork|92084519|001
pgArtwork|99652245|001
pgPackingMaterial|99550887|001
pgArtwork|99806738|001
pgPackingMaterial|99718609|001
pgArtwork|96641516|001
pgPackingMaterial|96522239|002
pgArtwork|97504348|001
pgPackingMaterial|97468880|001
pgArtwork|96428544|001
pgArtwork|99728191|001
pgArtwork|96872873|001
pgArtwork|96943866|001
pgArtwork|96997617|001
pgArtwork|99901900|001
pgPackingMaterial|99853036|001
pgArtwork|97495258|001
pgPackingMaterial|97342509|001
pgArtwork|99720901|001
pgPackingMaterial|96481047|001
pgArtwork|90674906|001
pgPackingMaterial|90580706|002
pgPackingMaterial|97436168|001
pgArtwork|90598799|001
pgPackingMaterial|90574455|001
pgArtwork|92046218|001
pgArtwork|97563962|001
pgPackingMaterial|97546221|001
pgArtwork|97453945|001
pgPackingMaterial|97418318|001
pgArtwork|99985045|001
pgPackingMaterial|99970880|001
pgPackingMaterial|97103374|001
pgArtwork|97008177|001
pgArtwork|96470456|001
pgPackingMaterial|96284824|002
pgArtwork|92261701|001
pgPackingMaterial|92157013|001
pgPackingMaterial|90543279|001
pgArtwork|97452604|001
pgPackingMaterial|97437773|001
pgArtwork|92054549|001
pgPackingMaterial|99558847|001
pgArtwork|96940277|001
pgPackingMaterial|97436140|001
pgArtwork|97477161|001
pgPackingMaterial|97344185|001
pgPackingMaterial|97340681|001
pgArtwork|97492066|001
pgArtwork|92167830|001
pgArtwork|99963964|001
pgPackingMaterial|99934133|001
pgArtwork|92046224|001
pgPackingMaterial|99964943|002
pgArtwork|96956414|001
pgPackingMaterial|96845631|003
pgArtwork|90685549|001
pgArtwork|90591373|001
pgPackingMaterial|90542857|001
pgArtwork|92164296|001
pgArtwork|96670697|001
pgPackingMaterial|96402599|001
pgArtwork|96404814|001
pgArtwork|97377428|001
pgPackingMaterial|97338200|001
pgArtwork|99607607|001
pgPackingMaterial|99495299|002
pgArtwork|96956412|001
pgPackingMaterial|96845480|003
pgArtwork|96663528|001
pgPackingMaterial|96420448|002
pgArtwork|96798740|001
pgPackingMaterial|96745891|001
pgArtwork|99702274|001
pgPackingMaterial|99614497|001
pgArtwork|96353779|001
pgPackingMaterial|96239182|001
pgArtwork|96647215|001
pgPackingMaterial|96458738|001
pgArtwork|96921542|001
pgPackingMaterial|96866379|001
pgMasterPackingMaterial|99429376|001
pgArtwork|99971297|001
pgPackingMaterial|99977563|001
pgArtwork|99437769|001
pgPackingMaterial|99502747|001
pgArtwork|99552208|001
pgPackingMaterial|99507236|001
pgArtwork|92045464|001
pgMasterPackingMaterial|99441357|002
pgIllustration|99441387|001
pgArtwork|92282668|001
pgArtwork|92266919|001
pgArtwork|99462867|001
pgPackingMaterial|99379298|001
pgPackingMaterial|90792280|001
pgArtwork|90694630|001
pgPackingMaterial|97587698|001
pgArtwork|97450187|001
pgPackingMaterial|97365163|001
pgArtwork|97477163|001
pgPackingMaterial|97385611|001
pgArtwork|96432125|001
pgArtwork|96946756|001
pgPackingMaterial|96821213|003
pgArtwork|99775396|001
pgPackingMaterial|99717879|001
pgArtwork|92069267|001
pgArtwork|92051389|001
pgArtwork|92316812|001
pgArtwork|96216917|001
pgArtwork|92315917|001
pgArtwork|92115167|001
pgMasterPackingMaterial|95940203|001
pgIllustration|95739647|001
pgArtwork|96434318|001
pgArtwork|96432286|001
pgArtwork|97351971|001
pgPackingMaterial|97360878|001
pgArtwork|92046950|001
pgPackingMaterial|92027551|001
pgArtwork|96483345|001
pgArtwork|96956408|001
pgPackingMaterial|96832923|003
pgArtwork|99552177|001
pgPackingMaterial|99476915|001
pgArtwork|92114552|001
pgArtwork|99639890|001
pgPackingMaterial|99550950|001
pgArtwork|99558762|001
pgPackingMaterial|99502544|002
pgArtwork|97458424|001
pgPackingMaterial|96578006|001
pgArtwork|96793436|001
pgArtwork|90509776|001
pgPackingMaterial|97536848|001
pgArtwork|99712646|001
pgArtwork|99630955|001
pgPackingMaterial|99577929|002
pgArtwork|96342783|001
pgArtwork|92046222|001
pgArtwork|96424945|001
pgArtwork|97505324|001
pgArtwork|90552723|001
pgPackingMaterial|97331028|001
pgArtwork|96639462|001
pgArtwork|96515688|001
pgArtwork|92058628|001
pgArtwork|96470457|001
pgArtwork|96595682|001
pgPackingMaterial|96423647|001
pgArtwork|96914406|001
pgPackingMaterial|96845619|003
pgArtwork|96647018|001
pgPackingMaterial|96521964|002
pgPackingMaterial|97237924|001
pgArtwork|97294518|001
pgPackingMaterial|97385923|001
pgArtwork|96706303|001
pgArtwork|92068698|001
pgArtwork|97029250|001
pgArtwork|92133572|001
pgPackingMaterial|97436178|001
pgArtwork|96675191|001
pgPackingMaterial|96563311|002
pgArtwork|97505457|001
pgPackingMaterial|97433536|001
pgArtwork|97450220|001
pgPackingMaterial|97365161|001
pgArtwork|90555115|001
pgPackingMaterial|97437761|002
pgPackingMaterial|96556547|001
pgArtwork|96946755|001
pgArtwork|99570717|001
pgPackingMaterial|99861251|001
pgArtwork|97262498|001
pgArtwork|96694800|001
pgPackingMaterial|96563312|002
pgArtwork|99552196|001
pgPackingMaterial|99506879|001
pgArtwork|99593577|001
pgPackingMaterial|99587670|001
pgArtwork|92130524|001
pgArtwork|92165886|001
pgPackingMaterial|92129596|001
pgArtwork|99684696|001
pgPackingMaterial|99591905|001
pgArtwork|96868958|001
pgPackingMaterial|97242088|001
pgArtwork|94528565|001
pgPackingMaterial|94504585|001
pgPackingMaterial|97334997|001
pgArtwork|97376729|001
pgArtwork|92038510|001
pgArtwork|96421198|001
pgArtwork|96481242|001
pgPackingMaterial|96322681|001
pgArtwork|92126955|001
pgPackingMaterial|96471400|002
pgArtwork|97494948|001
pgPackingMaterial|97373252|001
pgArtwork|97074355|001
pgPackingMaterial|96981537|001
pgArtwork|99833494|001
pgArtwork|96434145|001
pgArtwork|96442755|001
pgArtwork|96683185|001
pgPackingMaterial|96598143|001
pgPackingMaterial|99591904|001
pgArtwork|99684695|001
pgArtwork|99928834|001
pgPackingMaterial|96468301|001
pgPackingMaterial|97436173|001
pgArtwork|92129419|001
pgArtwork|96341365|001
pgPackingMaterial|96272254|001
pgArtwork|90778012|001
pgIllustration|99447212|001
pgArtwork|96560282|001
pgArtwork|92398087|001
pgArtwork|97504342|001
pgPackingMaterial|97410170|002
pgArtwork|96990982|001
pgPackingMaterial|96901663|003
pgArtwork|92287161|001
pgArtwork|99806695|001
pgPackingMaterial|99698964|001
pgMasterPackingMaterial|99404176|001
pgMasterPackingMaterial|95892689|001
pgIllustration|95632030|001
pgArtwork|99728139|001
pgArtwork|96632196|001
pgPackingMaterial|96436808|001
pgPackingMaterial|96754782|003
pgArtwork|96930607|001
pgArtwork|96884389|001
pgPackingMaterial|96762555|001
pgArtwork|96930173|001
pgArtwork|99860251|001
pgPackingMaterial|99761190|001
pgArtwork|92327602|001
pgPackingMaterial|92247293|001
pgArtwork|96617964|001
pgPackingMaterial|97479646|001
pgArtwork|97568513|001
pgArtwork|92316814|001
pgPackingMaterial|92130007|001
pgArtwork|99593573|001
pgPackingMaterial|99587653|001
pgArtwork|92080882|001
pgPackingMaterial|92077280|001
pgArtwork|96793437|001
pgArtwork|92058627|001
pgArtwork|97033675|001
pgPackingMaterial|97038444|001
pgArtwork|96650831|001
pgPackingMaterial|96462799|001
pgArtwork|92039002|001
pgArtwork|99614827|001
pgPackingMaterial|92024203|001
pgArtwork|92061888|001
pgArtwork|96470449|001
pgArtwork|96720942|001
pgArtwork|97233783|001
pgPackingMaterial|97108627|001
pgArtwork|97450877|001
pgArtwork|97573609|001
pgMasterPackingMaterial|98571018|003
pgArtwork|96237183|001
pgPackingMaterial|96195695|001
pgArtwork|92059631|001
pgArtwork|99552200|001
pgPackingMaterial|99506889|001
pgPackingMaterial|99548309|001
pgArtwork|99582537|001
pgArtwork|99599494|001
pgMasterPackingMaterial|95858266|005
pgIllustration|95909619|001
pgArtwork|96427129|001
pgArtwork|96618080|001
pgPackingMaterial|96412642|002
pgArtwork|90598800|001
pgPackingMaterial|90574456|001
pgArtwork|97308838|001
pgPackingMaterial|97065627|001
pgIllustration|95716405|001
pgArtwork|97450221|001
pgPackingMaterial|97365162|001
pgArtwork|92030777|001
pgArtwork|99593546|001
pgArtwork|96428813|001
pgPackingMaterial|96404351|001
pgArtwork|92040464|001
pgArtwork|98916514|001
pgPackingMaterial|96847452|001
pgArtwork|92074441|001
pgArtwork|97029247|001
pgPackingMaterial|96955210|001
pgArtwork|94529619|001
pgArtwork|92091888|001
pgArtwork|92054655|001
pgArtwork|92356460|001
pgPackingMaterial|92267912|001
pgArtwork|96700367|001
pgArtwork|97409443|001
pgPackingMaterial|97393698|001
pgArtwork|99361164|001
pgArtwork|99591969|001
pgPackingMaterial|99591303|002
pgArtwork|96617980|001
pgPackingMaterial|96420220|001
pgPackingMaterial|97124209|001
pgArtwork|97228718|001
pgArtwork|96826346|001
pgPackingMaterial|96662955|001
pgArtwork|97109160|001
pgPackingMaterial|97068856|001
pgArtwork|96427179|001
pgArtwork|99867239|001
pgArtwork|97036152|001
pgPackingMaterial|96845148|001
pgArtwork|96992916|001
pgPackingMaterial|96872969|001
pgArtwork|90552725|001
pgPackingMaterial|97364218|001
pgArtwork|96491919|001
pgPackingMaterial|96284671|002
pgArtwork|90543427|001
pgPackingMaterial|97605644|002
pgArtwork|98760486|001
pgArtwork|96138634|001
pgArtwork|97452511|001
pgArtwork|96595316|001
pgPackingMaterial|96468260|001
pgArtwork|97438129|001
pgArtwork|92167833|001
pgArtwork|96946736|001
pgArtwork|96934243|001
pgPackingMaterial|96845398|003
pgArtwork|96365272|001
pgArtwork|96924858|001
pgArtwork|97495008|001
pgPackingMaterial|97373429|001
pgArtwork|99584325|001
pgPackingMaterial|98841979|001
pgArtwork|99807888|001
pgArtwork|92143606|001
pgPackingMaterial|92110136|001
pgArtwork|97450480|001
pgPackingMaterial|90595288|001
pgArtwork|90678000|001
pgMasterPackingMaterial|99438108|001
pgIllustration|99422807|001
pgArtwork|96627095|001
pgPackingMaterial|96434589|001
pgArtwork|96806910|001
pgPackingMaterial|96662862|001
pgArtwork|92315825|001
pgArtwork|97576544|001
pgArtwork|99660593|001
pgPackingMaterial|99610165|001
pgPackingMaterial|90543285|001
pgArtwork|99552319|001
pgArtwork|97251386|001
pgPackingMaterial|97108449|002
pgArtwork|95801117|001
pgPackingMaterial|97373467|001
pgArtwork|90509054|001
pgPackingMaterial|97479648|001
pgArtwork|92059638|001
pgArtwork|92126956|001
pgArtwork|96924851|001
pgArtwork|90591929|001
pgPackingMaterial|90548252|001
pgArtwork|99252747|001
pgArtwork|99258634|001
pgArtwork|96670695|001
pgPackingMaterial|96402580|001
pgArtwork|96936314|001
pgArtwork|92059655|001
pgArtwork|96618083|001
pgPackingMaterial|96467651|001
pgArtwork|97460123|001
pgPackingMaterial|97381057|001
pgMasterPackingMaterial|98605392|001
pgIllustration|98744068|001
pgArtwork|99644821|001
pgPackingMaterial|99502541|001
pgArtwork|99577639|001
pgPackingMaterial|99507267|001
pgArtwork|92143608|001
pgPackingMaterial|92110138|001
pgArtwork|99806729|001
pgArtwork|98968611|001
pgPackingMaterial|95884079|001
pgArtwork|96914506|001
pgPackingMaterial|96193091|003
pgArtwork|92105079|001
pgArtwork|96455460|001
pgArtwork|97233755|001
pgPackingMaterial|97070969|001
pgArtwork|96956415|001
pgArtwork|90508952|001
pgPackingMaterial|97479649|001
pgArtwork|98957661|001
pgArtwork|97247546|001
pgPackingMaterial|97065624|001
pgArtwork|96903121|001
pgArtwork|97248896|001
pgArtwork|90523791|001
pgPackingMaterial|97603355|001
pgArtwork|97246923|001
pgPackingMaterial|97124219|001
pgArtwork|99806727|001
pgPackingMaterial|96987011|001
pgArtwork|97062283|001
pgArtwork|96458206|001
pgPackingMaterial|96460841|001
pgArtwork|96782449|001
pgPackingMaterial|96587460|001
pgArtwork|96626563|001
pgArtwork|90664131|001
pgPackingMaterial|97587508|001
pgArtwork|92135269|001
pgArtwork|97491363|001
pgPackingMaterial|97342550|001
pgArtwork|96667681|001
pgPackingMaterial|96373152|001
pgArtwork|96924850|001
pgPackingMaterial|96660190|001
pgArtwork|96950601|001
pgPackingMaterial|96753767|003
pgArtwork|96404813|001
pgArtwork|99804950|001
pgPackingMaterial|99796000|001
pgArtwork|96571618|001
pgPackingMaterial|96468326|001
pgArtwork|92079164|001
pgArtwork|97062985|001
pgPackingMaterial|96855816|003
pgPackingMaterial|97373434|001
pgArtwork|97495033|001
pgArtwork|90709513|001
pgPackingMaterial|90598966|001
pgArtwork|97035735|001
pgPackingMaterial|96937907|001
pgArtwork|92059549|001
pgArtwork|96649850|001
pgPackingMaterial|97098701|001
pgArtwork|97221673|001
pgPackingMaterial|97035712|001
pgArtwork|97100792|001
pgArtwork|99617496|001
pgPackingMaterial|99550932|001
pgArtwork|92029887|001
pgPackingMaterial|99910538|003
pgPackingMaterial|96842774|001
pgArtwork|96924883|001
pgPackingMaterial|92397423|001
pgArtwork|92094089|001
pgArtwork|92393946|001
pgPackingMaterial|92351033|001
pgArtwork|97359300|001
pgPackingMaterial|97365084|001
pgArtwork|96594896|001
pgPackingMaterial|96467703|001
pgArtwork|97237938|001
pgPackingMaterial|97095914|001
pgArtwork|97450016|001
pgPackingMaterial|90500718|001
pgArtwork|92069270|001
pgPackingMaterial|97065487|001
pgArtwork|97321611|001
pgPackingMaterial|96322683|001
pgArtwork|96468246|001
pgArtwork|96400117|001
pgPackingMaterial|96352278|002
pgArtwork|97523193|001
pgPackingMaterial|97364317|002
pgArtwork|96515686|001
pgArtwork|96473262|001
pgArtwork|92073663|001
pgArtwork|90740335|001
pgPackingMaterial|97587499|001
pgArtwork|96527650|001
pgArtwork|96938397|001
pgPackingMaterial|96778465|001
pgArtwork|96839941|001
pgPackingMaterial|97581991|001
pgArtwork|90702371|001
pgArtwork|92042726|001
pgArtwork|97456797|001
pgPackingMaterial|97347083|001
pgMasterPackingMaterial|95778850|002
pgArtwork|95877725|001
pgPackingMaterial|95861849|001
pgArtwork|96434144|001
pgArtwork|96504421|001
pgArtwork|96617985|001
pgArtwork|96683184|001
pgArtwork|99804944|001
pgPackingMaterial|99795971|001
pgArtwork|96330107|001
pgPackingMaterial|96402597|001
pgArtwork|96782575|001
pgPackingMaterial|96746095|001
pgArtwork|90785627|001
pgPackingMaterial|90723447|001
pgArtwork|99930955|001
pgPackingMaterial|99881676|001
pgArtwork|92036678|001
pgPackingMaterial|97523054|001
pgArtwork|97533402|001
pgArtwork|99768414|001
pgPackingMaterial|99750841|001
pgPackingMaterial|96698001|001
pgArtwork|96717658|001
pgArtwork|99726911|001
pgPackingMaterial|99603602|001
pgArtwork|92058236|001
pgArtwork|96325758|001
pgArtwork|99552175|001
pgPackingMaterial|99476912|001
pgArtwork|92356461|001
pgPackingMaterial|92267917|001
pgArtwork|99552202|001
pgPackingMaterial|99506893|001
pgArtwork|99552329|001
pgPackingMaterial|90776592|001
pgPackingMaterial|97068266|001
pgArtwork|97248891|001
pgArtwork|99646300|001
pgPackingMaterial|99506077|002
pgArtwork|99672868|001
pgPackingMaterial|99748609|001
pgArtwork|99574747|001
pgPackingMaterial|95738064|001
pgArtwork|96659536|001
pgArtwork|98981063|001
pgPackingMaterial|97365076|001
pgArtwork|97468884|001
pgArtwork|94528853|001
pgArtwork|97491732|001
pgPackingMaterial|97385597|001
pgArtwork|97476176|001
pgPackingMaterial|97344189|001
pgArtwork|92096894|001
pgArtwork|97473203|001
pgPackingMaterial|97355439|001
pgArtwork|96432287|001
pgArtwork|99804946|001
pgPackingMaterial|99795980|001
pgArtwork|97020868|001
pgArtwork|96483343|001
pgArtwork|97450214|001
pgPackingMaterial|97365013|001
pgPackingMaterial|97447868|001
pgArtwork|97485666|001
pgArtwork|97468883|001
pgPackingMaterial|97360047|002
pgArtwork|97435479|001
pgPackingMaterial|97363483|001
pgArtwork|99552193|001
pgPackingMaterial|99506870|001
pgArtwork|99552183|001
pgPackingMaterial|99499451|001
pgArtwork|96532432|001
pgPackingMaterial|96762890|001
pgArtwork|99427303|001
pgPackingMaterial|99476914|001
pgPackingMaterial|97379577|002
pgArtwork|90534968|001
pgPackingMaterial|97573372|001
pgArtwork|97494315|001
pgArtwork|99933916|001
pgPackingMaterial|99801993|002
pgArtwork|96914508|001
pgPackingMaterial|96754345|003
pgArtwork|99584614|001
pgPackingMaterial|99614899|001
pgArtwork|96943858|001
pgPackingMaterial|96753608|003
pgPackingMaterial|97334996|001
pgArtwork|97376368|001
pgArtwork|96940278|001
pgPackingMaterial|90573345|001
pgArtwork|90627865|001
pgArtwork|96683259|001
pgPackingMaterial|97373464|001
pgArtwork|97582088|001
pgPackingMaterial|96856697|001
pgArtwork|96930690|001
pgPackingMaterial|96847480|001
pgArtwork|95796989|001
pgPackingMaterial|99964992|002
pgArtwork|96572151|001
pgPackingMaterial|96311651|001
pgArtwork|90529424|001
pgPackingMaterial|97603352|001
pgArtwork|99806720|001
pgPackingMaterial|99707189|001
pgArtwork|97450213|001
pgPackingMaterial|97363513|001
pgArtwork|99558788|001
pgPackingMaterial|99506884|001
pgArtwork|96627651|001
pgPackingMaterial|96338190|001
pgArtwork|92058235|001
pgArtwork|97015097|001
pgPackingMaterial|96855667|003
pgPackingMaterial|99941675|001
pgArtwork|92095141|001
pgArtwork|97464138|001
pgPackingMaterial|97365004|001
pgArtwork|96633979|001
pgPackingMaterial|96477435|001
pgArtwork|99710895|001
pgPackingMaterial|99748515|001
pgArtwork|92132806|001
pgArtwork|99702130|001
pgPackingMaterial|99632231|002
pgArtwork|92059656|001
pgArtwork|96627630|001
pgPackingMaterial|96473788|001
pgArtwork|92318276|001
pgArtwork|97468864|001
pgArtwork|97450481|001
pgArtwork|96651171|001
pgArtwork|99726917|001
pgPackingMaterial|99603604|001
pgArtwork|96794085|001
pgPackingMaterial|96563319|002
pgArtwork|92337575|001
pgPackingMaterial|92222284|001
pgArtwork|96617986|001
pgArtwork|96522968|001
pgPackingMaterial|96676514|002
pgArtwork|97094756|001
pgPackingMaterial|97133015|001
pgPackingMaterial|97379578|002
pgArtwork|96424946|001
pgArtwork|90669659|001
pgPackingMaterial|97587507|001
pgArtwork|97450471|001
pgPackingMaterial|97364546|001
pgArtwork|96815099|001
pgPackingMaterial|96649146|001
pgArtwork|96896121|001
pgPackingMaterial|96762776|001
pgArtwork|97420537|001
pgPackingMaterial|97365526|001
pgArtwork|96515703|001
pgArtwork|99585219|001
pgPackingMaterial|99587674|001
pgArtwork|96424349|001
pgPackingMaterial|96308053|001
pgArtwork|92031073|001
pgIllustration|60087429|001
pgArtwork|97456795|001
pgPackingMaterial|97346998|001
pgArtwork|99583994|001
pgPackingMaterial|99587676|001
pgArtwork|92244784|001
pgPackingMaterial|92146316|001
pgArtwork|99765033|001
pgArtwork|96473268|001
pgPackingMaterial|96400627|001
pgArtwork|96984950|001
pgArtwork|96727081|001
pgArtwork|99766770|001
pgArtwork|99552327|001
pgArtwork|90675387|001
pgPackingMaterial|97606888|001
pgArtwork|92224906|001
pgArtwork|96148044|001
pgArtwork|96481241|001
pgArtwork|96562401|001
pgPackingMaterial|96353348|001
pgArtwork|97452481|001
pgPackingMaterial|97437767|001
pgArtwork|97494941|001
pgPackingMaterial|97105882|001
pgArtwork|96924879|001
pgArtwork|96681358|001
pgArtwork|96649851|001
pgArtwork|97375925|001
pgPackingMaterial|97138765|001
pgPackingMaterial|97379576|002
pgArtwork|92243992|001
pgArtwork|99733437|001
pgArtwork|96748399|001
pgArtwork|92011031|001
pgArtwork|99768606|001
pgPackingMaterial|99757779|001
pgArtwork|97376348|001
pgPackingMaterial|97334995|001
pgArtwork|92036718|001
pgArtwork|98966996|001
pgArtwork|97576741|001
pgPackingMaterial|97362031|001
pgArtwork|97237887|001
pgPackingMaterial|97127869|002
pgArtwork|99641183|001
pgPackingMaterial|99469809|001
pgArtwork|96968996|001
pgArtwork|90694627|001
pgPackingMaterial|97587695|001
pgPackingMaterial|97373250|001
pgPackingMaterial|99504923|002
pgArtwork|99552333|001
pgArtwork|99675287|001
pgPackingMaterial|99640029|001
pgPackingMaterial|96560520|001
pgPackingMaterial|97360974|001
pgArtwork|96517453|001
pgArtwork|94525869|001
pgPackingMaterial|92384012|001
pgArtwork|98972832|001
pgPackingMaterial|98920028|001
pgArtwork|92086756|001
pgArtwork|96206995|001
pgPackingMaterial|96458668|001
pgArtwork|97389383|001
pgPackingMaterial|97326678|001
pgArtwork|96984159|001
pgPackingMaterial|96902732|001
pgPackingMaterial|97603360|001
pgArtwork|90523935|001
pgPackingMaterial|99953555|001
pgArtwork|92115890|001
pgArtwork|92167928|001
pgArtwork|94522000|001
pgArtwork|96227355|001
pgArtwork|92136625|001
pgArtwork|96644805|001
pgArtwork|97291251|001
pgArtwork|96683260|001
pgArtwork|90552724|001
pgPackingMaterial|97364213|001
pgArtwork|99607608|001
pgPackingMaterial|99495631|001
pgArtwork|95460128|001
pgArtwork|96675192|001
pgPackingMaterial|96563317|002
pgArtwork|99593578|001
pgPackingMaterial|99587673|001
pgArtwork|96956413|001
pgArtwork|96499686|001
pgArtwork|96423807|001
pgArtwork|96560281|001
pgArtwork|96297952|001
pgArtwork|97420381|001
pgArtwork|96907935|001
pgPackingMaterial|96660973|001
pgSupplierInformationSheet|95283411|005
pgSupplierInformationSheet|95538801|002
pgArtwork|92069860|001
pgArtwork|90760299|001
pgPackingMaterial|97587502|001
pgArtwork|96581189|001
pgPackingMaterial|96466588|001
pgArtwork|96594897|001
pgPackingMaterial|96468398|001
pgSupplierInformationSheet|95352983|003
pgSupplierInformationSheet|95610000|001
pgArtwork|92392119|001
pgSupplierInformationSheet|95261644|003
pgArtwork|92090339|001
pgPackingMaterial|99964885|002
pgArtwork|92076311|001
pgArtwork|99552323|001
pgArtwork|99806721|001
pgPackingMaterial|99707190|001
pgArtwork|99646431|001
pgPackingMaterial|97385887|001
pgArtwork|97470433|001
pgArtwork|99866453|001
pgArtwork|97473252|001
pgPackingMaterial|97355467|001
pgArtwork|96392296|001
pgArtwork|99930950|001
pgPackingMaterial|99881661|001
pgArtwork|97247550|001
pgPackingMaterial|97068264|001
pgArtwork|96421671|001
pgArtwork|96702758|001
pgArtwork|90528872|001
pgPackingMaterial|97392512|001
pgArtwork|92136626|001
pgArtwork|92356839|001
pgPackingMaterial|92257513|001
pgArtwork|99455838|001
pgArtwork|96781763|001
pgArtwork|92099930|001
pgArtwork|96969000|001
pgArtwork|96636854|001
pgPackingMaterial|96585076|002
pgArtwork|92118763|001
pgArtwork|92094745|001
pgPackingMaterial|92034614|001
pgArtwork|97107975|001
pgPackingMaterial|97106446|002
pgArtwork|99749968|001
pgPackingMaterial|99748796|001
pgMasterPackingMaterial|96763130|004
pgArtwork|96943862|001
pgPackingMaterial|97438175|001
pgArtwork|97473213|001
pgArtwork|97470130|001
pgArtwork|96481254|001
pgArtwork|92096892|001
pgIllustration|96482258|001
pgArtwork|96527780|001
pgPackingMaterial|99524889|001
pgArtwork|99607617|001
pgArtwork|96470450|001
pgPackingMaterial|96324483|001
pgArtwork|92339810|001
pgArtwork|99574152|001
pgArtwork|90583245|001
pgPackingMaterial|97533416|001
pgArtwork|92067354|001
pgArtwork|97431127|001
pgArtwork|99500180|001
pgPackingMaterial|99466522|002
pgArtwork|97494895|001
pgPackingMaterial|97250943|001
pgPackingMaterial|90776579|001
pgArtwork|96149839|001
pgIllustration|96823351|001
pgArtwork|96435609|001
pgPackingMaterial|96782941|001
pgArtwork|99684453|001
pgPackingMaterial|99684493|001
pgArtwork|92342018|001
pgArtwork|97604455|001
pgArtwork|96627629|001
pgPackingMaterial|96454341|001
pgArtwork|96956404|001
pgArtwork|99864353|001
pgPackingMaterial|99839012|001
pgPackingMaterial|97373060|001
pgArtwork|99632807|001
pgPackingMaterial|99496213|001
pgPackingMaterial|97603453|001
pgArtwork|96917639|001
pgPackingMaterial|96293927|003
pgPackingMaterial|96521957|002
pgArtwork|96527819|001
pgPackingMaterial|96484991|001
pgArtwork|96432346|001
pgPackingMaterial|96795377|001
pgArtwork|97012556|001
pgPackingMaterial|97108545|001
pgArtwork|97073362|001
pgArtwork|96743901|001
pgArtwork|92317943|001
pgArtwork|99749391|001
pgArtwork|92114875|001
pgPackingMaterial|99952158|001
pgArtwork|97456794|001
pgPackingMaterial|97346995|001
pgPackingMaterial|90543266|001
pgArtwork|99883616|001
pgPackingMaterial|99861207|001
pgArtwork|92029900|001
pgPackingMaterial|99947403|001
pgArtwork|92387307|001
pgArtwork|92114334|001
pgArtwork|92338076|001
pgArtwork|99552321|001
pgArtwork|99607597|001
pgPackingMaterial|99503538|002
pgArtwork|90591374|001
pgPackingMaterial|90542858|001
pgArtwork|90509777|001
pgPackingMaterial|97536849|001
pgArtwork|96634473|001
pgArtwork|92122603|001
pgArtwork|96434141|001
pgArtwork|92321750|001
pgPackingMaterial|92222272|001
pgArtwork|96919556|001
pgPackingMaterial|96754350|003
pgPackingMaterial|97098705|001
pgArtwork|97221674|001
pgArtwork|99258630|001
pgArtwork|99750051|001
pgPackingMaterial|99746226|001
pgArtwork|92066690|001
pgArtwork|97294517|001
pgPackingMaterial|97237923|001
pgArtwork|96943871|001
pgPackingMaterial|96845110|002
pgArtwork|92266920|001
pgArtwork|97018475|001
pgPackingMaterial|96902610|001
pgArtwork|92398090|001
pgArtwork|90666260|001
pgPackingMaterial|90657339|002
pgArtwork|96468245|001
pgArtwork|92066274|001
pgPackingMaterial|99466698|001
pgArtwork|97050679|001
pgArtwork|97448684|001
pgPackingMaterial|97356084|001
pgPackingMaterial|96455250|001
pgArtwork|96618082|001
pgArtwork|98971946|001
pgArtwork|92356459|001
pgPackingMaterial|92267911|001
pgArtwork|92071735|001
pgPackingMaterial|99964926|002
pgPackingMaterial|90776594|001
pgArtwork|99590921|001
pgPackingMaterial|99977565|001
pgArtwork|97100793|001
pgPackingMaterial|97035719|001
pgIllustration|99751399|001
pgArtwork|97017713|001
pgArtwork|97505319|001
pgPackingMaterial|97367497|001
pgArtwork|92250139|001
pgArtwork|96439790|001
pgPackingMaterial|96330561|001
pgArtwork|99582460|001
pgPackingMaterial|99517399|001
pgArtwork|90564577|001
pgPackingMaterial|97530903|001
pgArtwork|96427182|001
pgPackingMaterial|96308177|001
pgArtwork|97494214|001
pgPackingMaterial|97453867|001
pgArtwork|92115050|001
pgArtwork|97100802|001
pgPackingMaterial|97035667|001
pgArtwork|99919558|001
pgArtwork|99768629|001
pgPackingMaterial|99757906|001
pgPackingMaterial|99783335|002
pgArtwork|99444848|001
pgArtwork|99712645|001
pgArtwork|96595314|001
pgPackingMaterial|96446377|001
pgArtwork|98971951|001
pgArtwork|99702276|001
pgPackingMaterial|99614592|001
pgArtwork|99558766|001
pgPackingMaterial|99502548|002
pgArtwork|92318310|001
pgArtwork|99258639|001
pgArtwork|96713721|001
pgPackingMaterial|96364916|001
pgArtwork|98890721|001
pgIllustration|96452475|001
pgPackingMaterial|97373257|001
pgArtwork|92287160|001
pgArtwork|97410272|001
pgPackingMaterial|97393703|001
pgArtwork|92299793|001
pgPackingMaterial|97237819|001
pgArtwork|97311247|001
pgArtwork|97073363|001
pgPackingMaterial|97108549|001
pgArtwork|96544553|001
pgArtwork|99552214|001
pgPackingMaterial|99507268|001
pgPackingMaterial|90543291|001
pgArtwork|96764825|001
pgPackingMaterial|96563323|002
pgArtwork|92095451|001
pgArtwork|97271932|001
pgPackingMaterial|97359974|001
pgArtwork|96757955|001
pgPackingMaterial|96684344|001
pgArtwork|99728144|001
pgPackingMaterial|99690325|001
pgArtwork|96618068|001
pgPackingMaterial|96481053|002
pgArtwork|96529366|001
pgArtwork|96627720|001
pgPackingMaterial|96469923|001
pgArtwork|96933198|001
pgPackingMaterial|96753747|003
pgArtwork|96496338|001
pgPackingMaterial|96322671|001
pgArtwork|96498534|001
pgPackingMaterial|90500719|001
pgArtwork|96798745|001
pgPackingMaterial|96761031|001
pgArtwork|99687930|001
pgPackingMaterial|96423643|001
pgArtwork|92167832|001
pgArtwork|99552300|001
pgPackingMaterial|99502491|002
pgArtwork|99632826|001
pgPackingMaterial|99550904|002
pgArtwork|96325757|001
pgArtwork|90625408|001
pgPackingMaterial|90574162|001
pgArtwork|92165887|001
pgArtwork|96627087|001
pgPackingMaterial|96426087|001
pgArtwork|97248892|001
pgArtwork|97289005|001
pgPackingMaterial|97284673|001
pgArtwork|92070140|001
pgArtwork|95784558|001
pgPackingMaterial|99964129|001
pgArtwork|99593572|001
pgPackingMaterial|99580786|001
pgArtwork|97485667|001
pgPackingMaterial|97447869|001
pgArtwork|97450482|001
pgArtwork|99796594|001
pgPackingMaterial|99808865|001
pgArtwork|99552289|001
pgPackingMaterial|99502468|002
pgArtwork|96933207|001
pgPackingMaterial|96839794|001
pgArtwork|97029249|001
pgPackingMaterial|96473042|001
pgArtwork|94528702|001
pgArtwork|99599108|001
pgPackingMaterial|99548307|001
pgPackingMaterial|98993615|001
pgArtwork|99580033|001
pgPackingMaterial|90543270|001
pgArtwork|96514640|001
pgArtwork|97033665|001
pgPackingMaterial|99287584|001
pgArtwork|96798710|001
pgPackingMaterial|96832911|003
pgArtwork|92384340|001
pgPackingMaterial|92259438|001
pgArtwork|97305000|001
pgArtwork|97120284|001
pgPackingMaterial|97373427|001
pgArtwork|97441866|001
pgPackingMaterial|97393760|001
pgArtwork|99802132|001
pgPackingMaterial|99791745|002
pgArtwork|92046223|001
pgPackingMaterial|90776598|001
pgArtwork|99483515|001
pgPackingMaterial|99499452|001
pgArtwork|90660337|001
pgPackingMaterial|90634618|001
pgPackingMaterial|90505090|001
pgArtwork|96507297|001
pgArtwork|99728142|001
pgArtwork|92243669|001
pgPackingMaterial|92175911|001
pgArtwork|96923986|001
pgPackingMaterial|96660131|001
pgArtwork|97450479|001
pgPackingMaterial|97365623|001
pgArtwork|96940415|001
pgArtwork|97532501|001
pgPackingMaterial|97364298|001
pgArtwork|96968995|001
pgArtwork|96970991|001
pgPackingMaterial|96882235|001
pgArtwork|99582533|001
pgPackingMaterial|99547305|001
pgPackingMaterial|97587501|001
pgArtwork|90760298|001
pgArtwork|97130928|001
pgPackingMaterial|97124213|001
pgArtwork|92114223|001
pgArtwork|92049592|001
pgPackingMaterial|99558898|001
pgArtwork|99558160|001
pgPackingMaterial|99505996|001
pgArtwork|96427181|001
pgArtwork|96627098|001
pgPackingMaterial|96436725|001
pgArtwork|96717962|001
pgArtwork|97247552|001
pgPackingMaterial|97068310|001
pgArtwork|96938378|001
pgArtwork|92050482|001
pgArtwork|92126423|001
pgPackingMaterial|99505103|002
pgArtwork|99558774|001
pgArtwork|96840486|001
pgPackingMaterial|96801692|001
pgPackingMaterial|99488392|001
pgArtwork|99584332|001
pgMasterPackingMaterial|99546446|001
pgIllustration|95851544|001
pgArtwork|96497112|001
pgPackingMaterial|96238857|002
pgPackingMaterial|97111746|001
pgArtwork|98830141|001
pgPackingMaterial|98777333|001
pgArtwork|92320613|001
pgPackingMaterial|96393262|001
pgArtwork|96468241|001
pgIllustration|96782816|001
pgArtwork|97426144|001
pgArtwork|96627099|001
pgPackingMaterial|96436735|001
pgArtwork|99258647|001
pgArtwork|96427130|001
pgArtwork|99248683|001
pgArtwork|96443852|001
pgPackingMaterial|96284092|002
pgArtwork|92101107|001
pgPackingMaterial|96514563|001
pgArtwork|96665050|001
pgArtwork|99614829|001
pgPackingMaterial|92024210|001
pgArtwork|99796596|001
pgPackingMaterial|99808867|001
pgPackingMaterial|96839797|001
pgArtwork|97012579|001
pgArtwork|99258635|001
pgMasterPackingMaterial|97572902|001
pgArtwork|96527815|001
pgPackingMaterial|96470067|001
pgPackingMaterial|99506103|001
pgArtwork|99646463|001
pgArtwork|99768635|001
pgPackingMaterial|99757963|001
pgPackingMaterial|99640026|001
pgArtwork|90595651|001
pgPackingMaterial|97605642|002
pgArtwork|97442730|001
pgArtwork|96421248|001
pgArtwork|96627085|001
pgArtwork|99728136|001
pgPackingMaterial|97373465|001
pgArtwork|92115149|001
pgArtwork|97501446|001
pgPackingMaterial|97306696|001
pgPackingMaterial|96463953|001
pgArtwork|97483835|001
pgPackingMaterial|97097762|002
pgArtwork|92118648|001
pgArtwork|90595652|001
pgPackingMaterial|97605645|002
pgArtwork|90611071|001
pgPackingMaterial|97587504|001
pgPackingMaterial|96959919|001
pgArtwork|97029248|001
pgArtwork|92050135|001
pgArtwork|99768627|001
pgPackingMaterial|99757887|001
pgPackingMaterial|99497628|001
pgArtwork|99639879|001
pgArtwork|99583991|001
pgPackingMaterial|99587751|001
pgPackingMaterial|97262192|001
pgArtwork|97450468|001
pgPackingMaterial|90543299|001
pgPackingMaterial|90543244|001
pgArtwork|92261721|001
pgArtwork|97452623|001
pgPackingMaterial|97437776|001
pgArtwork|97495009|001
pgPackingMaterial|97373438|001
pgArtwork|97456948|001
pgPackingMaterial|97438303|002
pgArtwork|96226452|001
pgPackingMaterial|96218398|001
pgPackingMaterial|97106250|001
pgArtwork|97223373|001
pgPackingMaterial|99572312|001
pgArtwork|90509848|001
pgPackingMaterial|97504960|001
Test Method Specification|95060711|001
pgMasterPackingMaterial|96880742|001
pgArtwork|99330252|001
pgPackingMaterial|99311948|002
pgArtwork|99806723|001
pgPackingMaterial|99707210|001
pgArtwork|96578866|001
pgPackingMaterial|96458339|001
pgArtwork|96727119|001
pgPackingMaterial|96423633|001
pgArtwork|96527787|001
pgArtwork|92046225|001
pgPackingMaterial|99964948|002
pgArtwork|99930956|001
pgPackingMaterial|99881678|001
pgArtwork|96470455|001
pgPackingMaterial|96283122|002
pgArtwork|99607611|001
pgPackingMaterial|99497612|001
pgPackingMaterial|97344659|001
pgArtwork|97475331|001
pgArtwork|97450360|001
pgPackingMaterial|97364297|001
pgArtwork|92084273|001
pgPackingMaterial|96563318|002
pgArtwork|96665791|001
pgArtwork|97078463|001
pgPackingMaterial|97047695|001
pgArtwork|99987667|001
pgArtwork|97576541|001
pgPackingMaterial|97365232|001
pgPackingMaterial|97379559|002
pgArtwork|96896123|001
pgPackingMaterial|96762883|001
pgArtwork|90685554|001
pgArtwork|96943864|001
pgArtwork|92392121|001
pgPackingMaterial|96473045|001
pgArtwork|97074356|001
pgPackingMaterial|96981729|001
pgArtwork|90702372|001
pgPackingMaterial|97581992|001
pgArtwork|96473263|001
pgArtwork|99717282|001
pgArtwork|92118764|001
pgArtwork|96727121|001
pgArtwork|90664132|001
pgPackingMaterial|97587693|001
pgArtwork|97452602|001
pgArtwork|96943865|001
pgPackingMaterial|96755177|003
pgArtwork|96604829|001
pgPackingMaterial|96480985|001
pgArtwork|90758141|001
pgArtwork|99728138|001
pgPackingMaterial|99690253|001
pgArtwork|96702086|001
pgPackingMaterial|97065633|001
pgArtwork|97248888|001
pgArtwork|96995248|001
pgPackingMaterial|96847426|001
pgArtwork|99593561|001
pgPackingMaterial|99576652|002
pgArtwork|97453924|001
pgPackingMaterial|97417339|001
pgArtwork|92046219|001
pgArtwork|96387370|001
pgArtwork|96550894|001
pgPackingMaterial|96459528|002
pgArtwork|96966949|001
pgPackingMaterial|96844352|001
pgPackingMaterial|92024211|001
pgArtwork|99616036|001
pgArtwork|99552298|001
pgPackingMaterial|99502490|002
pgArtwork|96515999|001
pgArtwork|99632810|001
pgPackingMaterial|99506104|001
pgArtwork|99983287|001
pgArtwork|92099424|001
pgPackingMaterial|92078876|001
pgPackingMaterial|97068237|001
pgArtwork|97263803|001
pgArtwork|92384348|001
pgPackingMaterial|92268642|001
pgArtwork|96618639|001
pgPackingMaterial|96521954|002
pgArtwork|97263918|001
pgMasterPackingMaterial|99546545|001
pgIllustration|99367748|001
pgArtwork|92010518|001
pgPackingMaterial|92024198|001
pgArtwork|92035955|001
pgArtwork|99728149|001
pgPackingMaterial|92175316|001
pgArtwork|96934038|001
pgArtwork|97435478|001
pgPackingMaterial|97363455|001
pgArtwork|90509778|001
pgPackingMaterial|97536850|001
pgArtwork|92261867|001
pgArtwork|99807885|001
pgPackingMaterial|99706933|001
pgArtwork|96699486|001
pgArtwork|92096893|001
pgArtwork|94526002|001
pgPackingMaterial|92205089|001
pgArtwork|97410271|001
pgPackingMaterial|97393700|001
pgArtwork|97456901|001
pgPackingMaterial|97438296|001
pgArtwork|90744942|001
pgPackingMaterial|97604885|001
pgArtwork|90694629|001
pgPackingMaterial|97587697|001
pgArtwork|92046221|001
pgArtwork|97473254|001
pgPackingMaterial|97362040|001
pgArtwork|90675386|001
pgPackingMaterial|97606887|001
pgArtwork|97242678|001
pgArtwork|90816670|001
pgPackingMaterial|97526322|001
pgArtwork|97223379|001
pgPackingMaterial|97103771|001
pgArtwork|90591372|001
pgPackingMaterial|90542856|001
pgArtwork|96618081|001
pgPackingMaterial|96454814|001
pgPackingMaterial|96257008|001
pgArtwork|96353781|001
pgArtwork|92316815|001
pgArtwork|96958325|001
pgPackingMaterial|97533419|001
pgArtwork|99593576|001
pgPackingMaterial|99587669|001
pgArtwork|92090342|001
pgPackingMaterial|96636052|002
pgArtwork|96886713|001
pgArtwork|99552206|001
pgPackingMaterial|99507099|002
pgArtwork|92217367|001
pgArtwork|97458710|001
pgPackingMaterial|97344655|001
pgArtwork|95471146|001
pgArtwork|96186826|001
pgArtwork|92120872|001
pgArtwork|92070643|001
pgPackingMaterial|97035742|001
pgArtwork|97100803|001
pgArtwork|92050547|001
pgArtwork|97091642|001
pgArtwork|97288076|001
pgArtwork|97341858|001
pgPackingMaterial|97343241|001
pgArtwork|97499332|001
pgPackingMaterial|97433095|001
pgArtwork|99586965|001
pgPackingMaterial|99412618|001
pgPackingMaterial|97379567|002
pgArtwork|97065095|001
pgPackingMaterial|97344281|001
pgArtwork|97568296|001
pgPackingMaterial|97505491|001
pgArtwork|90776677|001
pgArtwork|99675288|001
pgPackingMaterial|99640030|001
pgPackingMaterial|96263814|001
pgArtwork|96308777|001
pgArtwork|92167834|001
pgArtwork|92260698|001
pgPackingMaterial|92222275|001
pgArtwork|92319009|001
pgPackingMaterial|92222269|001
pgArtwork|96940275|001
pgPackingMaterial|96753628|003
pgArtwork|97452619|001
pgPackingMaterial|97358604|001
pgPackingMaterial|99332735|001
pgArtwork|99350303|001
pgPackingMaterial|96955050|001
pgArtwork|97064919|001
pgArtwork|96300962|001
pgArtwork|99971293|001
pgPackingMaterial|99977558|001
pgArtwork|99675286|001
pgPackingMaterial|99640028|001
pgArtwork|96802694|001
pgPackingMaterial|96639284|001
pgPackingMaterial|96636535|002
pgArtwork|97606897|001
pgArtwork|96477298|001
pgPackingMaterial|96284099|002
pgPackingMaterial|96463962|001
pgArtwork|92255008|001
pgArtwork|96909622|001
pgPackingMaterial|96777966|001
pgArtwork|97470985|001
pgArtwork|96528016|001
pgPackingMaterial|96484345|001
pgArtwork|92132665|001
pgArtwork|92119284|001
pgPackingMaterial|99940031|002
pgArtwork|97062915|001
pgPackingMaterial|96844348|003
pgArtwork|97228716|001
pgPackingMaterial|97071565|001
pgArtwork|96544554|001
pgArtwork|96657446|001
pgPackingMaterial|96499675|001
pgArtwork|96242075|001
pgPackingMaterial|96468262|001
pgArtwork|96627691|001
pgPackingMaterial|99502766|001
pgArtwork|99552186|001
pgArtwork|97077920|001
pgPackingMaterial|96855664|003
pgPackingMaterial|98626593|002
pgArtwork|98701729|001
pgArtwork|96657441|001
pgPackingMaterial|96496523|001
pgArtwork|90741597|001
pgMasterPackingMaterial|97102232|001
pgPackingMaterial|90574400|001
pgArtwork|99911702|001
pgPackingMaterial|99881686|001
pgArtwork|92167841|001
pgArtwork|96387380|001
pgArtwork|95476998|001
pgArtwork|97079712|001
pgPackingMaterial|96982610|001
pgArtwork|92099931|001
pgArtwork|96359934|001
pgPackingMaterial|96272252|001
pgArtwork|97032198|001
pgPackingMaterial|96950624|001
pgArtwork|97448431|001
pgPackingMaterial|97360067|001
pgArtwork|96672231|001
pgArtwork|96341156|001
pgPackingMaterial|96258508|001
pgArtwork|96657445|001
pgPackingMaterial|96499674|001
pgPackingMaterial|96306944|001
pgArtwork|97464844|001
pgArtwork|96523305|001
pgPackingMaterial|97417898|001
pgArtwork|97453942|001
pgArtwork|96618064|001
pgPackingMaterial|99550946|001
pgArtwork|99632744|001
pgArtwork|99632809|001
pgPackingMaterial|99506087|001
pgArtwork|97499308|001
pgPackingMaterial|97454093|001
pgArtwork|97204930|001
pgPackingMaterial|97134635|001
pgArtwork|96956407|001
pgPackingMaterial|96821189|003
pgArtwork|97448429|001
pgPackingMaterial|97359978|001
pgArtwork|90586181|001
pgPackingMaterial|97533408|001
pgArtwork|96232915|001
pgArtwork|97501454|001
pgPackingMaterial|97373253|001
pgPackingMaterial|97373452|001
pgPackingMaterial|90500716|001
pgArtwork|90591375|001
pgPackingMaterial|90542859|001
pgArtwork|96727224|001
pgPackingMaterial|96624944|001
pgArtwork|99883625|001
pgPackingMaterial|99861250|001
pgArtwork|97263802|001
pgPackingMaterial|97065636|001
pgArtwork|99579311|001
pgPackingMaterial|99546427|001
pgArtwork|99702280|001
pgArtwork|99749390|001
pgMasterPackingMaterial|95774971|003
pgPackingMaterial|95861891|001
pgArtwork|95879038|001
pgPackingMaterial|90776607|001
pgArtwork|96702761|001
pgIllustration|99286478|001
pgArtwork|92167721|001
pgArtwork|97012583|001
pgArtwork|92320859|001
pgArtwork|96965444|001
pgArtwork|96627100|001
pgArtwork|96300913|001
pgArtwork|97448430|001
pgPackingMaterial|97359989|001
pgArtwork|92393940|001
pgPackingMaterial|92355150|001
pgArtwork|96148267|001
pgPackingMaterial|92392750|001
pgPackingMaterial|96753636|003
pgArtwork|96938379|001
pgArtwork|92063517|001
pgArtwork|96921439|001
pgPackingMaterial|97437764|001
pgArtwork|97452509|001
pgMasterPackingMaterial|96791018|001
pgIllustration|96194618|001
pgArtwork|97464030|001
pgPackingMaterial|97365055|002
pgArtwork|92059639|001
pgArtwork|90796839|001
pgArtwork|96514826|001
pgArtwork|96827359|001
pgPackingMaterial|96625458|003
pgArtwork|92299657|001
pgArtwork|98584734|001
pgArtwork|97441843|001
pgPackingMaterial|97438301|001
pgArtwork|90653084|001
pgPackingMaterial|90616520|002
pgPackingMaterial|96556548|001
pgArtwork|97326672|001
pgPackingMaterial|97138776|001
pgArtwork|97062281|001
pgPackingMaterial|96986642|001
pgArtwork|97447737|001
pgPackingMaterial|96578877|001
pgArtwork|96785104|001
pgPackingMaterial|96776495|002
pgArtwork|96243737|001
pgPackingMaterial|96676521|002
pgPackingMaterial|96468321|001
pgArtwork|99583148|001
pgArtwork|90666259|001
pgPackingMaterial|90657337|002
pgPackingMaterial|97379579|002
pgPackingMaterial|98765015|001
pgArtwork|99614828|001
pgPackingMaterial|92024206|001
pgArtwork|99340500|001
pgPackingMaterial|99248428|002
pgArtwork|96418220|001
pgArtwork|98849719|001
pgPackingMaterial|96839791|001
pgPackingMaterial|90721947|001
pgArtwork|97233192|001
pgPackingMaterial|97068311|001
pgArtwork|96950599|001
pgPackingMaterial|96753733|003
pgPackingMaterial|90776589|001
pgArtwork|99806683|001
pgPackingMaterial|99334048|001
pgArtwork|98729535|001
pgArtwork|96387371|001
pgPackingMaterial|96285988|001
pgArtwork|96631858|001
pgPackingMaterial|96469806|001
pgArtwork|92058234|001
pgArtwork|96617984|001
pgArtwork|96544519|001
pgPackingMaterial|96296324|001
pgArtwork|99806735|001
pgPackingMaterial|99718486|001
pgArtwork|90760300|001
pgPackingMaterial|97587503|001
pgArtwork|96424697|001
pgPackingMaterial|96371374|001
pgArtwork|96550834|001
pgArtwork|97269735|001
pgPackingMaterial|97068265|001
pgArtwork|99676108|001
pgPackingMaterial|96575042|001
pgArtwork|96427178|001
pgPackingMaterial|96299209|001
pgArtwork|97450876|001
pgArtwork|92337782|001
pgArtwork|96481252|001
pgPackingMaterial|96283703|002
pgArtwork|92283282|001
pgPackingMaterial|92204231|001
pgArtwork|97450217|001
pgPackingMaterial|97365160|001
pgArtwork|99558778|001
pgArtwork|96244115|001
pgPackingMaterial|97533409|001
pgArtwork|90564580|001
pgArtwork|92120860|001
pgArtwork|96376093|001
pgArtwork|99806697|001
pgPackingMaterial|99706935|001
pgArtwork|99806694|001
pgPackingMaterial|99698963|001
pgPackingMaterial|97437765|001
pgArtwork|97452510|001
pgPackingMaterial|97526433|001
pgMasterPackingMaterial|95513890|003
pgIllustration|95520044|001
pgArtwork|92064936|001
pgArtwork|96385994|001
pgArtwork|96912957|001
pgPackingMaterial|96676513|002
pgArtwork|90669658|001
pgPackingMaterial|97587505|001
pgArtwork|96926647|001
pgPackingMaterial|96660180|001
pgPackingMaterial|96514537|001
pgArtwork|96587776|001
pgArtwork|96480509|001
pgPackingMaterial|96407429|001
pgArtwork|92064934|001
pgArtwork|99639886|001
pgPackingMaterial|99510855|001
pgArtwork|90820116|001
pgArtwork|96546693|001
pgPackingMaterial|96480977|002
pgArtwork|96484989|001
pgPackingMaterial|96463963|001
pgArtwork|92144604|001
pgPackingMaterial|92109431|001
pgMasterPackingMaterial|95940359|001
pgIllustration|95935956|001
pgArtwork|96627091|001
pgPackingMaterial|96434560|001
pgArtwork|90674821|001
pgPackingMaterial|90518149|001
pgArtwork|90785695|001
pgPackingMaterial|90767058|001
pgArtwork|96934043|001
pgPackingMaterial|96755499|003
pgArtwork|96588792|001
pgPackingMaterial|96468312|001
pgArtwork|96683377|001
pgPackingMaterial|97533417|001
pgArtwork|90598798|001
pgPackingMaterial|90574454|001
pgArtwork|92167839|001
pgArtwork|96481266|001
pgArtwork|97237886|001
pgPackingMaterial|97068194|001
pgArtwork|96632009|001
pgArtwork|97228717|001
pgPackingMaterial|97124205|001
pgArtwork|97450475|001
pgPackingMaterial|97365558|001
pgArtwork|97047831|001
pgPackingMaterial|99519738|001
pgArtwork|96595315|001
pgPackingMaterial|96467623|002
pgArtwork|92115147|001
pgArtwork|99918459|001
pgPackingMaterial|92060736|002
pgPackingMaterial|96412402|001
pgArtwork|96595660|001
pgArtwork|97088191|001
pgPackingMaterial|97127324|001
pgArtwork|97237808|001
pgArtwork|92315840|001
pgArtwork|96626870|001
pgPackingMaterial|96402582|001
pgArtwork|92122509|001
pgArtwork|99930954|001
pgPackingMaterial|99881675|001
pgPackingMaterial|96855808|003
pgArtwork|97051145|001
pgArtwork|96353783|001
pgPackingMaterial|96258511|001
pgArtwork|97375924|001
pgPackingMaterial|97138735|001
pgArtwork|96481268|001
pgPackingMaterial|96322684|001
pgArtwork|92065092|001
pgArtwork|96462574|001
pgArtwork|99623325|001
pgPackingMaterial|99550909|002
pgArtwork|97029924|001
pgArtwork|95784557|001
pgPackingMaterial|99964118|001
pgArtwork|96627062|001
pgPackingMaterial|96481081|001
pgArtwork|92084520|001
pgArtwork|96363536|001
pgArtwork|98989479|001
pgArtwork|97077985|001
pgPackingMaterial|99299915|001
pgArtwork|97125924|001
pgPackingMaterial|96706743|002
pgArtwork|96627106|001
pgPackingMaterial|96436800|001
pgArtwork|92318311|001
pgArtwork|97263917|001
pgPackingMaterial|97065488|001
pgArtwork|99768614|001
pgPackingMaterial|99757802|001
pgPackingMaterial|97355474|001
pgArtwork|97576540|001
pgArtwork|99768634|001
pgPackingMaterial|99757962|001
pgPackingMaterial|99881681|001
pgArtwork|99930960|001
pgArtwork|96583291|001
pgPackingMaterial|96468307|001
pgArtwork|99806734|001
pgArtwork|96532094|001
pgPackingMaterial|96762426|001
pgArtwork|92126954|001
pgArtwork|94517708|001
pgPackingMaterial|92205133|001
pgArtwork|92299791|001
pgArtwork|96627021|001
pgPackingMaterial|96414201|002
pgMasterPackingMaterial|95586679|002
pgPackingMaterial|95615424|005
pgArtwork|96946818|001
pgArtwork|99462868|001
pgPackingMaterial|99379299|001
pgArtwork|94500053|001
pgPackingMaterial|92342295|001
pgArtwork|96446238|001
pgArtwork|92091735|001
pgArtwork|96662040|001
pgPackingMaterial|97096826|001
pgArtwork|97575258|001
pgPackingMaterial|97481472|001
pgPackingMaterial|96473006|001
pgArtwork|96385993|001
pgArtwork|90543424|001
pgPackingMaterial|97605640|001
pgArtwork|95796987|001
pgPackingMaterial|99964988|002
pgArtwork|96641892|001
pgPackingMaterial|96466580|001
pgPackingMaterial|97068309|001
pgArtwork|97258238|001
pgArtwork|99582534|001
pgPackingMaterial|99547307|001
pgPackingMaterial|97356180|001
pgArtwork|97473253|001
pgArtwork|96442001|001
pgPackingMaterial|96283648|002
pgArtwork|96858978|001
pgPackingMaterial|96660977|001
pgPackingMaterial|90776581|001
pgArtwork|97499331|001
pgArtwork|92261865|001
pgPackingMaterial|92223071|001
pgPackingMaterial|90776583|001
pgArtwork|99581015|001
pgPackingMaterial|99550316|001
pgArtwork|96187150|001
pgPackingMaterial|92397372|001
pgArtwork|96491948|001
pgPackingMaterial|96845242|001
pgArtwork|97058846|001
pgArtwork|92364634|001
pgArtwork|92227956|001
pgArtwork|92100052|001
pgArtwork|92319635|001
pgPackingMaterial|92053664|001
pgArtwork|99607605|001
pgArtwork|96665360|001
pgPackingMaterial|96466572|001
pgArtwork|92120845|001
pgPackingMaterial|99928886|002
pgArtwork|92066406|001
pgPackingMaterial|99804637|001
pgArtwork|97311761|001
pgPackingMaterial|97123622|001
pgArtwork|92115148|001
pgPackingMaterial|99941528|001
pgArtwork|92329947|001
pgArtwork|90847527|001
pgArtwork|90820711|001
pgArtwork|90824158|001
pgPackingMaterial|90823802|001
pgPackingMaterial|90836161|001
pgPackingMaterial|90823853|001
pgPackingMaterial|99859210|001
pgPackingMaterial|99859258|001
pgPackingMaterial|99859261|001
pgPackingMaterial|90830595|001
pgArtwork|90847547|001
pgPackingMaterial|90825841|001
pgArtwork|90842167|001
pgArtwork|90851969|001
pgPackingMaterial|90823796|001
pgArtwork|97134726|001
pgArtwork|90848966|001
pgArtwork|90857089|001
pgArtwork|90856849|001
pgPackingMaterial|90863447|001
pgPackingMaterial|90863521|001
pgPackingMaterial|90775400|002
pgPackingMaterial|90825962|001
pgPackingMaterial|90825960|001
pgPackingMaterial|90825914|001
pgPackingMaterial|90825908|001
pgPackingMaterial|90796694|002
pgPackingMaterial|90865112|001
pgPackingMaterial|90797434|002
pgPackingMaterial|90852917|001
pgPackingMaterial|97123490|001
pgPackingMaterial|90799323|001
pgPackingMaterial|90868192|001
pgPackingMaterial|90852912|001
pgArtwork|90884341|001
pgArtwork|90869623|001
pgMasterPackingMaterial|97031665|003
pgMasterPackingMaterial|96940440|002
pgMasterPackingMaterial|96504307|004
pgIllustration|96793981|001
pgMasterPackingMaterial|96729575|004
pgMasterPackingMaterial|96926810|004
pgMasterPackingMaterial|99575672|006
pgMasterPackingMaterial|96952717|003
pgMasterPackingMaterial|96791314|004
pgMasterPackingMaterial|99727993|006
pgMasterPackingMaterial|96952815|003
pgMasterPackingMaterial|97070674|003
pgMasterPackingMaterial|94530584|004
pgPackingMaterial|90877918|001
pgPackingMaterial|90871652|001
pgPackingMaterial|90871657|001
pgPackingMaterial|90871688|001
pgPackingMaterial|90875503|001
pgPackingMaterial|90877920|001
pgPackingMaterial|90871710|001
pgPackingMaterial|97364670|002
pgPackingMaterial|97370574|002
pgPackingMaterial|97364988|002
pgPackingMaterial|90871641|001
pgPackingMaterial|90882675|001
pgPackingMaterial|90871693|001
pgPackingMaterial|90871644|001
pgPackingMaterial|90887051|001
pgPackingMaterial|90871654|001
pgPackingMaterial|90871648|001
pgPackingMaterial|97356083|002
pgPackingMaterial|97364547|002
pgPackingMaterial|90871716|001
pgPackingMaterial|90871773|001
pgPackingMaterial|90871691|001
pgPackingMaterial|90871676|001
pgPackingMaterial|90871706|001
pgArtwork|90891396|001
pgArtwork|90891395|001
pgArtwork|90892516|001
pgArtwork|90891391|001
pgArtwork|90892513|001
pgArtwork|90892514|001
pgPackingMaterial|90797459|002
pgPackingMaterial|90797437|002
pgPackingMaterial|90797443|002
pgPackingMaterial|90797454|002
pgPackingMaterial|90797448|002
pgPackingMaterial|90896443|001
pgArtwork|90902715|001
pgPackingMaterial|96722170|001
pgPackingMaterial|90880058|001
pgPackingMaterial|90884093|001
pgPackingMaterial|90867091|001
pgPackingMaterial|90867092|001
pgPackingMaterial|96722154|001
pgPackingMaterial|90866902|001
pgPackingMaterial|90880050|001
pgPackingMaterial|96722137|001
pgPackingMaterial|90880060|001
pgPackingMaterial|90867077|001
pgPackingMaterial|90862435|001
pgPackingMaterial|90880055|001
pgPackingMaterial|90861837|001
pgPackingMaterial|90862429|001
pgPackingMaterial|90862427|001
pgPackingMaterial|90861803|001
pgPackingMaterial|95514677|001
pgPackingMaterial|96629372|001
pgPackingMaterial|90860459|001
pgPackingMaterial|96722027|001
pgPackingMaterial|96721998|001
pgPackingMaterial|96722018|001
pgPackingMaterial|92064805|001
pgArtwork|90917079|001
pgPackingMaterial|90863828|001
pgPackingMaterial|90851862|001
pgPackingMaterial|90864731|001
pgPackingMaterial|90912369|001
pgPackingMaterial|90864832|001
pgPackingMaterial|90922168|001
pgPackingMaterial|90879963|001
pgPackingMaterial|90880043|001
pgPackingMaterial|90667535|001
pgPackingMaterial|90879887|001
pgPackingMaterial|90879953|001
pgPackingMaterial|90880140|001
pgPackingMaterial|90880371|001
pgPackingMaterial|90880056|001
pgPackingMaterial|90880259|001
pgPackingMaterial|90926359|001
pgPackingMaterial|97125311|002
pgArtwork|90938481|001
pgMasterPackingMaterial|99643689|008
pgMasterPackingMaterial|97106004|006
pgMasterPackingMaterial|97319654|003
pgMasterPackingMaterial|97342392|003
pgArtwork|90942058|001
pgArtwork|90942062|001
pgArtwork|90942057|001
pgArtwork|90942060|001
pgArtwork|90942059|001
pgArtwork|90942055|001
pgArtwork|90942064|001
pgArtwork|90942061|001
pgMasterPackingMaterial|60086845|004
pgMasterPackingMaterial|97135455|004
pgArtwork|97012657|001
pgArtwork|90945550|001
pgArtwork|97012659|001
pgArtwork|97012654|001
pgArtwork|97012660|001
pgArtwork|90934207|001
pgArtwork|90945215|001
pgArtwork|90945212|001
pgArtwork|90945216|001
pgArtwork|90949541|001
pgArtwork|90952502|001
pgArtwork|90953467|001
pgArtwork|90953596|001
pgArtwork|90952329|001
pgArtwork|90952498|001
pgArtwork|90952501|001
pgArtwork|90956183|001
pgArtwork|90956147|001
pgArtwork|90956044|001
pgArtwork|90956043|001
pgArtwork|90959177|001
pgArtwork|97030261|001
pgArtwork|90958959|001
pgArtwork|90958958|001
pgArtwork|90959179|001
pgArtwork|90959190|001
pgArtwork|90960101|001
pgArtwork|90960103|001
pgArtwork|90960104|001
pgArtwork|90960016|001
pgArtwork|90960100|001
pgArtwork|90948487|001
pgArtwork|90964617|001
pgArtwork|90964598|001
pgArtwork|90964599|001
pgPackingMaterial|90945050|001
pgPackingMaterial|90858573|001
pgPackingMaterial|90875220|001
pgArtwork|90969105|001
pgArtwork|90977077|001
pgArtwork|90977833|001
pgQualitySpecification|95095228|002
pgQualitySpecification|95187467|001
pgArtwork|90979218|001
pgArtwork|90980625|001
pgArtwork|90980430|001
pgArtwork|90980815|001
pgPackingMaterial|90982647|001
pgPackingMaterial|90987320|001
pgPackingMaterial|90987322|001
pgPackingMaterial|90987321|001
pgArtwork|90990008|001
pgPackingMaterial|90993437|001
pgPackingMaterial|90993447|001
pgPackingMaterial|90993439|001
pgPackingMaterial|90993448|001
pgPackingMaterial|90993440|001
pgPackingMaterial|90993436|001
pgPackingMaterial|90993438|001
pgPackingMaterial|90985163|001
pgArtwork|91009150|001
pgMasterPackingMaterial|97410696|005
pgArtwork|91008028|001
pgArtwork|91021677|001
pgArtwork|91021679|001
pgArtwork|91021678|001
pgPackingMaterial|90987874|001
pgArtwork|91023456|001
pgArtwork|91025086|001
pgArtwork|91024220|001
pgArtwork|91025087|001
pgArtwork|91024214|001
pgArtwork|91025015|001
pgArtwork|91024218|001
pgArtwork|91024219|001
pgArtwork|91024216|001
pgPackingMaterial|91024076|001
pgArtwork|91040664|001
pgArtwork|91040910|001
pgArtwork|91040915|001
pgArtwork|91040911|001
pgArtwork|91040914|001
pgArtwork|91040913|001
pgPackingMaterial|90956819|001
pgPackingMaterial|91038685|001
pgPackingMaterial|91025772|001
pgArtwork|91035015|001
pgArtwork|91025419|001
pgPackingMaterial|90914934|002
pgArtwork|91062590|001
pgArtwork|91062745|001
pgArtwork|91051465|001
pgArtwork|91066165|001
pgPackingMaterial|91062494|001
pgPackingMaterial|91062489|001
pgArtwork|91069101|001
pgArtwork|91070377|001
pgArtwork|91071576|001
pgArtwork|91071810|001
pgArtwork|91071803|001
pgArtwork|91071809|001
pgArtwork|91071779|001
pgPackingMaterial|91067496|001
pgPackingMaterial|91038774|002
pgPackingMaterial|91073634|001
pgArtwork|91075951|001
pgArtwork|91076218|001
pgArtwork|91076221|001
pgArtwork|91076919|001
pgArtwork|91076937|001
pgArtwork|91076936|001
pgArtwork|91076935|001
pgArtwork|91078779|001
pgArtwork|91065181|001
pgMasterPackingMaterial|90604438|003
pgArtwork|91083732|001
pgArtwork|91086236|001
pgArtwork|91086285|001
pgArtwork|91086235|001
pgPackingMaterial|91083737|001
pgPackingMaterial|91083738|001
pgPackingMaterial|91083736|001
pgPackingMaterial|91077554|001
pgArtwork|91088257|001
pgPackingMaterial|91085384|001
pgArtwork|91082613|001
pgArtwork|91093393|001
pgArtwork|91093394|001
pgPackingMaterial|91096093|001
pgPackingMaterial|91096096|001
pgPackingMaterial|91078696|001
pgPackingMaterial|91078697|001
pgPackingMaterial|91078700|001
pgArtwork|91101569|001
pgArtwork|91104313|001
pgArtwork|91104309|001
pgArtwork|91104311|001
pgArtwork|91104310|001
pgPackingMaterial|90993362|002
pgPackingMaterial|90993358|002
pgPackingMaterial|90993360|002
pgPackingMaterial|90993359|002
pgArtwork|91121391|001
pgPackingMaterial|91110116|001
pgPackingMaterial|91110210|001
pgArtwork|91128557|001
pgArtwork|91133332|001
pgArtwork|91123553|001
pgArtwork|91133344|001
pgArtwork|91132814|001
pgArtwork|91132813|001
pgArtwork|91139000|001
pgMasterPackingMaterial|95699092|004
pgArtwork|91146271|001
pgArtwork|91146270|001
pgPackingMaterial|91065232|002
pgPackingMaterial|91065237|002
pgPackingMaterial|91150319|001
pgArtwork|91183768|001
pgArtwork|91183770|001
pgArtwork|91183765|001
pgArtwork|91183767|001
pgArtwork|91183764|001
pgArtwork|91116456|001
pgPackingMaterial|91188099|001
pgPackingMaterial|97076577|001
pgPackingMaterial|96976569|001
pgArtwork|91208389|001
pgIllustration|96715954|002
pgIllustration|96439819|002
pgIllustration|96715953|002
pgArtwork|91236387|001
pgArtwork|91236388|001
pgArtwork|91266364|001
pgIllustration|97252118|002
pgPackingMaterial|91282604|001
pgPackingMaterial|91282605|001
pgArtwork|91296000|001
pgArtwork|91296001|001
pgArtwork|91297177|001
pgArtwork|91303229|001
pgPackingMaterial|91303287|001
pgPackingMaterial|91204243|001
pgPackingMaterial|98816291|001
pgPackingMaterial|91303373|001
pgIllustration|91038664|001
pgPackingMaterial|91304811|002
pgArtwork|91305551|001
pgArtwork|91320606|001
pgArtwork|91325314|001
pgArtwork|91326434|001
pgArtwork|91331315|001
pgArtwork|91313872|001
pgArtwork|91347974|001
pgPackingMaterial|91293970|001
pgArtwork|91351023|001
pgPackingMaterial|91349132|001
pgMasterPackingMaterial|91209213|001
pgArtwork|91340336|001
pgIllustration|99402090|006
pgPackingMaterial|91324004|001
pgPackingMaterial|91263043|002
pgPackingMaterial|91262964|002
pgPackingMaterial|91263047|002
pgPackingMaterial|91263062|002
pgPackingMaterial|91263060|002
pgPackingMaterial|91263026|002
pgPackingMaterial|91263325|002
pgPackingMaterial|91263316|002
pgPackingMaterial|91263234|002
pgPackingMaterial|91262961|002
pgPackingMaterial|91263040|002
pgPackingMaterial|91263308|002
pgPackingMaterial|91263037|002
pgPackingMaterial|91262959|002
pgPackingMaterial|91263042|002
pgPackingMaterial|91263306|002
pgPackingMaterial|91263036|002
pgPackingMaterial|91263031|002
pgPackingMaterial|91263050|002
pgPackingMaterial|91262720|002
pgPackingMaterial|91262963|002
pgPackingMaterial|91263029|002
pgPackingMaterial|91263032|002
pgPackingMaterial|91263057|002
pgPackingMaterial|91249700|002
pgArtwork|91381515|001
pgArtwork|91385248|001
Test Method Specification|91319203|001
pgArtwork|91387095|001
pgArtwork|91387094|001
pgArtwork|91387097|001
pgArtwork|91387098|001
pgArtwork|91387096|001
pgArtwork|91386996|001
pgArtwork|91381513|001
pgArtwork|91372575|001
pgArtwork|91381514|001
pgArtwork|91372781|001
pgArtwork|91381516|001
pgArtwork|91372783|001
pgArtwork|91387445|001
pgArtwork|91387446|001
pgArtwork|91389796|001
pgArtwork|91391711|001
pgArtwork|91393737|001
pgArtwork|91394107|001
pgArtwork|91394104|001
pgArtwork|91394106|001
pgPackingMaterial|91381866|001
pgPackingMaterial|91381867|001
pgArtwork|91236710|001
pgArtwork|91397115|001
pgArtwork|91397113|001
pgArtwork|91397189|001
pgArtwork|91397069|001
pgArtwork|91397116|001
pgArtwork|91385424|001
pgArtwork|91397507|001
pgArtwork|91397506|001
pgArtwork|91397505|001
pgArtwork|91398142|001
pgArtwork|91398144|001
pgArtwork|91398140|001
pgArtwork|91401058|001
pgArtwork|91401041|001
pgArtwork|91401042|001
pgArtwork|91403360|001
pgArtwork|91403277|001
pgArtwork|91403279|001
pgArtwork|91403278|001
pgArtwork|91403359|001
pgArtwork|91403361|001
pgPackingMaterial|97269086|002
pgPackingMaterial|97439830|002
pgMasterPackingMaterial|90593219|001
pgPackingMaterial|91262960|002
pgArtwork|91406561|001
pgArtwork|91406562|001
pgArtwork|91409407|001
pgArtwork|91386998|001
pgArtwork|91410360|001
pgMasterPackingMaterial|99575670|006
pgSupplierInformationSheet|96749157|006
pgArtwork|97102483|001
pgArtwork|91416914|001
pgArtwork|91416912|001
pgPackingMaterial|91319898|001
pgPackingMaterial|91319903|001
pgPackingMaterial|91319900|001
pgPackingMaterial|91319907|001
pgMasterPackingMaterial|99372030|002
pgMasterPackingMaterial|95899305|002
pgArtwork|91437248|001
pgArtwork|91437247|001
pgArtwork|91437250|001
pgPackingMaterial|91287890|001
pgPackingMaterial|91287893|001
pgMasterPackingMaterial|91210093|001
pgPackingMaterial|91287908|001
pgPackingMaterial|91287907|001
pgPackingMaterial|91289035|001
pgPackingMaterial|92213985|001
pgPackingMaterial|91289055|001
pgPackingMaterial|92214143|001
pgPackingMaterial|91287896|001
pgPackingMaterial|91272084|001
pgPackingMaterial|91287906|001
pgPackingMaterial|91287888|001
pgPackingMaterial|91287886|001
pgPackingMaterial|91289029|001
pgPackingMaterial|91287911|001
pgPackingMaterial|92214110|001
pgPackingMaterial|91289042|001
pgPackingMaterial|91287913|001
pgPackingMaterial|91287910|001
pgPackingMaterial|91289115|001
pgPackingMaterial|92214145|001
pgArtwork|91439631|001
pgArtwork|91439975|001
pgArtwork|91439976|001
pgArtwork|91436644|001
pgArtwork|91416265|001
pgArtwork|91422581|001
pgPackingMaterial|91366128|001
pgArtwork|91423800|001
pgArtwork|91430035|001
pgArtwork|91430036|001
pgArtwork|91430037|001
pgArtwork|91438007|001
pgArtwork|91412732|001
pgArtwork|91412923|001
pgArtwork|91440195|001
pgArtwork|91440409|001
pgArtwork|97022593|001
pgArtwork|91354951|001
pgPackingMaterial|91419279|001
pgPackingMaterial|91419181|001
pgPackingMaterial|91419355|001
pgPackingMaterial|91419338|001
pgPackingMaterial|91419352|001
pgPackingMaterial|91419274|001
pgPackingMaterial|91419186|001
pgPackingMaterial|91419347|001
pgPackingMaterial|91419687|001
pgPackingMaterial|91419342|001
pgPackingMaterial|91419349|001
pgPackingMaterial|91419185|001
pgPackingMaterial|91419344|001
pgPackingMaterial|91419172|001
pgPackingMaterial|91419697|001
pgPackingMaterial|91419358|001
pgPackingMaterial|91419178|001
pgPackingMaterial|91419345|001
pgPackingMaterial|91419341|001
pgArtwork|91443880|001
pgArtwork|91444010|001
pgArtwork|91445140|001
pgArtwork|91445135|001
pgArtwork|91445126|001
pgArtwork|91445129|001
pgArtwork|91445127|001
pgArtwork|91445134|001
pgArtwork|91445137|001
pgArtwork|91445138|001
pgArtwork|91445131|001
pgArtwork|91445130|001
pgArtwork|91445136|001
pgArtwork|91445168|001
pgArtwork|91445639|001
pgArtwork|91445636|001
pgArtwork|91445637|001
pgArtwork|91445633|001
pgArtwork|91445825|001
pgArtwork|91445634|001
pgArtwork|91450480|001
pgArtwork|91450645|001
pgArtwork|91439799|001
pgArtwork|91452839|001
pgArtwork|91452202|001
pgArtwork|91452854|001
pgArtwork|91454260|001
pgArtwork|91454429|001
pgArtwork|91455161|001
pgArtwork|91456685|001
pgArtwork|91456566|001
pgArtwork|91424864|001
pgArtwork|91459369|001
pgArtwork|91462118|001
pgArtwork|91462404|001
pgArtwork|91462441|001
pgPackingMaterial|91425093|001
pgPackingMaterial|91425092|001
pgArtwork|91465718|001
pgArtwork|91465420|001
pgArtwork|91465883|001
pgPackingMaterial|91398319|001
pgPackingMaterial|91156848|001
pgPackingMaterial|91156844|001
pgPackingMaterial|91156847|001
pgPackingMaterial|91156846|001
pgPackingMaterial|91156845|001
pgArtwork|91464719|001
pgArtwork|91474308|001
pgArtwork|91474307|001
pgPackingMaterial|91470651|001
pgArtwork|91477865|001
pgArtwork|91477861|001
pgArtwork|91477863|001
pgArtwork|91477985|001
pgArtwork|91480597|001
pgPackingMaterial|91439966|001
pgPackingMaterial|91439967|001
pgPackingMaterial|91439958|001
pgArtwork|91474241|001
pgPackingMaterial|91478277|001
pgPackingMaterial|91478276|001
pgArtwork|91475772|001
pgArtwork|91485352|001
pgArtwork|91487039|001
pgArtwork|91487038|001
pgArtwork|91465735|001
pgArtwork|91491666|001
pgArtwork|91491785|001
pgArtwork|90963017|001
pgArtwork|91493736|001
pgArtwork|91487786|001
pgPackingMaterial|91495358|001
pgArtwork|91501593|001
pgArtwork|91501761|001
pgArtwork|91501755|001
pgArtwork|91501762|001
pgArtwork|91501804|001
pgArtwork|91501805|001
pgArtwork|91501803|001
pgPackingMaterial|91428418|001
pgPackingMaterial|91357014|001
pgPackingMaterial|91403166|001
pgPackingMaterial|91428419|001
pgPackingMaterial|91428407|001
pgPackingMaterial|91405168|001
pgArtwork|91491951|001
pgPackingMaterial|91405080|001
pgArtwork|91497336|001
pgArtwork|91496296|001
pgArtwork|91502290|001
pgArtwork|91502293|001
pgArtwork|91502292|001
pgPackingMaterial|91496280|001
pgPackingMaterial|91496282|001
pgPackingMaterial|91496279|001
pgPackingMaterial|91496283|001
pgArtwork|91503461|001
pgArtwork|91510687|001
pgArtwork|91515606|001
pgMasterPackingMaterial|97570266|002
pgArtwork|91521835|001
pgArtwork|91524826|001
pgArtwork|91525023|001
Packaging Material Part|96654112|002
Packaging Material Part|90638682|003
Packaging Material Part|91045416|002
pgArtwork|91521668|001
Packaging Material Part|90903843|002
pgArtwork|91530390|001
pgArtwork|91530391|001
pgPackingMaterial|91487149|001
pgArtwork|91502886|001
pgArtwork|91503691|001
pgPackingMaterial|91532803|002
pgArtwork|97258760|001
Packaging Material Part|90753473|002
Packaging Material Part|91084946|002
pgArtwork|91564438|001
pgMasterPackingMaterial|91401123|001
pgPackingMaterial|91435019|001
pgArtwork|91521836|001
pgArtwork|91580742|001
pgArtwork|91580743|001
pgPackingMaterial|91566467|001
pgArtwork|91587409|001
pgArtwork|91588372|001
pgArtwork|91589272|001
pgArtwork|91589293|001
pgArtwork|91589297|001
pgArtwork|91589273|001
pgArtwork|91589294|001
pgArtwork|91571892|001
pgArtwork|91571891|001
pgPackingMaterial|91583064|001
pgPackingMaterial|91583063|001
pgArtwork|91576553|001
pgArtwork|91576551|001
pgArtwork|91577828|001
pgPackingMaterial|91582379|001
pgPackingMaterial|91562869|001
pgPackingMaterial|91579740|001
pgArtwork|90752556|001
pgArtwork|91588422|001
pgArtwork|91502763|001
pgArtwork|91588560|001
pgArtwork|91588418|001
pgIllustration|64024146|006
pgIllustration|60070807|008
pgPackingMaterial|91520419|001
pgPackingMaterial|91520420|001
pgArtwork|91604835|001
pgPackingMaterial|91478512|002
pgPackingMaterial|91588908|001
pgPackingMaterial|91515796|001
pgPackingMaterial|91520415|001
pgPackingMaterial|91520452|001
pgPackingMaterial|91603800|001
pgPackingMaterial|91520413|001
pgPackingMaterial|91520410|001
pgPackingMaterial|91515789|001
pgPackingMaterial|91604342|001
pgPackingMaterial|91520451|001
pgPackingMaterial|91520416|001
pgPackingMaterial|91520411|001
pgPackingMaterial|91604343|001
pgPackingMaterial|91520449|001
pgPackingMaterial|91497560|001
pgPackingMaterial|91496858|001
pgPackingMaterial|91303301|001
pgArtwork|97477713|001
pgArtwork|97109677|001
pgArtwork|90560488|001
pgArtwork|91611097|001
pgArtwork|91611096|001
pgPackingMaterial|91605512|001
pgPackingMaterial|91605514|001
pgPackingMaterial|91605548|001
pgPackingMaterial|91605513|001
pgPackingMaterial|91605515|001
pgPackingMaterial|91612352|001
pgArtwork|91624823|001
pgArtwork|91606857|001
pgPackingMaterial|91517685|001
pgArtwork|91606885|001
pgArtwork|91606859|001
pgPackingMaterial|91518958|001
pgArtwork|91610879|001
pgPackingMaterial|91529721|001
pgArtwork|91606887|001
pgArtwork|91624828|001
pgArtwork|91606858|001
pgArtwork|91606886|001
pgPackingMaterial|91529646|001
pgArtwork|91624738|001
pgArtwork|91606856|001
pgArtwork|91624739|001
pgMasterPackingMaterial|62911271|005
pgMasterPackingMaterial|92132048|003
pgMasterPackingMaterial|64024108|007
pgMasterPackingMaterial|64007901|006
pgArtwork|91385687|001
pgArtwork|91627011|001
pgArtwork|91628671|001
pgPackingMaterial|91564283|001
pgPackingMaterial|91564285|001
pgPackingMaterial|91564287|001
pgArtwork|91585603|001
pgArtwork|91585604|001
pgArtwork|91585605|001
pgIllustration|91631324|001
pgMasterPackingMaterial|91331554|003
pgArtwork|91636971|001
pgArtwork|91636970|001
pgArtwork|91636969|001
pgMasterPackingMaterial|98602888|015
Packaging Material Part|91538108|001
pgIllustration|91631325|003
pgArtwork|91666504|001
pgArtwork|91667689|001
pgArtwork|91668203|001
pgArtwork|91668338|001
pgArtwork|91670869|001
pgArtwork|91670866|001
pgArtwork|91672316|001
pgPackingMaterial|91626878|001
pgPackingMaterial|91644779|001
pgPackingMaterial|91645506|001
pgPackingMaterial|91645466|001
pgPackingMaterial|91648567|001
pgPackingMaterial|91645612|001
pgPackingMaterial|91645652|001
pgPackingMaterial|91644778|001
pgPackingMaterial|91648853|001
pgPackingMaterial|91649159|001
pgPackingMaterial|91648777|001
pgPackingMaterial|91648778|001
pgPackingMaterial|96700177|001
pgPackingMaterial|91649158|001
pgPackingMaterial|91648825|001
pgPackingMaterial|91648824|001
pgPackingMaterial|91649151|001
pgPackingMaterial|91649149|001
pgArtwork|91686102|001
pgPackingMaterial|91684544|001
pgArtwork|91686159|001
pgPackingMaterial|90750444|001
pgArtwork|91687477|001
pgPackingMaterial|91618782|001
pgMasterPackingMaterial|96934233|002
pgPackingMaterial|91618789|001
pgPackingMaterial|91618786|001
pgPackingMaterial|91618785|001
pgPackingMaterial|91618788|001
pgPackingMaterial|91618790|001
pgPackingMaterial|91618787|001
pgArtwork|91705402|001
pgArtwork|91705351|001
pgArtwork|91705403|001
pgArtwork|91705404|001
pgArtwork|91705988|001
pgPackingMaterial|91704928|001
pgPackingMaterial|91704937|001
pgPackingMaterial|91704935|001
pgPackingMaterial|91704939|001
pgPackingMaterial|91704941|001
pgPackingMaterial|91704938|001
pgPackingMaterial|91704940|001
pgPackingMaterial|91704936|001
pgPackingMaterial|91704934|001
pgPackingMaterial|91704933|001
pgPackingMaterial|91704931|001
pgPackingMaterial|91704932|001
pgArtwork|91708591|001
pgArtwork|91683930|001
pgArtwork|91710788|001
pgArtwork|91710798|001
pgArtwork|91710804|001
pgArtwork|91710789|001
pgArtwork|91711863|001
pgPackingMaterial|99526572|001
pgPackingMaterial|91618793|001
pgArtwork|91717080|001
pgArtwork|91717276|001
pgArtwork|91725650|001
pgArtwork|91725651|001
pgArtwork|91709614|001
pgArtwork|91725649|001
pgArtwork|91727030|001
pgArtwork|91366661|001
pgMasterPackingMaterial|99653601|006
pgArtwork|91733649|001
pgArtwork|91733600|001
pgArtwork|91647462|001
pgArtwork|91733598|001
pgArtwork|91733648|001
pgArtwork|91733599|001
pgArtwork|90873904|001
pgPackingMaterial|97582097|002
pgArtwork|98896339|001
pgPackingMaterial|98794347|002
pgArtwork|99684959|001
pgPackingMaterial|96251962|001
pgArtwork|96237557|001
pgArtwork|96357126|001
pgArtwork|96532571|001
pgPackingMaterial|92237767|002
pgArtwork|96303907|001
pgArtwork|96408962|001
pgPackingMaterial|96242080|001
pgArtwork|95541866|001
pgPackingMaterial|98690846|002
pgArtwork|97247518|001
pgPackingMaterial|96731777|001
pgArtwork|96544203|001
pgArtwork|99300507|001
pgPackingMaterial|99284337|002
pgArtwork|97042387|001
pgPackingMaterial|99251347|001
pgPackingMaterial|96724327|001
pgArtwork|94520608|001
pgPackingMaterial|92350706|001
pgArtwork|99989749|001
pgArtwork|96267676|001
pgPackingMaterial|94522187|001
pgArtwork|99991199|001
pgArtwork|96626772|001
pgPackingMaterial|99860018|002
pgArtwork|96359562|001
pgPackingMaterial|96138407|001
pgArtwork|99300505|001
pgPackingMaterial|99284290|002
pgArtwork|98629368|001
pgPackingMaterial|98594154|002
pgArtwork|96626768|001
pgPackingMaterial|96383223|001
pgArtwork|90706056|001
pgArtwork|97123549|001
pgPackingMaterial|98987296|001
pgPackingMaterial|96674439|001
pgArtwork|92382656|001
pgArtwork|97053509|001
pgPackingMaterial|96966163|001
pgArtwork|90725461|001
pgPackingMaterial|97243684|002
pgArtwork|96328370|001
pgPackingMaterial|96230282|001
pgArtwork|96467054|001
pgArtwork|96532569|001
pgPackingMaterial|92237763|002
pgPackingMaterial|92284643|001
pgArtwork|90531415|001
pgPackingMaterial|97377479|002
pgArtwork|96508639|001
pgPackingMaterial|96481051|001
pgArtwork|96604332|001
pgPackingMaterial|92034265|001
pgArtwork|92250077|001
pgPackingMaterial|92090123|001
pgArtwork|95730321|001
pgPackingMaterial|95191136|002
pgArtwork|92332302|001
pgArtwork|92130376|001
pgPackingMaterial|92171762|001
pgArtwork|96544204|001
pgArtwork|97333521|001
pgPackingMaterial|96731797|001
pgArtwork|96277253|001
pgPackingMaterial|92363319|001
pgArtwork|99634275|001
pgPackingMaterial|99576494|002
pgArtwork|92368735|001
pgArtwork|96258345|001
pgArtwork|96277128|001
pgPackingMaterial|92363310|001
pgArtwork|96576296|001
pgPackingMaterial|96419525|001
pgArtwork|96392093|001
pgPackingMaterial|92228287|001
pgArtwork|90728678|001
pgPackingMaterial|97420280|001
pgArtwork|96224286|001
pgArtwork|96330890|001
pgPackingMaterial|94522188|001
pgArtwork|97058851|001
pgPackingMaterial|96966167|001
pgArtwork|98617237|001
pgPackingMaterial|98594165|002
pgArtwork|96993451|001
pgPackingMaterial|96778310|001
pgPackingMaterial|99423710|001
pgArtwork|96611675|001
pgPackingMaterial|96300946|001
pgArtwork|94508616|001
pgArtwork|96708993|001
pgPackingMaterial|96731793|001
pgArtwork|96951037|001
pgPackingMaterial|96856195|001
pgArtwork|96442657|001
pgPackingMaterial|96302034|002
pgArtwork|97290603|001
pgPackingMaterial|97138501|001
pgArtwork|92232450|001
pgPackingMaterial|99865188|002
pgPackingMaterial|90598928|001
pgArtwork|90692932|001
pgArtwork|96577380|001
pgPackingMaterial|96400955|001
pgArtwork|96588869|001
pgPackingMaterial|96300963|001
pgPackingMaterial|90599066|001
pgArtwork|96588555|001
pgPackingMaterial|96300957|001
pgArtwork|99248505|001
pgArtwork|91007337|001
pgPackingMaterial|97596400|001
pgArtwork|96387523|001
pgArtwork|96322046|001
pgPackingMaterial|96296080|001
pgArtwork|97420431|001
pgPackingMaterial|97325079|001
pgArtwork|96544954|001
pgArtwork|96583289|001
pgPackingMaterial|96292878|001
pgArtwork|96893003|001
pgPackingMaterial|96844566|001
pgPackingMaterial|90591448|002
pgArtwork|90739386|001
pgPackingMaterial|97242592|002
pgArtwork|96247168|001
pgPackingMaterial|96720240|001
pgArtwork|96309448|001
pgPackingMaterial|96239336|001
pgArtwork|99982966|001
pgArtwork|96469542|001
pgPackingMaterial|96495155|001
pgArtwork|96350819|001
pgPackingMaterial|96242093|001
pgArtwork|92358870|001
pgArtwork|96237990|001
pgArtwork|97247520|001
pgPackingMaterial|96731796|001
pgArtwork|97604586|001
pgPackingMaterial|97488078|001
pgPackingMaterial|90599065|001
pgArtwork|96919600|001
pgPackingMaterial|96856200|001
pgPackingMaterial|99980684|001
pgArtwork|99989790|001
pgArtwork|96591298|001
pgPackingMaterial|96410751|001
pgPackingMaterial|97128529|001
pgArtwork|97049917|001
pgPackingMaterial|96966168|001
pgArtwork|95896326|001
pgPackingMaterial|95881995|002
pgArtwork|96276480|001
pgPackingMaterial|97582315|001
pgArtwork|92161299|001
pgArtwork|97068844|001
pgPackingMaterial|96960963|001
pgArtwork|95838109|001
pgPackingMaterial|95783469|002
pgArtwork|95841627|001
pgPackingMaterial|95786175|002
pgArtwork|98669512|001
pgArtwork|97407093|001
pgPackingMaterial|97324338|001
pgArtwork|90713401|001
pgPackingMaterial|97417940|001
pgArtwork|98640954|001
pgPackingMaterial|98570906|002
pgArtwork|97393277|001
pgPackingMaterial|97079281|002
pgArtwork|97030958|001
pgPackingMaterial|96966176|001
pgArtwork|98871744|001
pgPackingMaterial|98836572|003
pgArtwork|98946038|001
pgPackingMaterial|98930104|002
pgPackingMaterial|99895070|001
pgArtwork|97109015|001
pgArtwork|94520606|001
pgPackingMaterial|92350697|001
pgArtwork|92161298|001
pgArtwork|92214185|001
pgArtwork|92151915|001
pgPackingMaterial|50007450|002
pgArtwork|96233642|001
pgArtwork|96617969|001
pgPackingMaterial|96536692|001
pgArtwork|96651356|001
pgPackingMaterial|96467598|001
pgPackingMaterial|96724320|001
pgArtwork|96155866|001
pgArtwork|96244246|001
pgArtwork|96687330|001
pgPackingMaterial|96635899|001
pgArtwork|96348242|001
pgArtwork|96309449|001
pgPackingMaterial|96239341|001
pgPackingMaterial|96724342|001
pgArtwork|96237989|001
pgArtwork|97128279|001
pgPackingMaterial|96827783|002
pgArtwork|98905321|001
pgPackingMaterial|98794196|002
pgArtwork|90845114|001
pgPackingMaterial|97582989|001
pgArtwork|97264606|001
pgPackingMaterial|97055942|001
pgPackingMaterial|99895506|001
pgArtwork|96298943|001
pgPackingMaterial|92182247|001
pgPackingMaterial|50158908|002
pgArtwork|97031065|001
pgPackingMaterial|96966151|001
pgArtwork|96400833|001
pgPackingMaterial|96356432|001
pgArtwork|96646838|001
pgPackingMaterial|97377476|001
pgArtwork|95720924|001
pgPackingMaterial|95191143|002
pgArtwork|97506139|001
pgPackingMaterial|96863743|002
pgArtwork|97486339|001
pgPackingMaterial|97119919|001
pgIllustration|90821664|001
pgPackingMaterial|50159935|002
pgArtwork|98629373|001
pgPackingMaterial|98598556|002
pgArtwork|97112414|001
pgPackingMaterial|99691603|001
pgArtwork|96647187|001
pgPackingMaterial|94525732|001
pgArtwork|99312975|001
pgArtwork|90503382|001
pgPackingMaterial|97377477|001
pgArtwork|96350365|001
pgPackingMaterial|96242089|001
pgArtwork|92368590|001
pgArtwork|96216681|001
pgPackingMaterial|94522149|001
pgPackingMaterial|96681478|001
pgArtwork|90845112|001
pgPackingMaterial|97582452|001
pgArtwork|96346767|001
pgPackingMaterial|99454398|001
pgPackingMaterial|92033787|001
pgArtwork|96691408|001
pgPackingMaterial|96731798|001
pgArtwork|96262358|001
pgPackingMaterial|94522152|001
pgArtwork|90683272|001
pgArtwork|97331052|001
pgPackingMaterial|96731792|001
pgArtwork|90545749|001
pgPackingMaterial|97435914|002
pgArtwork|98941585|001
pgArtwork|99982967|001
pgArtwork|92258405|001
pgArtwork|98617239|001
pgPackingMaterial|98598551|002
pgArtwork|90852394|001
pgPackingMaterial|97582986|002
pgPackingMaterial|92089976|001
pgArtwork|96644656|001
pgPackingMaterial|94525739|001
pgPackingMaterial|96720246|001
pgArtwork|95399852|001
pgPackingMaterial|98690844|002
pgArtwork|96654729|001
pgPackingMaterial|96481092|001
pgArtwork|96813685|001
pgPackingMaterial|96527981|002
pgArtwork|96194550|001
pgArtwork|90852393|001
pgPackingMaterial|97582449|002
pgMasterPackingMaterial|60061873|007
pgPackingMaterial|91618791|001
pgArtwork|91756411|001
pgIllustration|91754986|001
pgPackingMaterial|91745731|001
pgPackingMaterial|91719527|001
pgArtwork|91759024|001
pgArtwork|91756123|001
pgPackingInstructions|91756140|001
pgPackingMaterial|91732273|002
pgArtwork|91764866|001
pgArtwork|91765719|001
pgArtwork|91740765|001
pgArtwork|91740763|001
pgArtwork|91740764|001
pgArtwork|91768249|001
pgArtwork|91768492|001
pgArtwork|91768513|001
pgArtwork|91768491|001
pgMasterPackingMaterial|97418397|003
pgArtwork|91770905|001
pgArtwork|91770903|001
pgArtwork|91770907|001
pgArtwork|91770906|001
pgArtwork|91770904|001
pgArtwork|91771250|001
pgPackingMaterial|91667820|002
pgPackingMaterial|91686080|002
pgPackingMaterial|91782426|001
pgIllustration|60061875|005
pgArtwork|91757054|001
pgArtwork|91788188|001
pgArtwork|91789768|001
pgArtwork|91790747|001
pgArtwork|91791430|001
pgArtwork|91791898|001
pgArtwork|91798856|001
pgArtwork|91800682|001
pgArtwork|POA-00031869|001
pgPackingMaterial|91770282|001
pgArtwork|91820640|001
pgIllustration|62910700|007
Packaging Material Part|98919381|002
pgMasterPackagingMaterialPart|MPMP-00043305|001
pgArtwork|91827638|001
pgPackingMaterial|91580030|002
pgPackingMaterial|91736355|003
pgPackingMaterial|91532804|003
Packaging Material Part|91559848|002
Packaging Material Part|91039029|003
pgArtwork|91835974|001
pgPackingMaterial|91803492|003
pgPackingMaterial|91827525|003
pgPackingMaterial|91825651|003
pgPackingMaterial|91825832|003
pgPackingMaterial|91826973|001
pgPackingMaterial|91826974|001
pgArtwork|91841354|001
pgArtwork|POA-00037104|001
pgArtwork|90898451|001
pgArtwork|90964463|001
pgMasterPackagingMaterialPart|MPMP-00037648|001
pgArtwork|91846305|001
pgArtwork|91846306|001
pgPackingMaterial|91825833|004
pgArtwork|96998306|001
pgIllustration|99560732|003
pgIllustration|97270628|003
pgArtwork|90674162|001
Packaging Material Part|91468151|002
pgIllustration|97284035|002
pgArtwork|91517201|001
pgArtwork|POA-00042975|001
pgMasterPackagingMaterialPart|MPMP-00026519|001
pgArtwork|POA-00055044|001
Packaging Material Part|91854709|005
pgArtwork|99673984|001
pgMasterPackagingMaterialPart|MPMP-00036904|002
pgMasterPackagingMaterialPart|MPMP-00036931|002
pgArtwork|90648909|001
pgArtwork|97601946|001
pgMasterPackagingMaterialPart|MPMP-00036674|002
pgArtwork|96863469|001
pgArtwork|95483597|001
pgMasterPackagingMaterialPart|MPMP-00036932|002
pgMasterPackagingMaterialPart|MPMP-00036737|002
pgArtwork|96544202|001
pgMasterPackagingMaterialPart|MPMP-00036662|002
pgArtwork|99711644|001
pgArtwork|99692463|001
pgMasterPackagingMaterialPart|MPMP-00036689|002
pgArtwork|96952694|001
pgMasterPackagingMaterialPart|MPMP-00036666|002
pgArtwork|97562981|001
pgArtwork|97550846|001
pgArtwork|90545747|001
pgArtwork|96532547|001
pgArtwork|90685085|001
pgArtwork|96262428|001
pgMasterPackagingMaterialPart|MPMP-00036736|002
pgIllustration|99402087|006
pgMasterPackagingMaterialPart|MPMP-00036930|002
pgArtwork|90845470|001
pgArtwork|99598269|001
pgArtwork|90526056|001
pgArtwork|99911554|001
pgArtwork|97429012|001
pgArtwork|92219982|001
pgArtwork|97602479|001
pgArtwork|99692724|001
pgArtwork|92114579|001
pgMasterPackagingMaterialPart|MPMP-00036667|002
pgArtwork|99912455|001
pgArtwork|99791821|001
pgArtwork|90609204|001
pgMasterPackagingMaterialPart|MPMP-00036879|002
pgArtwork|96580178|001
pgIllustration|97418299|002
pgArtwork|92219979|001
pgArtwork|90609203|001
pgArtwork|97569822|001
pgArtwork|90570336|001
pgArtwork|92379653|001
pgMasterPackagingMaterialPart|MPMP-00036695|002
pgArtwork|95483599|001
pgMasterPackagingMaterialPart|MPMP-00036881|002
pgIllustration|97473705|001
pgArtwork|90528826|001
pgArtwork|97590811|001
pgArtwork|POA-00045011|001
pgArtwork|96346766|001
pgArtwork|96355091|001
pgArtwork|90511572|001
pgArtwork|92200041|001
pgArtwork|96576096|001
pgArtwork|91133027|001
pgArtwork|90537299|001
pgArtwork|99791819|001
pgArtwork|97593675|001
pgArtwork|90790203|001
pgArtwork|90624505|001
pgArtwork|90858286|001
pgArtwork|92114577|001
pgArtwork|95833554|001
pgArtwork|96168083|001
POA|POA-00031308|001
pgArtwork|92376221|001
pgArtwork|96951051|001
pgArtwork|97338919|001
pgArtwork|90633579|001
pgArtwork|91208830|001
pgArtwork|91825552|001
pgArtwork|91715900|001
pgArtwork|90642564|001
pgArtwork|90642825|001
pgArtwork|91063629|001
pgArtwork|91683994|001
pgMasterPackagingMaterialPart|MPMP-00036614|002
pgArtwork|90647653|001
pgArtwork|92302392|001
pgArtwork|90711172|001
pgArtwork|92213288|001
pgArtwork|90613973|001
pgArtwork|96248375|001
pgArtwork|96150047|001
pgArtwork|90538723|001
POA|POA-00024067|001
pgArtwork|90597073|001
pgArtwork|POA-00048094|001
pgArtwork|90507217|001
pgArtwork|90744302|001
pgArtwork|90648906|001
pgArtwork|97507513|001
pgArtwork|96296279|001
pgArtwork|91785545|001
pgArtwork|92327760|001
pgArtwork|90648910|001
pgMasterPackagingMaterialPart|MPMP-00036778|002
pgArtwork|96616049|001
pgArtwork|91331228|001
pgArtwork|98599850|001
pgArtwork|92235372|001
pgArtwork|90869863|001
pgArtwork|90630486|001
pgArtwork|91063174|001
POA|POA-00021967|001
pgArtwork|96601756|001
pgArtwork|90842047|001
pgArtwork|96616688|001
pgArtwork|90692108|001
pgArtwork|90660570|001
pgArtwork|97533218|001
pgArtwork|POA-00043998|001
pgArtwork|90539458|001
pgArtwork|96582034|001
pgArtwork|99978048|001
pgArtwork|91572330|001
pgArtwork|97403738|001
pgArtwork|91454426|001
pgArtwork|90633581|001
pgArtwork|99701697|001
pgArtwork|97033500|001
pgArtwork|92393689|001
pgArtwork|91578463|001
pgArtwork|92344131|001
pgArtwork|91443598|001
pgArtwork|91133028|001
pgArtwork|97443969|001
pgArtwork|91299012|001
pgArtwork|90693992|001
pgArtwork|99808484|001
pgArtwork|90978797|001
pgArtwork|90595114|001
pgArtwork|92140161|001
pgArtwork|97083455|001
pgArtwork|90539459|001
pgArtwork|90597075|001
pgArtwork|97035862|001
pgArtwork|91003130|001
pgArtwork|99701698|001
pgArtwork|99742438|001
pgArtwork|97416436|001
pgArtwork|96408957|001
pgArtwork|90633580|001
pgArtwork|90518994|001
pgArtwork|97110012|001
pgArtwork|97429724|001
pgArtwork|90539457|001
pgArtwork|96387522|001
pgArtwork|96895225|001
pgArtwork|91280708|001
pgArtwork|99587911|001
pgArtwork|92376891|001
pgArtwork|90744160|001
pgArtwork|96549534|001
pgArtwork|97550845|001
pgArtwork|90978796|001
pgArtwork|96233644|001
pgArtwork|90685086|001
pgArtwork|91589093|001
pgArtwork|90739802|001
pgArtwork|96348243|001
POA|POA-00031309|001
pgArtwork|91299015|001
pgArtwork|99669738|001
pgArtwork|90634555|001
pgArtwork|92106432|001
pgArtwork|96449648|001
pgIllustration|99887230|001
pgMasterPackagingMaterialPart|MPMP-00037002|002
pgArtwork|97403739|001
pgArtwork|91003128|001
pgArtwork|POA-00053546|001
pgArtwork|96571386|001
pgArtwork|91588793|001
pgArtwork|90507219|001
pgIllustration|92128176|001
pgArtwork|96400223|001
pgArtwork|91272174|001
pgMasterPackagingMaterialPart|MPMP-00036752|002
pgArtwork|92002503|001
pgArtwork|91267884|001
pgArtwork|96786486|001
pgArtwork|99587906|001
pgArtwork|96368339|001
pgArtwork|90741579|001
pgArtwork|97405872|001
pgArtwork|96532567|001
pgArtwork|97418405|001
pgArtwork|96883321|001
pgArtwork|91836988|001
pgArtwork|90542480|001
pgArtwork|96663722|001
pgArtwork|99673985|001
pgArtwork|96409930|001
pgArtwork|90537298|001
pgArtwork|90644488|001
pgArtwork|99845357|001
pgArtwork|90842387|001
POA|POA-00021969|001
pgArtwork|96269659|001
pgArtwork|92096421|001
pgArtwork|92111943|001
pgArtwork|96151069|001
pgArtwork|90836325|001
pgArtwork|96470103|001
pgArtwork|90605539|001
pgArtwork|97386732|001
pgArtwork|91280737|001
pgArtwork|96604503|001
pgArtwork|91322147|001
pgArtwork|90601417|001
pgArtwork|90799337|001
pgArtwork|90845471|001
pgArtwork|97136877|001
pgArtwork|96388955|001
pgArtwork|97599616|001
pgArtwork|90972066|001
pgArtwork|96355092|001
pgArtwork|90647654|001
pgArtwork|99912460|001
pgArtwork|90690669|001
pgArtwork|90543411|001
pgArtwork|96595708|001
pgArtwork|96368806|001
pgArtwork|91095932|001
pgArtwork|91011024|001
pgArtwork|92329880|001
pgArtwork|90628578|001
pgArtwork|96275823|001
Packaging Material Part|91156843|002
Packaging Material Part|90826107|002
pgArtwork|POA-00061247|001
pgArtwork|POA-00062066|001
pgArtwork|POA-00062649|001
pgArtwork|POA-00063791|001
pgArtwork|POA-00064287|001
Packaging Material Part|91942179|001
Packaging Material Part|91986271|001
pgIllustration|ILST-00010400|001
pgMasterPackagingMaterialPart|MPMP-00036610|003
pgArtwork|POA-00069021|001
pgArtwork|POA-00069038|001
pgArtwork|POA-00069905|001
pgArtwork|POA-00069914|001
pgArtwork|POA-00071945|001
pgArtwork|POA-00075265|001
pgIllustration|62910701|007
Packaging Material Part|91825634|004
pgMasterPackagingMaterialPart|MPMP-00036646|002
pgArtwork|99762318|001
pgMasterPackagingMaterialPart|MPMP-00036651|002
pgArtwork|99793590|001
pgArtwork|99596328|001
pgMasterPackagingMaterialPart|MPMP-00036645|002
pgMasterPackagingMaterialPart|MPMP-00036650|002
pgArtwork|99655561|001
pgArtwork|99789590|001
pgArtwork|99789588|001
pgArtwork|POA-00080131|001
Packaging Material Part|95309522|002
Packaging Material Part|99665263|002
Packaging Material Part|95148661|003
Packaging Material Part|95059748|003
Packaging Material Part|99679469|002
Packaging Material Part|99665254|002
pgArtwork|POA-00080375|001
pgArtwork|POA-00080486|001
pgArtwork|POA-00080883|001
Packaging Material Part|91272600|001
Packaging Material Part|90531892|001
Packaging Material Part|91273170|001
Packaging Material Part|91273171|001
Packaging Material Part|91340127|001
Packaging Material Part|90545134|001
Packaging Material Part|91335231|001
Packaging Material Part|90545135|001
Packaging Material Part|91177047|001
pgArtwork|POA-00081868|001
Packaging Material Part|90985730|003
pgArtwork|POA-00085072|001
pgArtwork|POA-00085069|001
pgArtwork|POA-00087230|001
pgArtwork|POA-00087222|001
pgArtwork|POA-00093620|001
pgArtwork|POA-00093631|001
pgArtwork|POA-00093627|001
pgArtwork|POA-00093621|001
pgArtwork|POA-00093630|001
pgArtwork|POA-00093628|001
pgArtwork|POA-00097833|001
pgArtwork|POA-00098467|001
pgArtwork|POA-00098471|001
pgArtwork|POA-00098474|001
pgArtwork|POA-00098468|001
pgArtwork|POA-00098470|001
pgArtwork|POA-00098472|001
pgMasterPackagingMaterialPart|MPMP-00073565|001
Packaging Material Part|91728253|001
pgArtwork|POA-00099620|001
pgArtwork|POA-00099617|001
pgArtwork|POA-00099614|001
pgArtwork|POA-00099613|001
Packaging Material Part|91737739|001
pgMasterPackagingMaterialPart|MPMP-00073116|002
Packaging Material Part|91931795|004
pgIllustration|60015184|002
pgIllustration|60005278|002
pgIllustration|60018760|002
pgIllustration|60013899|004
pgArtwork|POA-00100667|001
Packaging Material Part|90545431|001
Packaging Material Part|90545432|001
pgArtwork|POA-00101108|001
pgArtwork|POA-00101483|001
pgArtwork|POA-00101571|001
Packaging Material Part|91262687|002
pgArtwork|POA-00102164|001
Packaging Material Part|91939227|001
Packaging Material Part|91969185|001
Packaging Material Part|91969202|001
Packaging Material Part|91969180|001
pgArtwork|POA-00106294|001
pgArtwork|POA-00106296|001
pgArtwork|POA-00107240|001
pgArtwork|POA-00107951|001
pgIllustration|99451518|007
pgArtwork|POA-00111373|001
pgArtwork|POA-00115424|001
pgArtwork|POA-00117751|001
pgMasterPackagingMaterialPart|MPMP-00051856|001
pgArtwork|POA-00119683|001
pgArtwork|POA-00119682|001
pgMasterPackagingMaterialPart|MPMP-00078741|001
Packaging Material Part|92048781|003
Packaging Material Part|91408471|003
Packaging Material Part|97569288|003
Packaging Material Part|97118608|002
Packaging Material Part|99577664|003
Packaging Material Part|96153066|003
Packaging Material Part|95476841|003
Packaging Material Part|96306351|002
Packaging Material Part|96670436|002
Packaging Material Part|99577609|003
Packaging Material Part|99685366|003
Packaging Material Part|91366660|002
Packaging Material Part|96897708|002
Packaging Material Part|97522868|002
Packaging Material Part|97489741|002
Packaging Material Part|92228914|003
Packaging Material Part|90775228|002
Packaging Material Part|97106013|003
Packaging Material Part|91787993|002
Packaging Material Part|97377478|003
Packaging Material Part|97242584|003
Packaging Material Part|90544850|002
Packaging Material Part|96219173|003
Packaging Material Part|99493261|003
Packaging Material Part|90775259|002
Packaging Material Part|90591451|002
Packaging Material Part|97593434|002
Packaging Material Part|90716842|002
Packaging Material Part|97104350|002
Packaging Material Part|99844252|004
Packaging Material Part|50159934|006
Packaging Material Part|99392708|003
Packaging Material Part|98778974|003
Packaging Material Part|97377461|002
Packaging Material Part|99718882|003
Packaging Material Part|99986964|002
Packaging Material Part|92275342|002
Packaging Material Part|90544513|001
Packaging Material Part|97243682|002
pgArtwork|POA-00087212|001
Packaging Material Part|91960903|001
Packaging Material Part|91799028|002
Packaging Material Part|90781030|002
Packaging Material Part|96543598|002
Packaging Material Part|98778877|003
Packaging Material Part|91960884|001
Packaging Material Part|97242624|002
Packaging Material Part|91525210|002
pgArtwork|POA-00087449|001
Packaging Material Part|97111730|002
Packaging Material Part|90739571|002
Packaging Material Part|97549838|003
Packaging Material Part|91955524|001
Packaging Material Part|91685702|002
pgArtwork|POA-00087213|001
pgArtwork|POA-00085499|001
Packaging Material Part|91988375|001
Packaging Material Part|99834135|003
Packaging Material Part|91041123|002
Packaging Material Part|95475179|004
pgArtwork|POA-00087216|001
Packaging Material Part|91950595|001
Packaging Material Part|90798316|002
pgArtwork|POA-00085500|001
Packaging Material Part|91994802|001
Packaging Material Part|91226788|003
Packaging Material Part|97473835|002
Packaging Material Part|91228367|002
Packaging Material Part|97377469|003
Packaging Material Part|92348703|002
Packaging Material Part|91988410|001
pgArtwork|POA-00087214|001
Packaging Material Part|91796953|001
Packaging Material Part|90993902|003
Packaging Material Part|90544844|004
Packaging Material Part|94522191|002
Packaging Material Part|92319091|002
Packaging Material Part|97377457|003
Packaging Material Part|91528088|002
Packaging Material Part|99985454|002
Packaging Material Part|91459086|002
Packaging Material Part|90607308|001
Packaging Material Part|96383429|002
Packaging Material Part|99718879|003
Packaging Material Part|90805070|005
Packaging Material Part|97242630|002
Packaging Material Part|97242586|003
Packaging Material Part|90775262|002
Packaging Material Part|90545105|003
Packaging Material Part|97377312|004
Packaging Material Part|95814157|003
Packaging Material Part|92363454|003
Packaging Material Part|99974587|002
pgArtwork|POA-00121557|001
Packaging Material Part|91653238|002
Packaging Material Part|99775997|002
Packaging Material Part|99834148|003
Packaging Material Part|90918952|002
Packaging Material Part|97242580|003
Packaging Material Part|91820951|002
Packaging Material Part|91408466|003
Packaging Material Part|97461824|002
Packaging Material Part|91528032|002
Packaging Material Part|91528077|003
Packaging Material Part|90798105|002
Packaging Material Part|91269238|002
Packaging Material Part|91799006|003
Packaging Material Part|91685664|002
Packaging Material Part|97569635|002
Packaging Material Part|90591453|003
Packaging Material Part|97112077|004
Packaging Material Part|97600139|002
Packaging Material Part|99855242|003
Packaging Material Part|92272673|002
Packaging Material Part|96246890|002
Packaging Material Part|90803777|002
Packaging Material Part|90692957|002
Packaging Material Part|99722641|002
pgArtwork|POA-00099250|001
Packaging Material Part|90973315|001
Packaging Material Part|90863426|003
Packaging Material Part|92347588|002
Packaging Material Part|97243685|002
Packaging Material Part|91572051|002
Packaging Material Part|90571292|003
Packaging Material Part|91682294|001
Packaging Material Part|90511475|002
Packaging Material Part|91403599|002
Packaging Material Part|97377456|003
Packaging Material Part|91632060|002
Packaging Material Part|97417975|002
Packaging Material Part|97242629|003
Packaging Material Part|91323770|002
Packaging Material Part|90775240|002
Packaging Material Part|96511475|003
Packaging Material Part|91745225|002
Packaging Material Part|91943991|001
Packaging Material Part|91525206|002
Packaging Material Part|96210359|003
pgArtwork|POA-00087204|001
Packaging Material Part|91756887|002
Packaging Material Part|92272373|003
Packaging Material Part|96292868|002
Packaging Material Part|91302098|002
Packaging Material Part|91725167|002
Packaging Material Part|97569289|002
Packaging Material Part|91364381|002
Packaging Material Part|99689654|003
Packaging Material Part|91497154|002
Packaging Material Part|91725170|002
Packaging Material Part|91636869|003
Packaging Material Part|99863446|004
pgArtwork|POA-00104389|001
Packaging Material Part|91814259|002
Packaging Material Part|90798259|004
Packaging Material Part|91323761|004
Packaging Material Part|90798104|002
Packaging Material Part|90740342|002
Packaging Material Part|97242607|003
Packaging Material Part|91408479|002
Packaging Material Part|97472076|003
Packaging Material Part|91377593|002
Packaging Material Part|90780783|002
Packaging Material Part|96300976|002
Packaging Material Part|90798317|002
Packaging Material Part|95399480|004
Packaging Material Part|90640095|002
Packaging Material Part|91710878|002
Packaging Material Part|91664459|002
Packaging Material Part|97243683|002
Packaging Material Part|97342401|002
Packaging Material Part|97242588|003
Packaging Material Part|90803678|003
Packaging Material Part|91226793|003
Packaging Material Part|96481090|002
pgArtwork|POA-00087450|001
Packaging Material Part|91323769|003
Packaging Material Part|98780051|003
Packaging Material Part|91988325|001
Packaging Material Part|90650690|003
Packaging Material Part|99890055|003
Packaging Material Part|91636884|002
Packaging Material Part|99270146|003
Packaging Material Part|91408447|003
Packaging Material Part|91403689|002
Packaging Material Part|90523045|002
Packaging Material Part|97374753|004
Packaging Material Part|92145289|003
Packaging Material Part|91403780|003
Packaging Material Part|92183576|002
Packaging Material Part|92272368|003
Packaging Material Part|91323772|002
Packaging Material Part|97112065|002
Packaging Material Part|91753258|003
Packaging Material Part|90805076|003
Packaging Material Part|91745224|002
Packaging Material Part|91213271|002
Packaging Material Part|91379387|002
Packaging Material Part|90640090|002
Packaging Material Part|90798258|003
Packaging Material Part|91756819|002
Packaging Material Part|98706028|003
Packaging Material Part|90798100|002
Packaging Material Part|99863438|005
Packaging Material Part|97444126|002
Packaging Material Part|97242593|003
Packaging Material Part|99319179|002
Packaging Material Part|96966179|003
Packaging Material Part|97549823|003
Packaging Material Part|91185224|001
Packaging Material Part|97497942|002
Packaging Material Part|90803688|002
Packaging Material Part|91647485|002
Packaging Material Part|91394400|002
Packaging Material Part|99392705|003
Packaging Material Part|99586567|004
Packaging Material Part|91408460|003
Packaging Material Part|97104258|002
Packaging Material Part|96375646|002
Packaging Material Part|97377313|003
Packaging Material Part|97242587|003
Packaging Material Part|90798106|002
Packaging Material Part|91528274|002
Packaging Material Part|97132533|002
Packaging Material Part|91988394|001
Packaging Material Part|91408477|002
Packaging Material Part|90664261|002
Packaging Material Part|91711128|002
Packaging Material Part|90803779|002
Packaging Material Part|97110283|003
Packaging Material Part|97374736|006
Packaging Material Part|97242583|003
Packaging Material Part|96863866|003
Packaging Material Part|96270902|002
Packaging Material Part|91820943|002
Packaging Material Part|91711134|002
Packaging Material Part|91226776|002
Packaging Material Part|91362289|002
Packaging Material Part|98976213|003
Packaging Material Part|90775241|002
Packaging Material Part|92183562|004
Packaging Material Part|90648888|002
pgArtwork|POA-00085501|001
Packaging Material Part|91955538|001
Packaging Material Part|97101795|003
Packaging Material Part|96301039|002
Packaging Material Part|96206007|002
Packaging Material Part|90798099|002
Packaging Material Part|90798239|003
Packaging Material Part|97242623|003
Packaging Material Part|91814148|002
Packaging Material Part|96157043|002
Packaging Material Part|97511829|002
Packaging Material Part|91323773|003
Packaging Material Part|99577624|003
Packaging Material Part|97242591|003
Packaging Material Part|91636872|003
pgArtwork|POA-00104390|001
Packaging Material Part|98904731|003
Packaging Material Part|91403953|002
Packaging Material Part|91228437|002
Packaging Material Part|96542194|002
Packaging Material Part|99882493|004
Packaging Material Part|96391454|002
Packaging Material Part|97124983|002
Packaging Material Part|91510696|002
Packaging Material Part|91636885|002
Packaging Material Part|91528079|002
Packaging Material Part|90781029|002
Packaging Material Part|91258074|002
Packaging Material Part|98922945|003
Packaging Material Part|97377468|003
Packaging Material Part|91692540|001
Packaging Material Part|91228359|002
Packaging Material Part|91939849|001
Packaging Material Part|98537346|002
Packaging Material Part|92039496|003
Packaging Material Part|90686815|002
Packaging Material Part|91086411|002
Packaging Material Part|96230299|002
Packaging Material Part|98780053|003
Packaging Material Part|98974924|003
Packaging Material Part|91323771|002
Packaging Material Part|90607311|001
Packaging Material Part|90692966|002
Packaging Material Part|90798269|002
Packaging Material Part|97112046|002
Packaging Material Part|96830884|002
Packaging Material Part|92237719|003
Packaging Material Part|97435913|004
Packaging Material Part|91789779|002
Packaging Material Part|96481087|002
Packaging Material Part|96270914|002
Packaging Material Part|99577666|003
Packaging Material Part|97242622|003
Packaging Material Part|91528272|002
Packaging Material Part|99583248|003
Packaging Material Part|90650677|002
Packaging Material Part|91816717|002
pgArtwork|POA-00089918|001
Packaging Material Part|90556193|002
Packaging Material Part|91960868|001
Packaging Material Part|91377380|002
Packaging Material Part|90780792|002
Packaging Material Part|91636877|002
Packaging Material Part|96157039|002
Packaging Material Part|99974566|002
Packaging Material Part|92315526|002
Packaging Material Part|90740472|002
Packaging Material Part|99867258|002
Packaging Material Part|97242590|003
Packaging Material Part|96391446|002
Packaging Material Part|97095910|003
Packaging Material Part|91236571|002
Packaging Material Part|91990659|001
Packaging Material Part|96301046|003
Packaging Material Part|91302092|002
Packaging Material Part|91228361|002
Packaging Material Part|90781025|003
Packaging Material Part|97089050|002
Packaging Material Part|97242585|003
Packaging Material Part|90775261|002
Packaging Material Part|92334879|002
Packaging Material Part|97072583|004
pgArtwork|POA-00090165|001
Packaging Material Part|97377462|002
Packaging Material Part|91955523|001
Packaging Material Part|90765066|003
Packaging Material Part|91403615|002
Packaging Material Part|91685762|002
Packaging Material Part|90803695|002
Packaging Material Part|92391149|002
Packaging Material Part|97134678|002
Packaging Material Part|92275350|002
Packaging Material Part|90695804|002
pgArtwork|POA-00087206|001
pgArtwork|POA-00087209|001
Packaging Material Part|97593309|002
Packaging Material Part|91955545|001
Packaging Material Part|90640034|002
Packaging Material Part|96467617|002
Packaging Material Part|91960878|001
Packaging Material Part|90922108|002
Packaging Material Part|96230287|002
Packaging Material Part|90686814|002
Packaging Material Part|97242628|002
Packaging Material Part|91403793|003
Packaging Material Part|99834184|003
Packaging Material Part|92363296|003
Packaging Material Part|90674751|001
POA|POA-00132328|001
pgArtwork|POA-00143730|001
pgArtwork|POA-00111283|001
Packaging Material Part|91957011|002
pgArtwork|POA-00106268|001
Packaging Material Part|91951644|002
Packaging Material Part|90896524|001
pgPackingMaterial|90940001|001
pgPackingMaterial|90942591|001
Packaging Material Part|90882297|001
pgArtwork|POA-00151733|001
Packaging Material Part|90758905|001
pgIllustration|95054438|007
POA|POA-00153165|001
Packaging Material Part|90896063|001
pgArtwork|POA-00158620|001
Packaging Material Part|91820938|004
Packaging Material Part|91820937|003
POA|POA-00153195|001
POA|POA-00134463|001
POA|POA-00167014|001
Packaging Material Part|90898657|002
Packaging Material Part|90967537|001
Packaging Material Part|90674752|002
POA|POA-00096618|001
POA|POA-00171687|001
POA|POA-00181546|001
pgIllustration|99719145|004
pgIllustration|99719144|004
POA|POA-00190584|001
Packaging Material Part|91310520|002
Packaging Material Part|91446700|001
pgIllustration|95771939|001
pgIllustration|60073439|001
pgIllustration|64027083|001
pgIllustration|97570257|003
pgQualitySpecification|95592884|004
Packaging Material Part|91413842|001
Packaging Material Part|91437294|001
POA|POA-00203085|001
Packaging Material Part|91565967|001
Packaging Material Part|91565560|001
Packaging Material Part|91565976|001
Packaging Material Part|91506021|001
Packaging Material Part|91506050|001
pgIllustration|64007895|008
pgIllustration|62910863|005
pgIllustration|64007898|007
POA|POA-00223175|001
POA|POA-00223176|001
Packaging Material Part|91629620|001
Packaging Material Part|91649533|001
Packaging Material Part|91613517|001
Packaging Material Part|91649539|001
Packaging Material Part|91649535|001
Packaging Material Part|91629629|001
Packaging Material Part|91649458|001
Packaging Material Part|91475480|002
Packaging Material Part|91569985|002
Packaging Material Part|91531270|002
POA|POA-00222251|001
POA|POA-00222044|001
POA|POA-00222281|001
Packaging Material Part|91714187|001
Packaging Material Part|91667534|001
Packaging Material Part|91753819|001
Packaging Material Part|91753659|001
POA|POA-00249304|001
Packaging Material Part|90607309|002
Packaging Material Part|91726347|001
POA|POA-00249303|001
Packaging Material Part|91519688|002
pgMasterPackagingMaterialPart|MPMP-00036673|005
Packaging Material Part|90640102|002
Packaging Material Part|90585283|002
POA|POA-00265428|001
Packaging Material Part|91907242|001
Packaging Material Part|91918084|001
pgMasterPackagingMaterialPart|MPMP-00102189|003
POA|POA-00267880|001
Packaging Material Part|91914039|001
pgMasterPackagingMaterialPart|MPMP-00035994|002
Packaging Material Part|91468152|004
Packaging Material Part|91960140|003
pgMasterPackagingMaterialPart|MPMP-00078842|003
Packaging Material Part|91954842|003
POA|POA-00267875|001
pgMasterPackagingMaterialPart|MPMP-00070810|003
POA|POA-00183083|001
Packaging Material Part|91168174|002
POA|POA-00284007|001
Packaging Material Part|90009142|002
POA|POA-00273371|001
pgMasterPackagingMaterialPart|MPMP-00081820|002
POA|POA-00134994|001
Packaging Material Part|90750908|003
POA|POA-00145771|001
Packaging Material Part|90761163|002
POA|POA-00157541|001
Packaging Material Part|90921265|002
Packaging Material Part|90831266|002
POA|POA-00145758|001
Packaging Material Part|90579473|002
pgArtwork|POA-00122511|001
POA|POA-00155021|001
Packaging Material Part|90900004|002
Packaging Material Part|90558261|002
POA|POA-00133157|001
Packaging Material Part|90749989|002
Packaging Material Part|90565797|002
pgArtwork|POA-00122512|001
Packaging Material Part|90921278|002
POA|POA-00157542|001
POA|POA-00142394|001
Packaging Material Part|90828558|002
pgArtwork|POA-00122509|001
Packaging Material Part|90565780|002
POA|POA-00179090|001
Packaging Material Part|90890354|003
POA|POA-00134993|001
Packaging Material Part|90747005|003
POA|POA-00155022|001
Packaging Material Part|90853960|002
Packaging Material Part|90761167|002
POA|POA-00146435|001
Packaging Material Part|90746259|002
POA|POA-00135933|001
Packaging Material Part|91932909|002
POA|POA-00146436|001
Packaging Material Part|90831301|002
Packaging Material Part|90576054|003
POA|POA-00121845|001
Packaging Material Part|91336324|002
Packaging Material Part|90527345|002
POA|POA-00132758|001
Packaging Material Part|90713622|002
POA|POA-00157543|001
Packaging Material Part|90921280|002
Packaging Material Part|90867105|002
POA|POA-00155020|001
Packaging Material Part|91770281|003
POA|POA-00179097|001
Packaging Material Part|90920738|003
Packaging Material Part|91782425|003
Packaging Material Part|91337137|002
Packaging Material Part|91437130|002
Packaging Material Part|90601852|002
Packaging Material Part|91184460|002
Packaging Material Part|90993361|004
Packaging Material Part|90920740|003
POA|POA-00179099|001
Packaging Material Part|91478275|004
Packaging Material Part|91349131|003
Packaging Material Part|91349133|004
Packaging Material Part|91337143|002
Packaging Material Part|91005309|002
pgIllustration|ILST-00056499|002
Packaging Material Part|90110657|001
Packaging Material Part|90098030|001
Packaging Material Part|90097624|001
Packaging Material Part|90054310|001
Packaging Material Part|90119495|001
Packaging Material Part|90034001|001
Packaging Material Part|90110703|001
Packaging Material Part|90119498|001
Packaging Material Part|90097670|001
Packaging Material Part|90119393|001
Packaging Material Part|90119389|001
Packaging Material Part|90098031|001
Raw Material|MEP-00053117|1
Raw Material|MEP-00054183|1
Raw Material|90018492|002
Raw Material|91917813|002
Raw Material|91917815|002
Raw Material|91906979|002
pgMasterRawMaterialPart|MRMP-00003057|002
Raw Material|90010958|002
pgMasterRawMaterialPart|MRMP-00003034|001
Raw Material|91935774|002
Raw Material|90020728|002
Raw Material|90150562|001
Raw Material|90150682|001
Raw Material|90232215|001
pgManufacturerMaterial|t0318-1093638428028|001
Raw Material|SEP-00007668|1
Raw Material|SEP-00007759|1
Raw Material|SEP-00007790|1
Raw Material|SEP-00007932|1
Raw Material|SEP-00007940|1
Raw Material|SEP-00008010|1
Raw Material|SEP-00008233|1
Raw Material|MEP-00041178|1
Raw Material|MEP-00041179|1
Raw Material|MEP-00041181|1
Raw Material|MEP-00041182|1
Raw Material|MEP-00041183|1
Raw Material|MEP-00041184|1
Raw Material|MEP-00041185|1
Raw Material|MEP-00041186|1
Raw Material|MEP-00041187|1
Raw Material|MEP-00048947|1
pgRawMaterial|10058052|007
pgRawMaterial|10058981|008
pgRawMaterial|95527896|004
pgRawMaterial|10059380|009
pgRawMaterial|95599657|003
pgRawMaterial|92325672|003
pgRawMaterial|95555160|005
pgRawMaterial|10059532|011
pgRawMaterial|99973406|002
pgRawMaterial|10079573|010
pgRawMaterial|98579799|003
pgRawMaterial|10059558|005
pgRawMaterial|10059078|012
pgRawMaterial|98604980|003
pgRawMaterial|95454832|004
pgRawMaterial|95318533|004
pgRawMaterial|10057836|005
pgRawMaterial|10058513|006
pgRawMaterial|10058958|011
pgRawMaterial|95784198|002
pgRawMaterial|95426749|003
pgRawMaterial|95358580|005
pgRawMaterial|95702099|003
pgRawMaterial|99346702|003
pgRawMaterial|10058363|006
pgRawMaterial|95965693|004
pgRawMaterial|10079972|009
pgRawMaterial|95233875|006
pgRawMaterial|95731660|003
pgRawMaterial|95334816|005
pgRawMaterial|99566927|007
pgRawMaterial|95417463|006
pgRawMaterial|95953461|004
pgRawMaterial|98580034|004
pgRawMaterial|99382725|003
pgRawMaterial|95579147|003
pgRawMaterial|10058834|006
pgRawMaterial|10059910|007
pgRawMaterial|99373926|003
pgRawMaterial|95520252|003
pgRawMaterial|96352531|002
pgRawMaterial|10057458|006
pgRawMaterial|99382726|004
pgRawMaterial|95679689|003
pgRawMaterial|92325670|004
pgRawMaterial|91755419|001
Raw Material|96738487|005
Raw Material|96513669|004
Raw Material|96550765|005
Raw Material|96793913|003
Raw Material|96589984|004
Raw Material|96332408|004
Raw Material|96295049|004
Raw Material|98580020|007
Raw Material|97209930|002
Raw Material|97216441|002
Raw Material|97218402|002
Raw Material|97249636|003
Raw Material|99694375|003
Raw Material|97289663|002
Raw Material|97171160|004
Raw Material|97212562|002
Raw Material|97169929|004
Raw Material|97171098|002
Raw Material|97218403|002
Raw Material|99626415|004
Raw Material|97218401|002
Raw Material|97462380|002
Raw Material|97169931|002
Raw Material|97545486|002
Raw Material|92316921|003
Raw Material|97380213|002
Raw Material|97474358|002
Raw Material|92335883|004
Raw Material|92004066|006
Raw Material|98648083|007
Raw Material|92347106|003
Raw Material|98575868|005
Raw Material|98552617|011
Raw Material|92335881|003
Raw Material|92327883|003
Raw Material|91811457|002
Raw Material|91591309|004
Raw Material|97474397|002
Raw Material|92289284|003
Raw Material|92328026|006
Raw Material|97302688|002
Raw Material|97424599|003
Raw Material|98764966|007
Raw Material|98849762|006
Raw Material|10057658|011
Raw Material|91419833|002
Raw Material|10057747|010
Raw Material|94501361|004
Raw Material|90527266|002
Raw Material|95182437|009
Raw Material|95753624|005
Raw Material|10058217|008
Raw Material|95791021|005
Raw Material|10059039|010
Raw Material|10058919|013
Raw Material|90846630|003
Raw Material|90849991|003
Raw Material|90875194|003
Raw Material|10059064|008
Raw Material|10059378|008
Raw Material|94503184|003
pgRawMaterial|91898765|001
Raw Material|92365085|003
Raw Material|10058136|010
Raw Material|91720126|002
Raw Material|10059738|011
Raw Material|92379977|004
Raw Material|10058768|009
Raw Material|10058423|016
Raw Material|90702980|002
Raw Material|90849959|002
Raw Material|10059384|009
Raw Material|90708698|002
Raw Material|90715853|002
Raw Material|10058529|010
Raw Material|10059746|011
Raw Material|10058937|011
Raw Material|90844434|003
Raw Material|90847348|004
Raw Material|90844429|002
Raw Material|10055464|011
Raw Material|90806165|003
Raw Material|10058185|009
Raw Material|95727688|006
Raw Material|95764248|004
Raw Material|91244203|002
Raw Material|95623551|005
Raw Material|91244322|002
Raw Material|91244424|002
Raw Material|96184550|004
Raw Material|91244531|003
Raw Material|91262323|002
Raw Material|96199373|005
Raw Material|91564359|002
Raw Material|90876612|003
pgRawMaterial|95543308|005
Raw Material|91113949|002
Raw Material|90978423|002
Raw Material|95672555|004
Raw Material|90930896|002
Raw Material|95736622|006
Raw Material|91564517|002
Raw Material|91244326|002
Raw Material|95749691|005
Raw Material|90875195|003
Raw Material|91262372|002
Raw Material|95823894|005
pgRawMaterial|97582477|002
Raw Material|91262364|002
Raw Material|90612844|002
Raw Material|97257051|002
Raw Material|98907466|007
Raw Material|96934610|006
Raw Material|98868842|006
Raw Material|10056517|010
Raw Material|95182438|008
Raw Material|96934511|005
Raw Material|10057326|009
Raw Material|90835088|002
Raw Material|95480606|008
Raw Material|96934508|005
Raw Material|92325671|004
Raw Material|10059977|007
Raw Material|90991327|004
Raw Material|96882273|004
Raw Material|97247949|003
Raw Material|96934613|005
Raw Material|99881736|004
Raw Material|10057197|010
Raw Material|10058228|013
Raw Material|97257034|004
Raw Material|95841170|004
Raw Material|97257048|002
Raw Material|92327886|004
Raw Material|10057339|009
Raw Material|96934507|005
Raw Material|96343742|004
Raw Material|91213042|002
Raw Material|10057038|009
Raw Material|99948153|004
Raw Material|10057196|009
Raw Material|98751374|007
Raw Material|97247952|003
Raw Material|99980239|007
Raw Material|95455140|004
Raw Material|10057321|010
Raw Material|97122581|005
Raw Material|90839385|004
Raw Material|90849997|004
Raw Material|98937181|004
Raw Material|96547884|004
Raw Material|90918381|004
Raw Material|96923207|003
Raw Material|91262371|002
Raw Material|90978454|003
Raw Material|91144242|003
Raw Material|96430944|003
Raw Material|94501357|003
Raw Material|90798294|002
Raw Material|97462430|002
Raw Material|99616649|003
Raw Material|91262374|002
Raw Material|90978449|003
Raw Material|96301081|004
Raw Material|96314082|005
Raw Material|90978460|003
Raw Material|99309149|004
Raw Material|90975596|003
Raw Material|96382751|003
Raw Material|97462153|002
Raw Material|90847340|004
Raw Material|90874766|004
Raw Material|91262365|002
Raw Material|94527304|003
Raw Material|90839382|004
Raw Material|90932542|002
Raw Material|90857242|002
Raw Material|90837888|002
Raw Material|91049197|002
Raw Material|90811194|002
Raw Material|90813487|002
Raw Material|90835070|002
Raw Material|90835050|002
Raw Material|10059993|010
Raw Material|10059980|008
Raw Material|90932536|002
Raw Material|90862677|002
Raw Material|91027959|002
Raw Material|91081733|002
Raw Material|90584531|002
Raw Material|90862675|003
Raw Material|91199369|002
Raw Material|90972947|002
Raw Material|90813485|002
Raw Material|90813489|002
Raw Material|90837797|002
Raw Material|90837806|002
Raw Material|20080120|010
Raw Material|90837883|002
Raw Material|90862328|002
Raw Material|10059955|009
Raw Material|90883230|002
Raw Material|10056834|009
Raw Material|10056870|007
Raw Material|10055584|009
Raw Material|10059748|008
Raw Material|95225255|009
Raw Material|95233085|006
Raw Material|95274483|006
Raw Material|10059764|006
Raw Material|10058510|010
Raw Material|95321226|008
Raw Material|60400241|007
Raw Material|98555428|010
Raw Material|97344414|004
Raw Material|97432008|004
Raw Material|97290498|004
Raw Material|98898323|006
Raw Material|97344416|004
Raw Material|97462442|004
Raw Material|98788122|007
Raw Material|98574387|007
Raw Material|96608498|004
Raw Material|96247018|004
Raw Material|96876967|003
Raw Material|95843577|006
Raw Material|99698502|004
Raw Material|99608913|004
Raw Material|98980369|006
Raw Material|99566962|003
Raw Material|99636794|005
Raw Material|99569682|004
Raw Material|95766300|005
Raw Material|95623552|008
Raw Material|95749690|004
Raw Material|97562122|003
Raw Material|97462148|003
Raw Material|91711526|003
Raw Material|90652231|003
Raw Material|92351069|005
Raw Material|97414942|003
Raw Material|10058522|011
Raw Material|91984972|001
Raw Material|91780118|003
Raw Material|10057286|012
Raw Material|96391381|009
Raw Material|97257057|004
Raw Material|97257064|004
Raw Material|90806160|004
Raw Material|96934505|007
Raw Material|90849954|005
Raw Material|91117395|004
Raw Material|96934502|007
Raw Material|91232361|004
Raw Material|98579794|005
Raw Material|91707733|004
Raw Material|99891893|006
Raw Material|10058447|015
Raw Material|10058055|027
Raw Material|96412842|007
Raw Material|96622545|005
Raw Material|10049541|016
Raw Material|91113943|004
Raw Material|10059513|012
Raw Material|99342119|007
Raw Material|91775360|003
Raw Material|10058943|012
Raw Material|90882105|004
Raw Material|92194736|004
Raw Material|10058304|010
Raw Material|92029768|008
Raw Material|95743942|012
Raw Material|10058896|014
pgManufacturerMaterial|bo6511-1335920737700|001
pgManufacturerMaterial|bx1529-1350942379430|001
pgManufacturerMaterial|bg6834-1223866520755|001
pgManufacturerMaterial|bx1529-1350942375230|001
pgManufacturerMaterial|ai5021-1352163776391|001
pgManufacturerMaterial|ai5021-1352163780961|001
pgManufacturerMaterial|ai5021-1352163782544|001
pgManufacturerMaterial|bq7750-1352092457952|001
pgManufacturerMaterial|bx1529-1350942374880|001
pgManufacturerMaterial|ai5021-1352165953915|001
pgManufacturerMaterial|am7493-1329204147000|001
pgManufacturerMaterial|bq7750-1352092458469|001
pgManufacturerMaterial|bq7750-1352092455769|001
pgManufacturerMaterial|bq7750-1352092448224|001
pgManufacturerMaterial|bx1529-1350942380116|001
pgManufacturerMaterial|av5297-1301588289770|001
Packaging Material Part|SEP-00000102|1
Raw Material|SEP-00004947|2
Raw Material|SEP-00005317|1
Packaging Material Part|SEP-00006406|2
Raw Material|SEP-00006550|2
Raw Material|SEP-00006551|2
Raw Material|SEP-00009309|1
Raw Material|SEP-00009315|1
Raw Material|SEP-00009415|2
Raw Material|SEP-00009320|2
Raw Material|SEP-00012080|1
Raw Material|SEP-00012950|1
Raw Material|SEP-00012951|1
Raw Material|SEP-00012965|1
Raw Material|SEP-00013942|1
Raw Material|SEP-00013951|1
Test Method Specification|98827368|005
pgQualitySpecification|92091960|004
Test Method Specification|95884915|003
Test Method Specification|95735790|006
pgQualitySpecification|90548232|001
pgIllustration|92380873|002
pgMasterPackingMaterial|92393499|002
pgIllustration|99974134|002
pgIllustration|92355072|001
pgIllustration|99553928|002
pgMasterPackingMaterial|92380579|002
pgIllustration|92355075|001
pgIllustration|92380914|002
pgMasterPackingMaterial|95089565|013
pgIllustration|90603039|001
pgIllustration|95259045|001
pgMasterPackingMaterial|95229913|009
pgIllustration|95263920|001
pgMasterPackingMaterial|95958715|002
pgIllustration|99712571|005
pgMasterPackingMaterial|99894312|001
pgIllustration|99712416|001
pgIllustration|99916513|001
pgMasterPackingMaterial|98922302|002
pgIllustration|99261583|001
pgMasterPackingMaterial|95581271|003
pgIllustration|99944383|001
pgMasterPackingMaterial|97240088|002
pgIllustration|97208742|001
pgIllustration|97240598|002
pgMasterPackingMaterial|99827134|002
pgIllustration|99752087|001
pgIllustration|99916509|001
pgMasterPackingMaterial|96801819|001
pgIllustration|96801817|001
pgMasterPackingMaterial|97031197|003
pgIllustration|97031199|002
pgPackingMaterial|97290620|001
pgPackingMaterial|90803163|001
pgPackingMaterial|90510798|002
pgArtwork|90676072|001
pgArtwork|99805573|001
pgPackingMaterial|99796961|001
pgPackingMaterial|97290618|001
pgArtwork|97194443|001
pgPackingMaterial|97033804|001
pgArtwork|96407285|001
pgPackingMaterial|96297423|001
pgArtwork|92106242|001
pgArtwork|96308102|001
pgPackingMaterial|96265216|001
pgPackingMaterial|97192534|001
pgArtwork|96639082|001
pgPackingMaterial|96506078|001
pgPackingMaterial|90856264|001
pgArtwork|96646442|001
pgPackingMaterial|96491585|001
pgArtwork|98996096|001
pgPackingMaterial|98945922|001
pgArtwork|99398372|001
pgPackingMaterial|99265603|002
pgPackingMaterial|90856416|001
pgArtwork|99641538|001
pgPackingMaterial|99585253|002
pgArtwork|96312314|001
pgPackingMaterial|96278329|001
pgArtwork|96639080|001
pgPackingMaterial|96505988|001
pgArtwork|96407290|001
pgPackingMaterial|96311303|001
pgPackingMaterial|97246539|001
pgPackingMaterial|96928454|001
pgArtwork|92326073|001
pgPackingMaterial|98872367|002
pgPackingMaterial|96378907|001
pgArtwork|96422688|001
pgArtwork|96639081|001
pgPackingMaterial|96506077|001
pgArtwork|96646444|001
pgPackingMaterial|96503107|001
pgArtwork|92258801|001
pgArtwork|99705311|001
pgPackingMaterial|99669676|001
pgArtwork|92159829|001
pgPackingMaterial|96679457|001
pgPackingMaterial|99737038|001
pgArtwork|99750523|001
pgArtwork|90784843|001
pgPackingMaterial|90698168|001
pgPackingMaterial|90703895|001
pgArtwork|92179659|001
pgArtwork|97033525|001
pgPackingMaterial|96977071|001
pgArtwork|94509968|001
pgArtwork|92126526|001
pgArtwork|97452768|001
pgPackingMaterial|97370287|001
pgArtwork|96243349|001
pgPackingMaterial|96208410|002
pgPackingMaterial|97246774|001
pgPackingMaterial|90836175|001
pgArtwork|96814375|001
pgPackingMaterial|96679475|001
pgPackingMaterial|96834961|001
pgArtwork|96885967|001
pgArtwork|92042849|001
pgPackingMaterial|99972401|001
pgPackingMaterial|97290674|001
pgPackingMaterial|90522776|001
pgPackingMaterial|97156290|001
pgArtwork|97172220|001
pgArtwork|92185861|001
pgArtwork|92309200|001
pgPackingMaterial|97493579|001
pgArtwork|99938044|001
pgArtwork|96957069|001
pgPackingMaterial|96931421|001
pgArtwork|92167355|001
pgArtwork|98996098|001
pgPackingMaterial|98945979|001
pgPackingMaterial|96449937|001
pgArtwork|96541398|001
pgPackingMaterial|90921806|001
pgArtwork|97033284|001
pgPackingMaterial|96977044|001
pgPackingMaterial|97370314|001
pgArtwork|97453541|001
pgPackingMaterial|90536585|001
pgArtwork|90729927|001
pgArtwork|97532372|001
pgPackingMaterial|97391050|003
pgPackingMaterial|97390009|001
pgArtwork|90729966|001
pgPackingMaterial|97525973|001
pgArtwork|97033527|001
pgPackingMaterial|96977100|001
pgPackingMaterial|97290611|001
pgArtwork|90729930|001
pgPackingMaterial|90536663|001
pgArtwork|96211107|001
pgPackingMaterial|94500530|001
pgArtwork|96223712|001
pgPackingMaterial|92392039|001
pgPackingMaterial|97411570|002
pgArtwork|97532832|001
pgArtwork|99950889|001
pgPackingMaterial|99315333|001
pgArtwork|92209102|001
pgArtwork|96221073|001
pgPackingMaterial|92392048|001
pgArtwork|96221072|001
pgPackingMaterial|92392047|001
pgPackingMaterial|96931681|001
pgArtwork|99805574|001
pgPackingMaterial|99796962|001
pgPackingMaterial|97493689|001
pgArtwork|96449837|001
pgPackingMaterial|96367741|001
pgPackingMaterial|90803108|001
pgPackingMaterial|97246694|001
pgArtwork|92215263|001
pgArtwork|96336594|001
pgPackingMaterial|96254139|001
pgArtwork|97532375|001
pgPackingMaterial|97411540|002
pgPackingMaterial|90834820|001
pgArtwork|96885932|001
pgPackingMaterial|96834879|001
pgPackingMaterial|97525981|001
pgArtwork|97287493|001
pgPackingMaterial|97370081|001
pgArtwork|92209105|001
pgPackingMaterial|92387367|001
pgArtwork|96203037|001
pgArtwork|99487907|001
pgPackingMaterial|99345581|001
pgArtwork|92119318|001
pgArtwork|97455027|001
pgPackingMaterial|97370278|001
pgArtwork|92258803|001
pgArtwork|99750521|001
pgPackingMaterial|99737036|001
pgArtwork|96208803|001
pgPackingMaterial|92398119|001
pgPackingMaterial|97290609|001
pgPackingMaterial|97451453|002
pgArtwork|99972453|001
pgPackingMaterial|99916713|002
pgPackingMaterial|97247161|001
pgArtwork|96213184|001
pgPackingMaterial|92102756|001
pgPackingMaterial|90848305|001
pgArtwork|96219305|001
pgPackingMaterial|96186785|001
pgArtwork|99778644|001
pgPackingMaterial|99732669|001
pgArtwork|99772005|001
pgPackingMaterial|96931419|001
pgArtwork|96957068|001
pgArtwork|97532374|001
pgPackingMaterial|97411538|002
pgArtwork|96208799|001
pgPackingMaterial|92093518|001
pgArtwork|96407289|001
pgPackingMaterial|96311302|001
pgArtwork|96469907|001
pgPackingMaterial|96679974|001
pgArtwork|99742300|001
pgPackingMaterial|99465677|001
pgPackingMaterial|97192554|001
pgPackingMaterial|97246617|001
pgPackingMaterial|96449929|001
pgArtwork|90561993|001
pgPackingMaterial|90508841|001
pgArtwork|96287441|001
pgPackingMaterial|96265186|001
pgArtwork|92081784|001
pgPackingMaterial|90684798|001
pgArtwork|96156755|001
pgPackingMaterial|92369763|001
pgArtwork|90729931|001
pgPackingMaterial|90536666|001
pgArtwork|96213204|001
pgPackingMaterial|92398122|001
pgArtwork|96215675|001
pgPackingMaterial|94500687|001
pgArtwork|92111419|001
pgPackingMaterial|96679459|001
pgArtwork|92159780|001
pgArtwork|92170162|001
pgPackingMaterial|99721383|001
pgArtwork|90774820|001
pgPackingMaterial|90664557|001
pgArtwork|90789341|001
pgArtwork|97455008|001
pgPackingMaterial|97370269|001
pgPackingMaterial|90921792|001
pgArtwork|96336590|001
pgPackingMaterial|92331461|001
pgArtwork|96422684|001
pgPackingMaterial|96378879|001
pgArtwork|92276247|001
pgPackingMaterial|97246536|001
pgArtwork|96213203|001
pgPackingMaterial|92398121|001
pgArtwork|99625713|001
pgPackingMaterial|98927375|002
pgArtwork|99899965|001
pgPackingMaterial|99811057|001
pgPackingMaterial|96265185|001
pgPackingMaterial|90776789|001
pgArtwork|94505198|001
pgPackingMaterial|92369760|001
pgArtwork|99848877|001
pgArtwork|96449840|001
pgPackingMaterial|96367742|001
pgArtwork|96208804|001
pgPackingMaterial|92398120|001
pgArtwork|97194416|001
pgPackingMaterial|97063688|001
pgPackingMaterial|92381293|001
pgArtwork|96195762|001
pgPackingMaterial|96505984|001
pgArtwork|96639079|001
pgArtwork|94509962|001
pgArtwork|97554176|001
pgPackingMaterial|97489040|001
pgArtwork|97532390|001
pgPackingMaterial|97411569|002
pgArtwork|90561990|001
pgPackingMaterial|90508722|001
pgPackingMaterial|97246569|001
pgArtwork|99938046|001
pgPackingMaterial|99861324|002
pgPackingMaterial|98943983|002
pgArtwork|98984776|001
pgArtwork|97148787|001
pgPackingMaterial|96503211|001
pgArtwork|97305736|001
pgPackingMaterial|97239951|001
pgArtwork|94509965|001
pgArtwork|96287442|001
pgPackingMaterial|96265215|001
pgArtwork|99984233|001
pgPackingMaterial|99916173|002
pgPackingMaterial|96449838|002
pgArtwork|94536070|001
pgPackingMaterial|92369762|001
pgPackingMaterial|90703552|001
pgPackingMaterial|90632220|001
pgPackingMaterial|97290670|001
pgPackingMaterial|97290613|001
pgArtwork|90784824|001
pgPackingMaterial|90698158|001
pgArtwork|96646443|001
pgPackingMaterial|96491586|001
pgPackingMaterial|90803156|001
pgPackingMaterial|92273877|002
pgArtwork|92325844|001
pgArtwork|92185345|001
pgArtwork|96223718|001
pgPackingMaterial|99882296|003
pgArtwork|97162875|001
pgPackingMaterial|96947487|001
pgArtwork|97194451|001
pgPackingMaterial|97062112|001
pgPackingMaterial|97493690|001
pgArtwork|99816860|001
pgPackingMaterial|99809406|001
pgPackingMaterial|96186783|001
pgArtwork|92126527|001
pgArtwork|96885931|001
pgPackingMaterial|96834871|001
pgPackingMaterial|92087926|001
pgArtwork|90561992|001
pgPackingMaterial|90508831|001
pgPackingMaterial|92326184|001
pgArtwork|92395338|001
pgPackingMaterial|92273870|002
pgArtwork|97532373|001
pgPackingMaterial|97411535|002
pgArtwork|99472220|001
pgPackingMaterial|99415346|001
pgArtwork|92114633|001
pgArtwork|90676073|001
pgPackingMaterial|90510843|002
pgArtwork|96449841|001
pgPackingMaterial|96367743|001
pgArtwork|96777795|001
pgPackingMaterial|96679973|001
pgArtwork|92042748|001
pgPackingMaterial|99972390|001
pgPackingMaterial|97246620|001
pgArtwork|92111414|001
pgArtwork|92167354|001
pgArtwork|94526989|001
pgPackingMaterial|92369750|001
pgArtwork|92209104|001
pgPackingMaterial|97525976|001
pgPackingMaterial|90834819|001
pgArtwork|97455010|001
pgPackingMaterial|97370277|001
pgArtwork|96312313|001
pgPackingMaterial|96278312|001
pgPackingMaterial|97246591|001
pgArtwork|97172221|001
pgPackingMaterial|97156291|001
pgArtwork|92209101|001
pgArtwork|92325842|001
pgPackingMaterial|92285171|001
pgArtwork|96208801|001
pgPackingMaterial|92385687|001
pgArtwork|90874929|001
pgPackingMaterial|90686397|001
pgArtwork|96495965|001
pgPackingMaterial|96449931|001
pgArtwork|97452772|001
pgPackingMaterial|97370302|001
pgArtwork|90729929|001
pgPackingMaterial|90536591|001
pgArtwork|99938038|001
pgPackingMaterial|90703502|001
pgArtwork|97148785|001
pgPackingMaterial|96489717|001
pgPackingMaterial|90866434|001
pgArtwork|92081783|001
pgPackingMaterial|92035903|001
pgArtwork|92309173|001
pgArtwork|99472222|001
pgArtwork|94505196|001
pgPackingMaterial|92369734|001
pgArtwork|96154134|001
pgPackingMaterial|92343030|001
pgArtwork|97162874|001
pgPackingMaterial|96931070|001
pgArtwork|96336592|001
pgPackingMaterial|96168135|001
pgArtwork|97554175|001
pgPackingMaterial|97489031|001
pgArtwork|92258800|001
pgArtwork|92111418|001
pgPackingMaterial|96977053|001
pgArtwork|97033523|001
pgArtwork|92106240|001
pgArtwork|92121201|001
pgPackingMaterial|92025638|002
pgPackingMaterial|90836339|001
pgPackingMaterial|99415348|001
pgArtwork|99472221|001
pgArtwork|90729928|001
pgPackingMaterial|90536588|001
pgArtwork|92142597|001
pgPackingMaterial|92126316|001
pgArtwork|92185953|001
pgPackingMaterial|96243950|001
pgArtwork|90729965|001
pgArtwork|99688159|001
pgPackingMaterial|95779263|001
pgArtwork|99950887|001
pgPackingMaterial|98630513|001
pgArtwork|98996099|001
pgPackingMaterial|98945985|001
pgPackingMaterial|97411542|002
pgArtwork|97532388|001
pgPackingMaterial|96834889|001
pgArtwork|96885965|001
pgPackingMaterial|96186764|001
pgArtwork|96208722|001
pgArtwork|92114632|001
pgArtwork|99688269|001
pgPackingMaterial|95780288|001
pgPackingMaterial|90856313|001
pgArtwork|99809041|001
pgPackingMaterial|99783271|001
pgPackingMaterial|99345578|001
pgArtwork|99487906|001
pgArtwork|96163911|001
pgArtwork|92215264|001
pgArtwork|99705310|001
pgPackingMaterial|99669614|001
pgArtwork|96757240|001
pgPackingMaterial|96681199|001
pgPackingMaterial|99411291|001
pgArtwork|98636303|001
pgArtwork|99560689|001
pgPackingMaterial|97290619|001
pgArtwork|96814496|001
pgPackingMaterial|96684988|001
pgArtwork|96215676|001
pgPackingMaterial|94501067|001
pgPackingMaterial|96919267|001
pgArtwork|97466607|001
pgPackingMaterial|97064967|001
pgArtwork|99560687|001
pgPackingMaterial|99411293|001
pgPackingMaterial|96449762|001
pgArtwork|96541397|001
pgArtwork|96223714|001
pgPackingMaterial|92392059|001
pgPackingMaterial|90856265|001
pgArtwork|92142596|001
pgPackingMaterial|92126315|001
pgPackingMaterial|90856312|001
pgPackingMaterial|96449928|002
pgArtwork|97172223|001
pgPackingMaterial|97156293|001
pgArtwork|98996095|001
pgPackingMaterial|98945898|001
pgPackingMaterial|90820005|001
pgArtwork|92179662|001
pgArtwork|97372896|001
pgPackingMaterial|97325185|001
pgPackingMaterial|92295266|001
pgArtwork|99831316|001
pgPackingMaterial|99775522|001
pgArtwork|99831315|001
pgPackingMaterial|99775521|001
pgArtwork|99805571|001
pgPackingMaterial|99581564|001
pgArtwork|97366815|001
pgPackingMaterial|97239949|001
pgArtwork|96646441|001
pgArtwork|96223715|001
pgPackingMaterial|92392081|001
pgPackingMaterial|96378882|001
pgArtwork|96422685|001
pgArtwork|92325843|001
pgArtwork|92138000|001
pgPackingMaterial|97246623|001
pgPackingMaterial|95930507|002
pgArtwork|92325841|001
pgArtwork|97372895|001
pgPackingMaterial|97324709|001
pgPackingMaterial|95534521|001
pgArtwork|99705309|001
pgArtwork|90561996|001
pgPackingMaterial|90509126|001
pgArtwork|92167352|001
pgPackingMaterial|99415309|001
pgArtwork|99442172|001
pgArtwork|96676198|001
pgPackingMaterial|96586419|001
pgArtwork|92142595|001
pgArtwork|99560691|001
pgArtwork|97452771|001
pgPackingMaterial|97370301|001
pgArtwork|90874928|001
pgPackingMaterial|90686396|001
pgArtwork|90561994|001
pgPackingMaterial|90508886|001
pgArtwork|90561988|001
pgPackingMaterial|90508715|001
pgArtwork|99808414|001
pgArtwork|97391154|001
pgPackingMaterial|97239952|001
pgArtwork|92258805|001
pgArtwork|97514289|001
pgPackingMaterial|97483259|001
pgArtwork|92106181|001
pgPackingMaterial|97192531|001
pgArtwork|90789343|001
pgArtwork|96495963|001
pgPackingMaterial|96449923|001
pgArtwork|94509961|001
pgArtwork|92325845|001
pgArtwork|99778645|001
pgPackingMaterial|99732683|001
pgPackingMaterial|96316265|001
pgArtwork|97454979|001
pgPackingMaterial|99732697|001
pgArtwork|99772006|001
pgArtwork|97452774|001
pgPackingMaterial|97370315|001
pgArtwork|92325840|001
pgArtwork|96541396|001
pgPackingMaterial|96449742|001
pgArtwork|92185344|001
pgArtwork|99743296|001
pgPackingMaterial|99737035|001
pgPackingMaterial|97192530|001
pgArtwork|90561991|001
pgPackingMaterial|90508784|001
pgPackingMaterial|90856414|001
pgArtwork|99809040|001
pgPackingMaterial|99783270|001
pgArtwork|92258799|001
pgArtwork|92111415|001
pgArtwork|92142594|001
pgArtwork|99938045|001
pgPackingMaterial|99861323|002
pgPackingMaterial|92273876|002
pgArtwork|92111416|001
pgPackingMaterial|96449815|002
pgPackingMaterial|97246541|001
pgArtwork|97392725|001
pgPackingMaterial|97240038|001
pgArtwork|96156777|001
pgPackingMaterial|92369756|002
pgArtwork|96957033|001
pgPackingMaterial|96931413|001
pgPackingMaterial|96503110|001
pgArtwork|96646445|001
pgPackingMaterial|92093517|001
pgArtwork|96208798|001
pgPackingMaterial|97004668|002
pgPackingMaterial|90803161|001
pgArtwork|99377696|001
pgPackingMaterial|99313588|002
pgArtwork|96422686|001
pgPackingMaterial|96378906|001
pgArtwork|99778647|001
pgPackingMaterial|99732706|001
pgArtwork|99487908|001
pgPackingMaterial|99345584|001
pgArtwork|99899964|001
pgPackingMaterial|99811056|001
pgArtwork|96211108|001
pgPackingMaterial|94500531|001
pgArtwork|96642610|001
pgPackingMaterial|96503319|001
pgArtwork|99705312|001
pgPackingMaterial|99669904|001
pgPackingMaterial|97246579|001
pgPackingMaterial|97246571|001
pgArtwork|96646448|001
pgPackingMaterial|99557841|001
pgArtwork|99852411|001
pgPackingMaterial|90921826|001
pgArtwork|92106241|001
pgArtwork|99641489|001
pgPackingMaterial|99585252|002
pgArtwork|90676074|001
pgPackingMaterial|90510848|002
pgArtwork|96676200|001
pgPackingMaterial|96586427|001
pgArtwork|97148786|001
pgPackingMaterial|96489719|001
pgArtwork|96195651|001
pgPackingMaterial|92381269|001
pgPackingMaterial|99557839|001
pgArtwork|99566017|001
pgPackingMaterial|90856415|001
pgPackingMaterial|95779264|001
pgArtwork|99688160|001
pgArtwork|99398371|001
pgPackingMaterial|99265602|002
pgArtwork|99772013|001
pgPackingMaterial|99732704|001
pgArtwork|96243351|001
pgPackingMaterial|96208412|002
pgArtwork|92395337|001
pgPackingMaterial|92326074|001
pgArtwork|96449842|001
pgPackingMaterial|96367744|001
pgArtwork|92185951|001
pgPackingMaterial|90856308|001
pgArtwork|94505197|001
pgPackingMaterial|92369752|001
pgArtwork|96336591|001
pgPackingMaterial|96168052|001
pgPackingMaterial|96449814|001
pgArtwork|96495960|001
pgArtwork|92258806|001
pgArtwork|96195765|001
pgPackingMaterial|96449839|001
pgArtwork|99772004|001
pgPackingMaterial|99732667|001
pgArtwork|92106239|001
pgArtwork|99778646|001
pgPackingMaterial|99732701|001
pgArtwork|99444545|001
pgPackingMaterial|99411286|001
pgArtwork|99560683|001
pgArtwork|96646440|001
pgPackingMaterial|96489673|001
pgPackingMaterial|96449930|001
pgArtwork|96495964|001
pgPackingMaterial|96690251|001
pgArtwork|96814502|001
pgPackingMaterial|96506227|001
pgArtwork|96646447|001
pgArtwork|92116760|001
pgPackingMaterial|97290615|001
pgPackingMaterial|99565737|001
pgArtwork|99950893|001
pgArtwork|98966824|001
pgPackingMaterial|99415311|001
pgPackingMaterial|90834821|001
pgPackingMaterial|99415063|001
pgArtwork|92081820|001
pgArtwork|99950888|001
pgPackingMaterial|99315299|001
pgArtwork|99257402|001
pgPackingMaterial|98996024|001
pgArtwork|99862822|001
pgPackingMaterial|90509180|001
pgArtwork|96647017|001
pgPackingMaterial|96503318|001
pgArtwork|92185342|001
pgArtwork|90789342|001
pgPackingMaterial|90698157|001
pgArtwork|90735991|001
pgPackingMaterial|90536574|001
pgPackingMaterial|97239989|001
pgArtwork|97366816|001
pgPackingMaterial|90921827|001
pgArtwork|97466606|001
pgPackingMaterial|97062110|001
pgPackingMaterial|97370288|001
pgArtwork|97452769|001
pgArtwork|96243350|001
pgPackingMaterial|96208411|001
pgArtwork|96923954|001
pgPackingMaterial|97370071|001
pgPackingMaterial|97148688|001
pgArtwork|92179661|001
pgPackingMaterial|90836176|001
pgArtwork|92114315|001
pgPackingMaterial|96841987|001
pgArtwork|99862823|001
pgPackingMaterial|92369748|002
pgArtwork|94526988|001
pgArtwork|97455009|001
pgPackingMaterial|97370270|001
pgArtwork|94509964|001
pgArtwork|96323517|001
pgPackingMaterial|96265214|001
pgArtwork|92167353|001
pgPackingMaterial|96977045|001
pgArtwork|97033285|001
pgArtwork|99560685|001
pgArtwork|92309159|001
pgPackingMaterial|97370300|001
pgArtwork|97452770|001
pgArtwork|96541401|001
pgPackingMaterial|96449939|001
pgPackingMaterial|96278310|001
pgArtwork|96312312|001
pgArtwork|96495961|001
pgPackingMaterial|96449855|001
pgArtwork|99805575|001
pgPackingMaterial|99796970|001
pgArtwork|99507228|001
pgPackingMaterial|99809410|001
pgArtwork|90702498|001
pgPackingMaterial|90510797|002
pgArtwork|92185954|001
pgPackingMaterial|97246565|001
pgArtwork|96208721|001
pgPackingMaterial|96186761|001
pgArtwork|96211106|001
pgPackingMaterial|94500525|001
pgArtwork|99565845|001
pgPackingMaterial|99557806|001
pgArtwork|96495962|001
pgPackingMaterial|96449860|001
pgPackingMaterial|90866433|001
pgArtwork|92179660|001
pgArtwork|96377328|001
pgPackingMaterial|96271878|001
pgPackingMaterial|96265189|001
pgArtwork|96308100|001
pgPackingMaterial|97061804|001
pgArtwork|97194445|001
pgArtwork|97270254|001
pgPackingMaterial|97170676|001
pgPackingMaterial|96449938|001
pgArtwork|96541400|001
pgPackingMaterial|96683149|001
pgArtwork|96821050|001
pgPackingMaterial|97411549|002
pgArtwork|97532389|001
pgArtwork|98947496|001
pgPackingMaterial|99415308|001
pgPackingMaterial|96316340|001
pgArtwork|97454980|001
pgArtwork|96154136|001
pgPackingMaterial|92366805|001
pgArtwork|96541393|001
pgPackingMaterial|96430440|001
pgArtwork|90702499|001
pgPackingMaterial|90510847|002
pgArtwork|92309198|001
pgArtwork|96957035|001
pgPackingMaterial|96931416|001
pgPackingMaterial|96669981|002
pgArtwork|96721610|001
pgPackingMaterial|90803157|001
pgPackingMaterial|96265213|002
pgArtwork|96308101|001
pgPackingMaterial|90803164|001
pgArtwork|90789344|001
pgArtwork|99483850|001
pgPackingMaterial|99285810|001
pgArtwork|96223713|001
pgPackingMaterial|92392040|001
pgPackingMaterial|97061805|001
pgArtwork|97466604|001
pgArtwork|96219304|001
pgPackingMaterial|96186784|001
pgPackingMaterial|90698167|001
pgArtwork|90784842|001
pgArtwork|92215261|001
pgPackingMaterial|96931414|001
pgArtwork|96957034|001
pgArtwork|99809042|001
pgPackingMaterial|99783272|001
pgArtwork|90874926|001
pgPackingMaterial|90668993|001
pgArtwork|92309176|001
pgArtwork|99398370|001
pgPackingMaterial|99265598|002
pgArtwork|92341488|001
pgPackingMaterial|92246520|001
pgPackingMaterial|99721384|001
pgArtwork|92170163|001
pgArtwork|96211105|001
pgPackingMaterial|94500524|001
pgArtwork|92111417|001
pgArtwork|96154135|001
pgPackingMaterial|92365463|001
pgArtwork|96201620|001
pgPackingMaterial|96186763|001
pgPackingMaterial|97247256|001
pgArtwork|94509966|001
pgArtwork|90561995|001
pgPackingMaterial|90509011|001
pgArtwork|92081781|001
pgArtwork|96208802|001
pgPackingMaterial|92398018|001
pgArtwork|92215246|001
pgArtwork|97466603|001
pgPackingMaterial|97061791|001
pgPackingMaterial|90856266|001
pgArtwork|96219302|001
pgPackingMaterial|96183883|001
pgArtwork|92258802|001
pgArtwork|92185343|001
pgPackingMaterial|97370289|001
pgArtwork|97455028|001
pgArtwork|96320188|001
pgPackingMaterial|96265210|001
pgArtwork|96156745|001
pgPackingMaterial|92267607|001
pgArtwork|99742299|001
pgPackingMaterial|99465673|001
pgPackingMaterial|95910744|003
pgArtwork|90729926|001
pgPackingMaterial|90536576|001
pgPackingMaterial|92398123|001
pgArtwork|96213205|001
pgArtwork|99472219|001
pgArtwork|94509967|001
pgArtwork|92209103|001
pgArtwork|97033526|001
pgPackingMaterial|96977075|001
pgArtwork|96541394|001
pgPackingMaterial|96430682|001
pgPackingMaterial|97246789|001
pgPackingMaterial|96931412|001
pgArtwork|96957307|001
pgPackingMaterial|97290616|001
pgPackingMaterial|97027366|001
pgArtwork|92209106|001
pgPackingMaterial|97447298|002
pgArtwork|90676076|001
pgPackingMaterial|97493578|001
pgArtwork|92138001|001
pgPackingMaterial|99783273|001
pgArtwork|99809043|001
pgPackingMaterial|99737037|001
pgArtwork|99750522|001
pgPackingMaterial|96186762|001
pgArtwork|96219303|001
pgPackingMaterial|97290610|001
pgArtwork|97172222|001
pgPackingMaterial|97156292|001
pgPackingMaterial|99278965|001
pgArtwork|99483847|001
pgArtwork|99972452|001
pgPackingMaterial|99916712|002
pgPackingMaterial|90802975|001
pgPackingMaterial|90803160|001
pgArtwork|96541402|001
pgPackingMaterial|96449940|001
pgPackingMaterial|96449925|002
pgIllustration|98542889|001
pgPackingMaterial|96462165|001
pgArtwork|99817001|001
pgPackingMaterial|99809408|001
pgPackingMaterial|99972400|001
pgArtwork|92042848|001
pgArtwork|97452773|001
pgPackingMaterial|97370313|001
pgArtwork|90709849|001
pgPackingMaterial|90536570|001
pgPackingMaterial|90836174|001
pgArtwork|97033283|001
pgPackingMaterial|96977042|001
pgPackingMaterial|96284260|001
pgArtwork|96377329|001
pgPackingMaterial|97290617|001
pgPackingMaterial|90921809|001
pgPackingMaterial|92273869|002
pgArtwork|96885968|001
pgPackingMaterial|96835123|001
pgArtwork|90784841|001
pgPackingMaterial|90698159|001
pgPackingMaterial|97247255|001
pgPackingMaterial|99285713|001
pgArtwork|99483849|001
pgArtwork|96676199|001
pgPackingMaterial|96586424|001
pgArtwork|99565847|001
pgPackingMaterial|99557837|001
pgArtwork|96208720|001
pgPackingMaterial|96186760|001
pgPackingMaterial|90669002|001
pgArtwork|90874927|001
pgPackingMaterial|99411288|001
pgArtwork|99444546|001
pgArtwork|96312315|001
pgPackingMaterial|96278331|001
pgPackingMaterial|90802978|001
pgPackingMaterial|96586434|001
pgArtwork|96676201|001
pgArtwork|99641539|001
pgPackingMaterial|99585259|002
pgPackingMaterial|97246586|001
pgPackingMaterial|96834903|001
pgArtwork|96885966|001
pgPackingMaterial|96679476|001
pgArtwork|96814376|001
pgPackingMaterial|97290612|001
pgPackingMaterial|97451454|002
pgPackingMaterial|99972389|001
pgArtwork|92024275|001
pgArtwork|96795682|001
pgPackingMaterial|96681200|001
pgArtwork|99487905|001
pgArtwork|92258804|001
pgArtwork|96821051|001
pgPackingMaterial|96690213|001
pgArtwork|97457502|001
pgPackingMaterial|97370275|001
pgPackingMaterial|92392254|001
pgArtwork|96221075|001
pgPackingMaterial|92366815|001
pgArtwork|96154137|001
pgPackingMaterial|96208409|001
pgArtwork|96243348|001
pgArtwork|98966823|001
pgPackingMaterial|99415279|001
pgPackingMaterial|99809407|001
pgArtwork|99859845|001
pgArtwork|96221074|001
pgPackingMaterial|92392072|001
pgArtwork|94509963|001
pgPackingMaterial|96977069|001
pgArtwork|97033524|001
pgPackingMaterial|97148690|001
pgPackingMaterial|96297416|001
pgArtwork|96407284|001
pgArtwork|97335578|001
pgPackingMaterial|97240037|001
pgArtwork|90973570|001
pgArtwork|90973576|001
pgArtwork|90973543|001
pgArtwork|90973542|001
pgArtwork|90973577|001
pgArtwork|90973569|001
pgArtwork|90973544|001
pgArtwork|90973563|001
pgArtwork|90973567|001
pgArtwork|90973564|001
pgArtwork|90973565|001
pgPackingMaterial|90866432|002
pgPackingMaterial|90866430|002
pgArtwork|91000221|001
pgArtwork|91000470|001
pgArtwork|91000381|001
pgArtwork|90999881|001
pgArtwork|90999882|001
Test Method Specification|99327332|004
pgPackingMaterial|92308941|001
pgPackingMaterial|90973467|001
pgPackingMaterial|90973179|001
pgPackingMaterial|90973466|001
pgArtwork|91010497|001
pgArtwork|91010491|001
pgArtwork|91010498|001
pgArtwork|91010486|001
pgArtwork|91010488|001
pgArtwork|91010487|001
pgArtwork|91010480|001
pgArtwork|91010490|001
pgArtwork|91010489|001
pgArtwork|91011038|001
pgPackingMaterial|90996939|001
pgPackingMaterial|90975847|001
pgPackingMaterial|90996970|001
pgPackingMaterial|90996938|001
pgPackingMaterial|90975849|001
pgPackingMaterial|90996967|001
pgPackingMaterial|90995671|001
pgPackingMaterial|90996969|001
pgPackingMaterial|90975848|001
pgPackingMaterial|90996966|001
pgPackingMaterial|90996971|001
pgPackingMaterial|91008273|001
pgPackingMaterial|90996968|001
pgPackingMaterial|91008275|001
pgArtwork|91040386|001
pgArtwork|91040385|001
pgArtwork|91040384|001
pgArtwork|91040387|001
pgArtwork|91043970|001
pgArtwork|91043742|001
pgArtwork|99261579|001
pgArtwork|99261485|001
pgArtwork|96540826|001
pgArtwork|96540825|001
pgArtwork|98983799|001
pgArtwork|91050618|001
pgArtwork|91050617|001
pgArtwork|91050615|001
pgArtwork|91050955|001
POA|POA-00013464|003
POA|POA-00013466|003
POA|POA-00013468|004
POA|POA-00013463|003
POA|POA-00013465|003
POA|POA-00013467|003
pgArtwork|91053257|001
pgArtwork|91053256|001
pgArtwork|91055306|001
pgArtwork|91055307|001
pgArtwork|91055308|001
pgPackingMaterial|91026808|001
pgPackingMaterial|91026810|001
pgPackingMaterial|91026812|001
pgPackingMaterial|91026804|001
pgPackingMaterial|91026813|001
pgPackingMaterial|91026809|001
pgPackingMaterial|91062873|001
pgPackingMaterial|91062878|001
pgPackingMaterial|91063041|001
pgArtwork|91084250|001
pgArtwork|91084252|001
pgArtwork|91087809|001
pgArtwork|91087810|001
pgArtwork|91087835|001
pgArtwork|91087808|001
pgArtwork|91063199|001
pgArtwork|91087806|001
pgIllustration|90878980|004
pgIllustration|90878981|004
pgSupplierInformationSheet|90879426|002
pgPackingMaterial|91018803|001
pgPackingMaterial|91018795|001
pgPackingMaterial|91018800|001
pgPackingMaterial|91018802|001
pgArtwork|91119132|001
pgArtwork|91103369|001
pgArtwork|91119133|001
pgPackingMaterial|92339490|002
pgPackingMaterial|91019334|002
pgPackingMaterial|91180529|001
pgPackingMaterial|91180531|001
pgPackingMaterial|91180524|001
pgPackingMaterial|91180533|001
pgPackingMaterial|91180527|001
pgPackingMaterial|91179912|001
pgPackingMaterial|91180493|001
pgPackingMaterial|91179852|001
pgPackingMaterial|91180491|001
pgPackingMaterial|91180489|001
pgPackingMaterial|91179965|001
pgPackingMaterial|91179791|001
pgPackingMaterial|91179970|001
pgPackingMaterial|91179829|001
pgPackingMaterial|91181900|001
pgPackingMaterial|91180507|001
pgPackingMaterial|91180505|001
pgPackingMaterial|91180520|001
pgPackingMaterial|91180517|001
pgPackingMaterial|91180511|001
pgPackingMaterial|91180509|001
pgPackingMaterial|91180513|001
pgPackingMaterial|91180503|001
pgPackingMaterial|91192683|001
pgPackingMaterial|91192680|001
pgPackingMaterial|91192685|001
pgArtwork|91219236|001
pgArtwork|91219238|001
pgArtwork|91219247|001
pgArtwork|91219233|001
pgArtwork|91219258|001
pgArtwork|91219232|001
pgArtwork|91219250|001
pgArtwork|91219252|001
pgArtwork|91219251|001
pgArtwork|91219248|001
pgArtwork|91219239|001
pgArtwork|91219257|001
pgArtwork|91219253|001
pgArtwork|91219234|001
pgArtwork|91219235|001
pgArtwork|91219240|001
pgArtwork|91219256|001
pgArtwork|91219249|001
pgArtwork|91219237|001
pgArtwork|91219254|001
pgArtwork|91219255|001
pgArtwork|91219246|001
pgPackingMaterial|91206901|001
pgPackingMaterial|91206911|001
pgPackingMaterial|91206910|001
pgPackingMaterial|91207180|001
pgPackingMaterial|91207098|001
pgPackingMaterial|91206903|001
pgPackingMaterial|91206907|001
pgPackingMaterial|91207179|001
pgPackingMaterial|91207118|001
pgPackingMaterial|91207102|001
pgPackingMaterial|91206904|001
pgPackingMaterial|91207182|001
pgPackingMaterial|90928599|001
pgPackingMaterial|98920957|001
pgPackingMaterial|91214788|001
pgPackingMaterial|96172827|001
pgPackingMaterial|96173793|001
pgPackingMaterial|91172016|001
pgArtwork|91239498|001
pgArtwork|91239195|001
pgArtwork|91239256|001
pgArtwork|91239197|001
pgArtwork|91239196|001
pgArtwork|91239257|001
pgPackingMaterial|91238785|001
pgPackingMaterial|91238786|001
pgArtwork|91242005|001
pgArtwork|91242023|001
pgArtwork|91242024|001
pgArtwork|91242026|001
pgArtwork|91242025|001
pgArtwork|91242131|001
pgArtwork|91242133|001
pgArtwork|91242128|001
pgArtwork|91242130|001
pgArtwork|91242129|001
pgArtwork|91242135|001
pgArtwork|91242134|001
pgArtwork|91276238|001
pgArtwork|91276237|001
pgPackingMaterial|91223320|001
pgPackingMaterial|91275583|001
pgPackingMaterial|91223318|001
pgPackingMaterial|91275582|001
pgPackingMaterial|91223319|001
pgArtwork|91276562|001
pgArtwork|91276559|001
pgArtwork|91276564|001
pgArtwork|91276563|001
pgArtwork|91276560|001
pgArtwork|91276561|001
pgArtwork|91277817|001
pgArtwork|91277816|001
pgArtwork|91277818|001
pgArtwork|91277819|001
pgArtwork|91278036|001
pgPackingMaterial|91277982|001
pgPackingMaterial|91277984|001
pgPackingMaterial|91277983|001
pgIllustration|91120495|004
pgArtwork|91296773|001
pgPackingMaterial|91298269|001
pgPackingMaterial|91300328|001
pgPackingMaterial|91298271|001
pgArtwork|91307902|001
pgArtwork|91307899|001
pgArtwork|91307882|001
pgArtwork|91307880|001
pgPackingMaterial|91277978|002
pgArtwork|91307881|001
pgPackingMaterial|91277980|002
pgArtwork|91296772|001
pgPackingMaterial|91298274|001
pgPackingMaterial|91298277|001
pgPackingMaterial|91298273|001
pgPackingMaterial|91300327|001
pgArtwork|91307901|001
pgPackingMaterial|91298700|001
pgArtwork|91318709|001
pgArtwork|91318710|001
pgPackingMaterial|91313198|001
pgPackingMaterial|91293558|001
pgArtwork|91326270|001
pgArtwork|91326262|001
pgArtwork|91326268|001
pgArtwork|91326269|001
pgMasterPackingMaterial|91075572|001
pgPackingMaterial|91305839|001
pgMasterPackingMaterial|91175954|001
pgPackingMaterial|91305821|001
pgPackingMaterial|91305813|001
pgPackingMaterial|91305811|001
pgPackingMaterial|91305334|001
pgPackingMaterial|91179818|001
pgPackingMaterial|91305330|001
pgPackingMaterial|91305841|001
pgArtwork|91314990|001
pgArtwork|91314989|001
pgArtwork|91314988|001
pgArtwork|91314987|001
pgArtwork|91314986|001
pgArtwork|91314984|001
pgArtwork|91314985|001
pgArtwork|91314991|001
pgArtwork|99916462|001
pgArtwork|91292009|001
pgMasterPackingMaterial|91276679|001
pgIllustration|91276261|001
pgIllustration|91276262|001
pgPackingMaterial|91237363|001
pgArtwork|91295451|001
pgPackingMaterial|91237364|001
pgArtwork|91326261|001
pgPackingMaterial|91277266|001
pgArtwork|91293457|001
pgPackingMaterial|91237172|001
pgArtwork|91308387|001
pgPackingMaterial|91300321|001
pgArtwork|91308386|001
pgPackingMaterial|91300320|001
pgArtwork|91326271|001
pgPackingMaterial|91300013|001
pgPackingMaterial|91277789|001
pgArtwork|91352777|001
pgArtwork|91353190|001
pgPackingMaterial|91329320|001
pgPackingMaterial|91334584|001
pgPackingMaterial|91328044|001
pgPackingMaterial|91329314|001
pgPackingMaterial|91336772|001
pgPackingMaterial|91340421|001
pgPackingMaterial|91336778|001
pgPackingMaterial|91336775|001
pgPackingMaterial|91356318|001
pgArtwork|91388481|001
pgArtwork|91388480|001
pgPackingMaterial|91387764|001
pgArtwork|91390438|001
pgPackingMaterial|91329315|001
pgPackingMaterial|91329317|001
pgPackingMaterial|90969654|001
pgPackingMaterial|91320158|001
pgPackingMaterial|91329318|001
pgPackingMaterial|91319739|001
pgPackingMaterial|91319740|001
pgPackingMaterial|91319743|001
pgPackingMaterial|91320157|001
pgPackingMaterial|90970421|001
pgPackingMaterial|91319737|001
pgIllustration|90978031|006
pgArtwork|91405816|001
pgArtwork|91405874|001
pgArtwork|91405850|001
pgArtwork|91405873|001
pgArtwork|91405837|001
pgArtwork|91377308|001
pgArtwork|91405817|001
pgArtwork|91405643|001
pgArtwork|91405872|001
pgArtwork|91405870|001
pgArtwork|91405871|001
pgPackingMaterial|91397269|001
pgPackingMaterial|91397271|001
pgPackingMaterial|91397270|001
pgPackingMaterial|91397146|001
pgPackingMaterial|91397272|001
pgPackingMaterial|91397268|001
pgPackingMaterial|91374316|001
pgPackingMaterial|91374312|001
pgPackingMaterial|91374318|001
pgPackingMaterial|91374313|001
pgPackingMaterial|91374095|001
pgPackingMaterial|91405877|001
pgPackingMaterial|91405899|001
pgArtwork|91423156|001
pgArtwork|91423155|001
pgArtwork|91423152|001
pgArtwork|91423153|001
pgArtwork|91423374|001
pgArtwork|91423641|001
pgArtwork|91427487|001
pgArtwork|96968376|001
pgArtwork|91427488|001
pgArtwork|90847088|001
pgArtwork|91427482|001
pgArtwork|91427484|001
pgArtwork|90855657|001
pgArtwork|91427485|001
pgArtwork|91436391|001
pgArtwork|91436393|001
pgArtwork|91436392|001
pgArtwork|91436390|001
pgArtwork|91436394|001
pgArtwork|91436389|001
pgPackingMaterial|91425023|001
pgArtwork|90928299|001
pgArtwork|90928301|001
pgArtwork|90928300|001
pgArtwork|90928298|001
pgArtwork|90928302|001
pgArtwork|91115554|001
pgArtwork|91115380|001
pgArtwork|91115551|001
pgArtwork|91115546|001
pgArtwork|91115467|001
pgArtwork|91115418|001
pgArtwork|91115553|001
pgArtwork|91117875|001
pgArtwork|91117952|001
pgArtwork|91117953|001
pgArtwork|91117982|001
pgArtwork|91413958|001
pgArtwork|91414879|001
pgArtwork|91414882|001
pgArtwork|96472929|001
pgArtwork|91446442|001
pgArtwork|91446443|001
pgArtwork|91445321|001
pgArtwork|91445322|001
pgArtwork|91266232|001
pgArtwork|91266229|001
pgArtwork|91446416|001
pgArtwork|91452221|001
pgArtwork|91452222|001
pgPackingMaterial|91459012|001
pgPackingMaterial|91459011|001
pgPackingMaterial|91220387|001
POA|POA-00021096|001
pgArtwork|91468850|001
pgArtwork|91468849|001
pgArtwork|91474002|001
pgArtwork|91474004|001
pgArtwork|91474003|001
pgArtwork|91474774|001
pgArtwork|91474772|001
pgArtwork|91474770|001
pgArtwork|91474773|001
pgArtwork|91474771|001
pgArtwork|91479183|001
pgArtwork|91479181|001
pgPackingMaterial|91411781|001
pgArtwork|91489761|001
pgMasterPackingMaterial|91199134|003
pgMasterPackingMaterial|90894380|004
pgPackingMaterial|91415185|001
pgPackingMaterial|91415188|001
pgPackingMaterial|91415189|001
pgPackingMaterial|91415186|001
pgPackingMaterial|91415187|001
pgPackingMaterial|91415190|001
pgArtwork|91447558|001
pgArtwork|91447645|001
pgArtwork|91447560|001
pgArtwork|91447561|001
pgArtwork|91447646|001
pgArtwork|91447562|001
pgMasterPackingMaterial|91199129|002
pgPackingMaterial|97460631|001
pgArtwork|91367865|001
pgArtwork|91367866|001
pgArtwork|91446415|001
pgPackingMaterial|91476267|001
pgPackingMaterial|91476260|001
pgMasterPackingMaterial|91504419|001
pgMasterPackingMaterial|91460479|001
pgPackingMaterial|91223317|002
pgPackingMaterial|91223316|002
pgPackingMaterial|91504440|001
pgPackingMaterial|91504439|001
pgPackingMaterial|91522888|001
pgPackingMaterial|91522906|001
pgPackingMaterial|91504444|001
pgPackingMaterial|91522892|001
pgArtwork|91570282|001
pgArtwork|91570284|001
pgArtwork|91570283|001
pgArtwork|91570430|001
pgArtwork|91570832|001
pgArtwork|91571809|001
pgIllustration|91274631|002
pgPackingMaterial|91569073|001
pgPackingMaterial|91569074|001
pgPackingMaterial|91569072|001
pgPackingMaterial|91569075|001
pgPackingMaterial|91569076|001
pgMasterPackingMaterial|95312345|008
pgMasterPackingMaterial|91032040|006
pgArtwork|91580436|001
pgArtwork|91582103|001
pgPackingMaterial|91573609|001
pgPackingMaterial|91583448|001
pgPackingMaterial|91583428|001
pgPackingMaterial|91583429|001
pgPackingMaterial|91583420|001
pgPackingMaterial|91583422|001
pgPackingMaterial|91579160|001
pgPackingMaterial|91500011|002
pgPackingMaterial|91500012|002
pgPackingMaterial|91500014|002
pgPackingMaterial|91500009|002
pgPackingMaterial|91500013|002
pgArtwork|91608335|001
pgArtwork|91608334|001
pgArtwork|91608244|001
pgArtwork|91608794|001
pgArtwork|97324000|001
pgArtwork|91608795|001
pgArtwork|91608768|001
pgArtwork|91608769|001
pgArtwork|91609009|001
pgArtwork|91609007|001
pgArtwork|91609011|001
pgArtwork|91609010|001
pgArtwork|91609008|001
pgArtwork|91609234|001
pgPackingMaterial|91601081|001
pgPackingMaterial|91601084|001
pgPackingMaterial|91504167|001
pgPackingMaterial|91504156|001
pgPackingMaterial|91504166|001
pgPackingMaterial|91504163|001
pgPackingMaterial|91504161|001
pgPackingMaterial|91504164|001
pgPackingMaterial|91504146|001
pgPackingMaterial|91504150|001
pgPackingMaterial|91504159|001
pgPackingMaterial|91504168|001
pgPackingMaterial|91504160|001
pgPackingMaterial|91504141|001
pgPackingMaterial|91504162|001
pgIllustration|91463643|002
pgPackingMaterial|91152725|001
pgPackingMaterial|91601001|001
pgPackingMaterial|91601173|001
pgPackingMaterial|91601172|001
pgPackingMaterial|91601062|001
pgArtwork|91611294|001
pgArtwork|91611295|001
pgPackingMaterial|91152727|001
pgPackingMaterial|91152726|001
pgArtwork|91617855|001
pgArtwork|91628183|001
pgArtwork|91628184|001
pgArtwork|91628186|001
pgArtwork|91628182|001
pgArtwork|91628185|001
pgArtwork|91628218|001
pgArtwork|91628219|001
pgArtwork|91631010|001
pgArtwork|91631008|001
pgArtwork|91631006|001
pgArtwork|91631009|001
pgArtwork|91631007|001
pgArtwork|91604486|001
pgArtwork|91633098|001
pgArtwork|91633099|001
pgArtwork|91633781|001
pgArtwork|91633719|001
pgArtwork|91633720|001
pgArtwork|91636670|001
pgArtwork|91636669|001
pgArtwork|91638135|001
pgArtwork|91638136|001
pgArtwork|91640392|001
pgArtwork|91640390|001
pgArtwork|91640391|001
pgArtwork|91640393|001
pgArtwork|91640395|001
pgArtwork|91640394|001
pgPackingMaterial|91613397|001
pgPackingMaterial|91613409|001
pgPackingMaterial|91613405|001
pgPackingMaterial|91613415|001
Test Method Specification|60066418|006
pgArtwork|91642485|001
pgArtwork|91642487|001
pgArtwork|91642486|001
pgArtwork|91642488|001
pgPackingMaterial|91640686|001
pgArtwork|91644519|001
pgPackingMaterial|91624276|001
pgMasterPackingMaterial|91504515|001
pgArtwork|91562398|001
pgArtwork|91347673|001
pgPackingMaterial|91314809|001
pgArtwork|91566105|001
pgPackingMaterial|96784086|001
pgArtwork|91347679|001
pgPackingMaterial|91314875|001
pgArtwork|91489750|001
pgPackingMaterial|91451544|001
pgArtwork|91347678|001
pgPackingMaterial|91314874|001
pgMasterPackingMaterial|91504516|001
pgPackingMaterial|91638425|001
pgArtwork|91118159|001
pgPackingMaterial|91415295|001
pgArtwork|91562703|001
pgArtwork|91562399|001
pgArtwork|91354887|001
pgPackingMaterial|90939522|001
pgArtwork|91562752|001
pgPackingMaterial|96784074|001
pgArtwork|91566101|001
pgPackingMaterial|91494022|001
pgArtwork|91487974|001
pgPackingMaterial|91451815|001
pgArtwork|91487972|001
pgPackingMaterial|91451517|001
pgArtwork|91347677|001
pgPackingMaterial|91314831|001
pgArtwork|91354890|001
pgPackingMaterial|91237579|001
pgArtwork|91566102|001
pgPackingMaterial|91500404|001
pgArtwork|91347680|001
pgPackingMaterial|91314878|001
pgArtwork|91566104|001
pgPackingMaterial|96784082|001
pgArtwork|91562751|001
pgArtwork|91354878|001
pgPackingMaterial|91237578|001
pgPackingMaterial|91638416|001
pgPackingMaterial|91638799|001
pgArtwork|91504402|001
pgPackingMaterial|91489650|001
pgArtwork|91652527|001
pgPackingMaterial|91638858|001
pgArtwork|91562701|001
pgPackingMaterial|91471297|001
pgArtwork|91118156|001
pgPackingMaterial|91415291|001
pgArtwork|91566100|001
pgArtwork|91347676|001
pgPackingMaterial|91314814|001
pgPackingMaterial|91638793|001
pgArtwork|91566099|001
pgArtwork|91563727|001
pgPackingMaterial|91494084|001
pgArtwork|91562753|001
pgPackingMaterial|96784075|001
pgArtwork|91562395|001
pgArtwork|91562394|001
pgArtwork|91347674|001
pgPackingMaterial|91314812|001
pgArtwork|91487976|001
pgPackingMaterial|91451876|001
pgPackingMaterial|91638834|001
pgArtwork|91487973|001
pgPackingMaterial|91451814|001
pgArtwork|91562704|001
pgArtwork|91562392|001
pgPackingMaterial|91364936|001
pgArtwork|91354891|001
pgPackingMaterial|91237661|001
pgArtwork|91487975|001
pgPackingMaterial|91451861|001
pgArtwork|91354881|001
pgPackingMaterial|91237663|001
pgArtwork|91562397|001
pgArtwork|91347675|001
pgPackingMaterial|91314813|001
pgArtwork|91118157|001
pgPackingMaterial|91415292|001
pgPackingMaterial|91638805|001
pgArtwork|91287946|001
pgPackingMaterial|90872993|001
pgArtwork|91118158|001
pgPackingMaterial|91415294|001
pgArtwork|91354892|001
pgPackingMaterial|91237664|001
pgArtwork|91354880|001
pgPackingMaterial|91237662|001
pgArtwork|91633280|001
pgPackingMaterial|91638841|001
pgArtwork|91562393|001
pgArtwork|91566103|001
pgPackingMaterial|96784079|001
pgArtwork|91562400|001
pgPackingMaterial|91649590|001
pgPackingMaterial|91648602|001
pgPackingMaterial|91648598|001
pgPackingMaterial|91648614|001
pgMasterPackingMaterial|91199133|002
pgPackingMaterial|91648601|002
pgPackingMaterial|91648597|002
pgPackingMaterial|91648613|002
pgArtwork|91657342|001
pgPackingMaterial|91644329|001
pgPackingMaterial|91643659|001
pgPackingMaterial|91643635|001
pgPackingMaterial|91643803|001
pgPackingMaterial|91643680|001
pgPackingMaterial|91625833|001
pgPackingMaterial|91644354|001
pgPackingMaterial|91644333|001
pgPackingMaterial|91643613|001
pgArtwork|91671031|001
pgArtwork|91671034|001
pgArtwork|91671033|001
pgArtwork|91671032|001
pgMasterPackingMaterial|91599633|001
pgIllustration|99850516|001
pgIllustration|99842764|001
pgIllustration|99842763|001
pgIllustration|91593155|001
pgIllustration|91592961|001
pgPackingMaterial|91637752|001
pgArtwork|91671776|001
pgArtwork|91671773|001
pgArtwork|91671782|001
pgArtwork|91671774|001
pgArtwork|91671775|001
pgArtwork|91683963|001
pgPackingMaterial|91684987|001
pgMasterPackingMaterial|91685528|001
pgPackingMaterial|91063042|003
pgArtwork|91704374|001
pgArtwork|91704373|001
pgArtwork|91704375|001
pgArtwork|91704372|001
pgPackingMaterial|91683970|001
pgPackingMaterial|91683971|001
pgMasterPackingMaterial|99804097|005
pgSupplierInformationSheet|91293749|004
pgArtwork|91710649|001
pgPackingMaterial|91595056|001
pgPackingMaterial|91595057|001
pgPackingMaterial|91595052|001
pgPackingMaterial|91595050|001
pgPackingMaterial|91595051|001
pgPackingMaterial|91595055|001
pgPackingMaterial|91643559|001
pgPackingMaterial|91643558|001
pgPackingMaterial|91643531|001
pgPackingMaterial|91643560|001
pgPackingMaterial|91643530|001
pgPackingMaterial|91643529|001
pgArtwork|91493536|001
pgArtwork|91493535|001
pgArtwork|91495513|001
pgPackingMaterial|91647089|001
pgPackingMaterial|91646022|001
pgPackingMaterial|91648220|001
pgPackingMaterial|91647091|001
pgPackingMaterial|91648222|001
pgPackingMaterial|91644579|001
pgPackingMaterial|91644578|001
pgPackingMaterial|91648221|001
pgPackingMaterial|91646023|001
pgPackingMaterial|91647090|001
pgPackingMaterial|91644577|001
pgPackingMaterial|91646021|001
pgPackingMaterial|91356343|002
pgPackingMaterial|91181903|002
pgPackingMaterial|91063043|003
pgPackingMaterial|91019416|004
pgPackingMaterial|96240653|002
pgPackingMaterial|97004041|002
pgArtwork|91683686|001
pgArtwork|91713233|001
pgArtwork|91713227|001
pgArtwork|91713228|001
pgPackingMaterial|91709227|001
pgPackingMaterial|91709210|001
pgPackingMaterial|91719002|001
pgPackingMaterial|91719001|001
pgArtwork|91613464|001
pgMasterPackingMaterial|91610774|003
pgIllustration|91329553|002
pgPackingMaterial|91575821|003
pgPackingMaterial|91566512|003
pgArtwork|91522977|001
pgPackingMaterial|91566515|003
pgPackingMaterial|91566505|003
pgPackingMaterial|91566502|003
pgPackingMaterial|91566372|003
pgPackingMaterial|91575816|003
pgArtwork|91522982|001
pgArtwork|91522976|001
pgPackingMaterial|91176566|003
pgArtwork|91632919|001
pgArtwork|91522975|001
pgPackingMaterial|91175992|003
pgPackingMaterial|91575818|003
pgPackingMaterial|91575931|003
pgArtwork|91628295|001
pgPackingMaterial|91371512|003
pgArtwork|91613463|001
pgPackingMaterial|91371506|003
pgArtwork|91628293|001
pgArtwork|91522981|001
pgArtwork|91522984|001
pgPackingMaterial|91566508|003
pgArtwork|91628294|001
pgPackingMaterial|91371511|003
pgArtwork|91522980|001
pgPackingMaterial|91388340|003
pgPackingMaterial|91566504|003
pgArtwork|91522979|001
pgArtwork|91613462|001
pgArtwork|91522978|001
pgPackingMaterial|91381031|003
pgPackingMaterial|91566506|003
pgPackingMaterial|91722591|001
pgMasterPackingMaterial|91576615|001
pgPackingMaterial|91723004|001
pgPackingMaterial|91723003|001
pgPackingMaterial|91729187|001
pgPackingMaterial|91729186|001
POA|POA-00019511|001
pgIllustration|91063205|001
pgArtwork|97503249|001
pgArtwork|97503253|001
pgArtwork|91734821|001
pgArtwork|91736509|001
pgArtwork|91736508|001
pgMasterPackingMaterial|91453979|002
pgMasterPackingMaterial|91453981|002
pgMasterPackingMaterial|91453983|002
pgMasterPackingMaterial|91453982|002
pgMasterPackingMaterial|91453980|002
pgIllustration|91664818|001
pgPackingMaterial|91671871|001
pgPackingMaterial|97187974|001
pgPackingMaterial|97242018|001
pgPackingMaterial|91721686|001
pgPackingMaterial|97242017|001
pgPackingMaterial|97242019|001
pgPackingMaterial|97242011|001
pgPackingMaterial|91721685|001
pgPackingMaterial|91721687|001
pgArtwork|91745639|001
pgArtwork|91752637|001
pgArtwork|91752638|001
pgMasterPackingMaterial|91727877|001
pgPackingMaterial|91725562|001
pgArtwork|91687103|001
pgArtwork|91687185|001
pgArtwork|91733610|001
pgArtwork|91733616|001
pgArtwork|91734581|001
pgArtwork|91733613|001
pgArtwork|91733615|001
pgArtwork|91733618|001
pgArtwork|91733617|001
pgArtwork|91733614|001
pgArtwork|91733611|001
pgArtwork|91687101|001
pgMasterPackingMaterial|90894381|005
pgMasterPackingMaterial|91199126|003
pgIllustration|91715751|003
pgArtwork|91758516|001
pgArtwork|91758515|001
pgArtwork|91758514|001
pgArtwork|91759505|001
pgArtwork|91752640|001
pgArtwork|91726903|001
pgArtwork|91726974|001
pgArtwork|91727040|001
pgArtwork|91726902|001
pgArtwork|91726976|001
pgArtwork|91727038|001
pgArtwork|91726975|001
pgArtwork|91727039|001
pgArtwork|91726973|001
pgPackingMaterial|91000569|004
pgPackingMaterial|91000565|004
pgPackingMaterial|91000510|004
pgPackingMaterial|91000568|004
pgMasterPackingMaterial|91664670|002
pgSupplierInformationSheet|91345065|002
pgArtwork|91761204|001
pgPackingMaterial|91727122|001
pgPackingMaterial|91727121|001
pgArtwork|91763601|001
pgArtwork|99294941|001
pgArtwork|99294940|001
pgArtwork|98886575|001
pgArtwork|98807979|001
pgArtwork|91776293|001
pgPackingMaterial|91775300|001
pgPackingMaterial|91745253|001
pgPackingMaterial|91775302|001
pgArtwork|91777088|001
pgArtwork|91777089|001
pgArtwork|91777087|001
pgArtwork|91777109|001
pgArtwork|91777110|001
pgArtwork|91777383|001
pgArtwork|91777387|001
pgArtwork|91777386|001
pgArtwork|91777385|001
pgArtwork|91777382|001
pgArtwork|91777388|001
pgArtwork|91777384|001
pgArtwork|91777553|001
pgArtwork|91777555|001
pgArtwork|91777554|001
pgArtwork|91777552|001
pgArtwork|91777551|001
pgArtwork|91778998|001
pgMasterPackingMaterial|91199125|003
pgArtwork|91188212|001
pgArtwork|91188210|001
pgArtwork|91188209|001
pgArtwork|91188211|001
pgArtwork|91788897|001
pgArtwork|91788898|001
pgPackingMaterial|91789105|001
pgPackingMaterial|91789100|001
pgPackingMaterial|91789130|001
pgArtwork|91058007|001
pgArtwork|91058005|001
pgArtwork|91064897|001
pgArtwork|91810993|001
pgArtwork|91810992|001
pgArtwork|91810991|001
pgArtwork|91815820|001
pgArtwork|91815789|001
pgArtwork|91816104|001
pgArtwork|91816309|001
pgArtwork|91816310|001
pgPackingMaterial|91729074|003
pgPackingMaterial|91729075|003
pgPackingMaterial|91729072|003
pgPackingMaterial|91729073|003
pgRawMaterial|90518891|004
pgPackingMaterial|97149249|001
pgArtwork|91179889|001
pgArtwork|91180459|001
pgPackingMaterial|91825875|001
pgPackingMaterial|91825876|001
pgPackingMaterial|91726029|004
pgPackingMaterial|91726030|004
pgPackingMaterial|91726032|004
pgPackingMaterial|91726031|004
pgArtwork|91832806|001
pgArtwork|91832556|001
pgArtwork|91832805|001
pgPackingMaterial|91832069|001
pgPackingMaterial|91832037|001
pgPackingMaterial|91832067|001
pgPackingMaterial|91832068|001
Raw Material|98802293|009
Raw Material|95816206|011
pgArtwork|POA-00037549|001
pgArtwork|POA-00037548|001
pgArtwork|POA-00037552|001
pgArtwork|POA-00037551|001
pgIllustration|90999441|002
pgIllustration|91199468|003
pgIllustration|91199467|004
pgArtwork|91825012|001
pgArtwork|91824749|001
pgArtwork|91824771|001
pgArtwork|91820903|001
pgArtwork|91824750|001
pgArtwork|91824748|001
pgArtwork|91825239|001
pgArtwork|91825167|001
pgArtwork|91841714|001
pgArtwork|91841712|001
pgArtwork|91841711|001
pgArtwork|91841713|001
pgArtwork|91841669|001
pgArtwork|91841670|001
pgArtwork|91841743|001
pgArtwork|91841742|001
Packaging Material Part|91693291|001
pgArtwork|POA-00040473|001
Packaging Material Part|91682397|001
Packaging Material Part|91852701|001
pgPackingMaterial|91871666|001
pgPackingMaterial|91871670|001
pgPackingMaterial|91871668|001
pgPackingMaterial|91871664|001
pgPackingMaterial|91871669|001
pgPackingMaterial|91871665|001
pgPackingMaterial|91871671|001
pgPackingMaterial|91871663|001
pgPackingMaterial|91871672|001
Packaging Material Part|91608284|002
Packaging Material Part|91277976|002
Packaging Material Part|91608246|002
Packaging Material Part|91594632|002
Packaging Material Part|91277977|002
Packaging Material Part|91594633|002
Packaging Material Part|91880513|001
Packaging Material Part|91875447|001
pgArtwork|POA-00044163|001
pgArtwork|POA-00044165|001
pgArtwork|POA-00044166|001
pgArtwork|POA-00044164|001
pgArtwork|91901393|001
pgArtwork|91901395|001
Raw Material|91671066|002
Packaging Material Part|91893853|001
Packaging Material Part|91912523|001
Packaging Material Part|91882796|001
Packaging Material Part|91882798|001
Packaging Material Part|91877630|001
pgArtwork|POA-00050588|001
pgMasterPackagingMaterialPart|MPMP-00053555|001
Packaging Material Part|91066352|006
Packaging Material Part|91000570|008
Packaging Material Part|91000567|005
pgMasterPackagingMaterialPart|MPMP-00053888|001
pgIllustration|ILST-00009566|001
pgIllustration|ILST-00009567|001
pgArtwork|POA-00051315|001
Packaging Material Part|91892691|001
Packaging Material Part|91881739|001
Packaging Material Part|91887414|001
pgArtwork|POA-00051527|001
Packaging Material Part|91889152|001
pgArtwork|POA-00051528|001
Packaging Material Part|91913721|001
pgArtwork|POA-00051309|001
Packaging Material Part|91883473|001
pgArtwork|POA-00051671|001
pgArtwork|91906066|001
pgArtwork|91906063|001
pgArtwork|91745524|001
pgArtwork|91906065|001
pgArtwork|POA-00051867|001
pgArtwork|91829658|001
pgArtwork|POA-00051864|001
pgArtwork|90540572|001
pgArtwork|POA-00052008|001
pgArtwork|91906064|001
pgMasterPackagingMaterialPart|MPMP-00053554|002
pgArtwork|91570831|001
Test Method Specification|98796501|002
pgArtwork|POA-00053196|001
pgArtwork|POA-00053188|001
Packaging Material Part|91896236|001
Packaging Material Part|91945853|001
Packaging Material Part|91933493|001
Packaging Material Part|91885402|001
pgArtwork|91914661|001
pgArtwork|91914695|001
pgArtwork|POA-00055789|001
pgArtwork|POA-00055787|001
pgArtwork|POA-00055788|001
Test Method Specification|98827367|002
Test Method Specification|98620188|003
Test Method Specification|95755019|002
pgArtwork|POA-00056431|001
pgArtwork|POA-00056429|001
pgArtwork|POA-00056430|001
pgArtwork|POA-00057023|001
pgArtwork|POA-00057026|001
pgArtwork|POA-00057022|001
pgArtwork|POA-00057024|001
pgArtwork|POA-00058412|001
Packaging Material Part|91933226|001
pgArtwork|POA-00058414|001
Packaging Material Part|91943579|001
pgArtwork|POA-00060212|001
pgArtwork|POA-00060214|001
pgArtwork|POA-00060213|001
Packaging Material Part|91940492|001
pgArtwork|POA-00062143|001
pgArtwork|POA-00062145|001
Packaging Material Part|91891179|002
Packaging Material Part|91973019|001
Packaging Material Part|91941134|001
Packaging Material Part|91953605|001
pgArtwork|POA-00064626|001
pgArtwork|POA-00065104|001
Packaging Material Part|91949340|001
Packaging Material Part|91942036|001
Packaging Material Part|91954402|001
pgIllustration|91685305|004
pgIllustration|91685302|004
Packaging Material Part|91932446|002
Packaging Material Part|91151318|001
Packaging Material Part|91190656|001
Packaging Material Part|91047218|001
Packaging Material Part|91998461|001
pgArtwork|POA-00080209|001
POA|POA-00074014|001
POA|POA-00074015|001
POA|POA-00072266|001
POA|POA-00072265|001
POA|POA-00070062|001
POA|POA-00065135|001
Packaging Material Part|91432999|001
POA|POA-00070792|001
POA|POA-00070803|001
POA|POA-00081127|001
POA|POA-00081128|001
pgArtwork|POA-00083997|001
pgArtwork|POA-00083966|001
pgArtwork|POA-00083994|001
pgArtwork|POA-00083976|001
pgMasterPackagingMaterialPart|MPMP-00032529|003
Packaging Material Part|91177119|001
pgArtwork|POA-00090479|001
Packaging Material Part|91184466|002
Packaging Material Part|90600431|002
Packaging Material Part|91950920|002
pgArtwork|POA-00099501|001
pgArtwork|POA-00099498|001
Packaging Material Part|91439157|001
Packaging Material Part|90603362|001
Packaging Material Part|90603360|001
Packaging Material Part|90545796|001
pgMasterPackagingMaterialPart|MPMP-00053552|002
Packaging Material Part|90524014|001
Packaging Material Part|90536513|001
Packaging Material Part|90536444|001
Packaging Material Part|90536520|001
Packaging Material Part|91184471|003
Packaging Material Part|91347251|003
Packaging Material Part|90600424|003
POA|POA-00093228|001
POA|POA-00093284|001
POA|POA-00093305|001
POA|POA-00093219|001
POA|POA-00093271|001
POA|POA-00093269|001
pgMasterPackagingMaterialPart|MPMP-00032542|004
pgMasterPackagingMaterialPart|MPMP-00032534|004
POA|POA-00093302|001
pgIllustration|92217055|001
pgIllustration|96771120|002
pgIllustration|96965871|001
pgMasterPackagingMaterialPart|MPMP-00032814|003
Packaging Material Part|90561022|001
Packaging Material Part|90561021|001
POA|POA-00093087|001
POA|POA-00093129|001
pgIllustration|91594342|001
pgMasterPackagingMaterialPart|MPMP-00034821|002
Packaging Material Part|90611998|001
Packaging Material Part|90567075|001
Packaging Material Part|90579861|001
Packaging Material Part|90567076|001
Packaging Material Part|90567077|001
Packaging Material Part|90528067|001
Packaging Material Part|90561077|001
Packaging Material Part|90563193|001
Packaging Material Part|90563196|001
Packaging Material Part|90611997|001
POA|POA-00093268|001
POA|POA-00093304|001
POA|POA-00093277|001
pgArtwork|POA-00117248|001
pgArtwork|POA-00117225|001
pgArtwork|POA-00117220|001
pgArtwork|POA-00117222|001
pgArtwork|POA-00117219|001
pgArtwork|POA-00117218|001
pgArtwork|POA-00117247|001
pgArtwork|POA-00117221|001
pgArtwork|POA-00117246|001
pgArtwork|POA-00117217|001
pgArtwork|POA-00117472|001
pgArtwork|POA-00117468|001
pgArtwork|POA-00117469|001
pgArtwork|POA-00117470|001
pgArtwork|POA-00117465|001
pgArtwork|POA-00117464|001
pgArtwork|POA-00117463|001
pgArtwork|POA-00117479|001
pgArtwork|POA-00117471|001
Packaging Material Part|91434672|001
Packaging Material Part|91681752|001
POA|POA-00084849|001
Packaging Material Part|91434641|002
POA|POA-00081533|001
Packaging Material Part|91738478|002
POA|POA-00084786|001
Packaging Material Part|91679493|002
POA|POA-00084911|001
Packaging Material Part|91679174|002
POA|POA-00084818|001
POA|POA-00099238|001
Packaging Material Part|90531241|002
POA|POA-00084961|001
Packaging Material Part|91739942|002
POA|POA-00084828|001
POA|POA-00089511|001
POA|POA-00095648|001
POA|POA-00090431|001
Packaging Material Part|91733353|002
Packaging Material Part|91432996|003
POA|POA-00094705|001
POA|POA-00090486|001
Packaging Material Part|91434107|002
POA|POA-00090422|001
Packaging Material Part|91456920|002
POA|POA-00089623|001
pgIllustration|ILST-00023912|001
POA|POA-00124871|001
POA|POA-00124386|001
Packaging Material Part|91878311|002
POA|POA-00089564|001
POA|POA-00124432|001
Packaging Material Part|90670293|001
Packaging Material Part|90721374|001
Packaging Material Part|90670294|001
Packaging Material Part|90655311|001
Packaging Material Part|90670292|001
POA|POA-00124387|001
pgIllustration|ILST-00020935|001
pgMasterPackagingMaterialPart|MPMP-00076734|002
Packaging Material Part|90765918|001
pgMasterPackagingMaterialPart|MPMP-00034822|002
pgIllustration|90532605|001
Packaging Material Part|90797342|001
pgArtwork|POA-00117216|001
Packaging Material Part|90516041|002
Packaging Material Part|90561004|002
pgIllustration|ILST-00018907|001
pgMasterPackagingMaterialPart|MPMP-00073679|004
pgIllustration|90894369|006
pgIllustration|90894371|005
pgIllustration|91564122|002
pgIllustration|90894372|007
pgIllustration|90894370|007
pgIllustration|ILST-00015510|001
pgMasterPackagingMaterialPart|MPMP-00072972|002
pgIllustration|91149958|004
Packaging Material Part|91368523|002
POA|POA-00139004|001
POA|POA-00139018|001
POA|POA-00139006|001
POA|POA-00139020|001
Packaging Material Part|91336836|002
Packaging Material Part|91336916|002
Packaging Material Part|91334569|002
Qualification|PQR-00041819|001
Qualification|PQR-00063597|001
Qualification|PQR-00041818|001
Qualification|PQR-00063594|001
Qualification|PQR-00041820|001
Qualification|PQR-00063593|001
Qualification|PQR-00063595|001
POA|POA-00102670|001
POA|POA-00102146|001
POA|POA-00102609|001
Packaging Material Part|90904188|001
Packaging Material Part|90862651|001
Qualification|PQR-00069817|001
Packaging Material Part|91277761|002
Packaging Material Part|91368594|002
Packaging Material Part|91021282|001
Packaging Material Part|90994713|001
Packaging Material Part|90975115|001
Packaging Material Part|90994696|001
Packaging Material Part|91020232|001
Packaging Material Part|90938103|001
POA|POA-00013470|001
Packaging Material Part|91277766|002
POA|POA-00164739|001
POA|POA-00164740|001
POA|POA-00164743|001
POA|POA-00164745|001
POA|POA-00164742|001
POA|POA-00164744|001
Packaging Material Part|91005721|001
Packaging Material Part|90988504|001
Packaging Material Part|90949216|001
pgIllustration|99306951|001
POA|POA-00148564|001
POA|POA-00148575|001
POA|POA-00134321|001
Packaging Material Part|90703574|002
POA|POA-00134333|001
Packaging Material Part|90687798|002
Packaging Material Part|91969728|002
POA|POA-00134136|001
Packaging Material Part|91958043|002
POA|POA-00134224|001
Packaging Material Part|90721379|002
Packaging Material Part|91675906|002
POA|POA-00134297|001
Packaging Material Part|90721378|002
POA|POA-00134312|001
POA|POA-00085152|001
Packaging Material Part|91438870|002
POA|POA-00085772|001
Packaging Material Part|90602316|002
POA|POA-00084885|001
Packaging Material Part|90602315|002
POA|POA-00085820|001
Packaging Material Part|91940496|002
Packaging Material Part|91947782|002
Packaging Material Part|90543371|002
POA|POA-00169599|001
POA|POA-00169605|001
POA|POA-00169606|001
POA|POA-00169607|001
Packaging Material Part|91221592|001
Packaging Material Part|91209143|001
Packaging Material Part|91221597|001
Packaging Material Part|91247839|001
Packaging Material Part|91247840|001
Packaging Material Part|91221596|001
Packaging Material Part|91194435|001
Packaging Material Part|91209141|001
POA|POA-00133772|001
POA|POA-00133605|001
POA|POA-00133886|001
POA|POA-00133713|001
Packaging Material Part|90721370|002
Packaging Material Part|91277757|002
pgMasterPackagingMaterialPart|MPMP-00097508|001
pgIllustration|ILST-00034487|001
Packaging Material Part|91796859|003
pgArtwork|97201970|001
pgArtwork|91752639|001
pgArtwork|91388482|001
pgArtwork|91753641|001
pgArtwork|91752699|001
pgMasterPackingMaterial|95081578|002
Packaging Material Part|91369023|001
Packaging Material Part|91420635|001
Packaging Material Part|91452760|001
Packaging Material Part|91387063|001
Packaging Material Part|91420610|001
Packaging Material Part|91392565|001
Packaging Material Part|91463468|001
POA|POA-00202094|001
POA|POA-00202283|001
POA|POA-00202286|001
POA|POA-00202292|001
POA|POA-00205144|001
pgIllustration|ILST-00012205|001
pgIllustration|ILST-00012204|003
pgMasterPackagingMaterialPart|MPMP-00062779|003
pgMasterPackagingMaterialPart|MPMP-00097576|003
Packaging Material Part|91507325|001
Packaging Material Part|91475612|001
Packaging Material Part|91507258|001
POA|POA-00191232|001
POA|POA-00191234|001
POA|POA-00191239|001
POA|POA-00191221|001
POA|POA-00191218|001
POA|POA-00191233|001
POA|POA-00191235|001
POA|POA-00191219|001
POA|POA-00191238|001
POA|POA-00193549|001
POA|POA-00188550|001
POA|POA-00188552|001
POA|POA-00191237|001
POA|POA-00191220|001
Packaging Material Part|91196615|002
POA|POA-00191228|001
Packaging Material Part|91463457|002
POA|POA-00198529|001
Packaging Material Part|91392037|002
POA|POA-00198299|001
Packaging Material Part|91462850|002
POA|POA-00198240|001
POA|POA-00191236|001
Packaging Material Part|91463453|002
Packaging Material Part|91465480|002
Packaging Material Part|91462717|002
pgIllustration|91344912|002
pgMasterPackagingMaterialPart|MPMP-00032458|005
pgIllustration|91120494|005
pgMasterPackagingMaterialPart|MPMP-00032472|004
pgIllustration|ILST-00022186|003
pgMasterPackagingMaterialPart|MPMP-00078787|005
pgMasterPackagingMaterialPart|MPMP-00078786|005
pgIllustration|ILST-00022185|003
pgIllustration|91352896|004
pgMasterPackagingMaterialPart|MPMP-00075602|002
pgIllustration|ILST-00008462|002
pgMasterPackagingMaterialPart|MPMP-00052001|004
pgMasterPackagingMaterialPart|MPMP-00032468|004
pgMasterPackagingMaterialPart|MPMP-00051999|004
pgIllustration|ILST-00008463|002
pgMasterPackagingMaterialPart|MPMP-00032545|009
pgIllustration|91352895|003
pgIllustration|ILST-00011521|002
pgMasterPackagingMaterialPart|MPMP-00032475|004
pgIllustration|95171625|007
pgMasterPackagingMaterialPart|MPMP-00033965|006
pgIllustration|ILST-00034528|001
pgMasterPackagingMaterialPart|MPMP-00099291|002
Packaging Material Part|91509140|001
Packaging Material Part|91509139|001
Packaging Material Part|91516893|001
POA|POA-00211849|001
POA|POA-00211850|001
POA|POA-00211846|001
POA|POA-00214083|001
POA|POA-00214298|001
POA|POA-00214082|001
POA|POA-00214084|001
POA|POA-00214285|001
POA|POA-00213996|001
POA|POA-00213952|001
POA|POA-00214086|001
POA|POA-00214091|001
Raw Material|10073069|009
POA|POA-00215286|001
POA|POA-00215288|001
pgIllustration|ILST-00029979|002
pgMasterPackagingMaterialPart|MPMP-00087658|002
Qualification|PQR-00070069|001
Qualification|PQR-00070071|001
Qualification|PQR-00070068|001
Qualification|PQR-00070075|001
Qualification|PQR-00070076|001
Qualification|PQR-00070078|001
Qualification|PQR-00070073|001
Qualification|PQR-00070070|001
Qualification|PQR-00070072|001
Qualification|PQR-00070074|001
Qualification|PQR-00070082|001
Qualification|PQR-00070081|001
Qualification|PQR-00070080|001
Qualification|PQR-00070084|001
Qualification|PQR-00070077|001
Qualification|PQR-00070079|001
Qualification|PQR-00070085|001
Qualification|PQR-00070089|001
Qualification|PQR-00070086|001
Qualification|PQR-00070091|001
Qualification|PQR-00070087|001
Qualification|PQR-00070083|001
Qualification|PQR-00070088|001
Qualification|PQR-00070092|001
Qualification|PQR-00070090|001
Raw Material|10063109|007
Packaging Material Part|91654777|001
Packaging Material Part|91591366|001
Packaging Material Part|91603056|001
pgMasterPackagingMaterialPart|MPMP-00099916|003
POA|POA-00219935|001
Packaging Material Part|91634185|001
Packaging Material Part|91606453|002
Packaging Material Part|91659969|002
Packaging Material Part|91594367|002
POA|POA-00226645|001
POA|POA-00226647|001
POA|POA-00226637|001
POA|POA-00226641|001
Packaging Material Part|91721158|001
Packaging Material Part|91687975|001
Packaging Material Part|91663520|001
Packaging Material Part|91721160|001
Packaging Material Part|91747701|001
Packaging Material Part|91709281|001
Packaging Material Part|91663514|001
Packaging Material Part|91747683|001
Packaging Material Part|91663517|001
pgMasterPackagingMaterialPart|MPMP-00049948|004
pgIllustration|91223192|002
pgMasterPackagingMaterialPart|MPMP-00048546|004
POA|POA-00218034|001
Packaging Material Part|91757849|001
Packaging Material Part|91670715|001
Packaging Material Part|91670716|001
Packaging Material Part|91757848|001
POA|POA-00229075|001
POA|POA-00229110|001
POA|POA-00229595|001
POA|POA-00229109|001
POA|POA-00229113|001
POA|POA-00229594|001
POA|POA-00229596|001
POA|POA-00229489|001
POA|POA-00229111|001
POA|POA-00229490|001
POA|POA-00229112|001
POA|POA-00229491|001
Packaging Material Part|91777574|001
Packaging Material Part|91803110|001
Packaging Material Part|91813329|001
Packaging Material Part|91687281|001
POA|POA-00233229|001
POA|POA-00233227|001
POA|POA-00233182|001
POA|POA-00233223|001
POA|POA-00243749|001
POA|POA-00243740|001
pgMasterPackagingMaterialPart|MPMP-00032444|004
Packaging Material Part|91354547|003
Packaging Material Part|91354544|003
pgMasterPackagingMaterialPart|MPMP-00056139|005
pgMasterPackagingMaterialPart|MPMP-00032463|005
pgMasterPackagingMaterialPart|MPMP-00098932|004
pgMasterPackagingMaterialPart|MPMP-00106729|002
pgMasterPackagingMaterialPart|MPMP-00106603|002
POA|POA-00243535|001
POA|POA-00243149|001
POA|POA-00243537|001
POA|POA-00226260|001
Packaging Material Part|91655029|002
POA|POA-00225101|001
Packaging Material Part|91636121|002
POA|POA-00225100|001
Packaging Material Part|91592736|002
POA|POA-00225001|001
Packaging Material Part|91624499|002
Packaging Material Part|91828268|001
Raw Material|91896479|A
pgMasterPackagingMaterialPart|MPMP-00100139|004
Packaging Material Part|91898403|001
Packaging Material Part|91865412|001
Packaging Material Part|91856398|001
Packaging Material Part|91833805|001
Packaging Material Part|91856263|001
Qualification|PQR-00076583|002
POA|POA-00259033|001
POA|POA-00259035|001
POA|POA-00259024|001
POA|POA-00259029|001
POA|POA-00256633|001
Packaging Material Part|91903466|001
Packaging Material Part|91846515|001
pgIllustration|99344117|004
pgIllustration|96771115|002
pgMasterPackagingMaterialPart|MPMP-00032810|004
POA|POA-00260175|001
Packaging Material Part|91928669|001
Packaging Material Part|91923006|001
Packaging Material Part|91934656|001
Packaging Material Part|91923971|001
POA|POA-00255734|001
Packaging Material Part|91850751|002
POA|POA-00103020|001
Packaging Material Part|91740476|002
POA|POA-00102679|001
Packaging Material Part|91737148|002
POA|POA-00102151|001
POA|POA-00107960|001
Packaging Material Part|91457884|002
POA|POA-00103024|001
POA|POA-00103006|001
Packaging Material Part|91733978|002
POA|POA-00109365|001
Packaging Material Part|91734549|002
POA|POA-00264037|001
Packaging Material Part|91923248|001
Packaging Material Part|91945582|001
Packaging Material Part|91916891|001
Packaging Material Part|91914541|001
POA|POA-00267081|001
POA|POA-00269424|001
POA|POA-00269426|001
POA|POA-00269425|001
Packaging Material Part|90004642|001
Packaging Material Part|90004635|001
Packaging Material Part|90004640|001
Packaging Material Part|91980472|001
POA|POA-00269917|001
POA|POA-00270000|001
POA|POA-00270001|001
Test Method Specification|98620190|004
POA|POA-00272645|001
POA|POA-00272550|001
pgMasterRawMaterialPart|94532435|008
pgQualitySpecification|90536084|002
Test Method Specification|60061470|006
Qualification|PQR-00078585|001
Qualification|PQR-00078586|001
Packaging Material Part|91775083|002
Packaging Material Part|91801192|002
Packaging Material Part|91828267|002
Packaging Material Part|91775085|002
Packaging Material Part|91775086|002
Packaging Material Part|91812598|002
Packaging Material Part|91828245|002
Packaging Material Part|91785908|002
Packaging Material Part|91828261|002
Packaging Material Part|91774924|002
Packaging Material Part|90005252|001
pgIllustration|ILST-00054550|001
POA|POA-00270759|001
POA|POA-00273891|001
POA|POA-00273893|001
POA|POA-00273889|001
POA|POA-00274864|001
POA|POA-00273897|001
Packaging Material Part|90013384|001
Packaging Material Part|91979056|001
Packaging Material Part|90008229|001
Packaging Material Part|90003109|001
pgIllustration|ILST-00032717|001
pgIllustration|ILST-00053367|001
pgMasterPackagingMaterialPart|MPMP-00096590|007
POA|POA-00274008|001
POA|POA-00274088|001
POA|POA-00275282|001
POA|POA-00274171|001
POA|POA-00275276|001
POA|POA-00275266|001
POA|POA-00275598|001
POA|POA-00275597|001
POA|POA-00255166|001
POA|POA-00255337|001
POA|POA-00255145|001
POA|POA-00275586|001
POA|POA-00255164|001
POA|POA-00255225|001
POA|POA-00275593|001
POA|POA-00278636|001
Packaging Material Part|90007732|001
Packaging Material Part|90043874|001
Packaging Material Part|90035272|001
Packaging Material Part|90058643|001
Packaging Material Part|90062195|001
Packaging Material Part|91334154|004
Packaging Material Part|91336921|003
Packaging Material Part|91334572|003
Packaging Material Part|91277767|003
Packaging Material Part|91213133|003
POA|POA-00212887|001
Packaging Material Part|91567506|002
POA|POA-00211851|001
Packaging Material Part|91507394|002
POA|POA-00211847|001
POA|POA-00212927|001
Packaging Material Part|91521519|002
POA|POA-00211852|001
Packaging Material Part|91524214|002
POA|POA-00212974|001
Packaging Material Part|91473635|002
POA|POA-00211848|001
Packaging Material Part|91507450|002
POA|POA-00124875|001
POA|POA-00124217|001
Packaging Material Part|90532940|003
POA|POA-00216023|001
Packaging Material Part|91479732|002
POA|POA-00124864|001
Packaging Material Part|90509378|004
POA|POA-00124874|001
POA|POA-00123909|001
POA|POA-00138385|001
Packaging Material Part|90734757|003
POA|POA-00139016|001
POA|POA-00184750|001
POA|POA-00184749|001
Packaging Material Part|91220951|003
Packaging Material Part|91340417|003
Packaging Material Part|91334578|003
POA|POA-00196976|001
POA|POA-00196980|001
Packaging Material Part|91357701|002
POA|POA-00196981|001
Packaging Material Part|91307040|002
POA|POA-00211844|001
Packaging Material Part|91475580|002
POA|POA-00196977|001
Packaging Material Part|91213141|003
Packaging Material Part|91257223|003
POA|POA-00226553|001
Packaging Material Part|91567637|003
POA|POA-00226549|001
Packaging Material Part|91567623|003
Packaging Material Part|91196619|003
POA|POA-00226552|001
Packaging Material Part|91567617|003
POA|POA-00226551|001
Packaging Material Part|91521542|003
Packaging Material Part|91196623|003
Packaging Material Part|91257396|003
Packaging Material Part|91392570|003
Packaging Material Part|91196833|004
Packaging Material Part|91196843|003
POA|POA-00139021|001
Packaging Material Part|90710775|002
POA|POA-00188544|001
POA|POA-00188538|001
POA|POA-00188542|001
Packaging Material Part|91178535|002
POA|POA-00188549|001
POA|POA-00188543|001
Packaging Material Part|90749653|003
POA|POA-00139017|001
POA|POA-00188551|001
Packaging Material Part|91212767|003
POA|POA-00188541|001
POA|POA-00283696|001
POA|POA-00283701|001
POA|POA-00283689|001
POA|POA-00283699|001
POA|POA-00283705|001
POA|POA-00283702|001
pgIllustration|91056178|001
pgIllustration|95142261|003
POA|POA-00285542|001
POA|POA-00285547|001
POA|POA-00285509|001
POA|POA-00285516|001
POA|POA-00285543|001
POA|POA-00285513|001
pgIllustration|ILST-00041461|002
pgMasterPackagingMaterialPart|MPMP-00110227|003
POA|POA-00275588|001
POA|POA-00275630|001
POA|POA-00275628|001
POA|POA-00288851|001
POA|POA-00288852|001
Packaging Material Part|91220948|004
Packaging Material Part|91357617|003
Packaging Material Part|91291754|003
pgIllustration|90532602|002
Packaging Material Part|91631571|002
Qualification|PQR-00078582|001
Qualification|PQR-00078581|001
pgQualitySpecification|91043013|002
pgMasterRawMaterialPart|91043010|004
Packaging Material Part|91277783|002
Packaging Material Part|91334575|002
Qualification|PQR-00062693|001
Packaging Material Part|91276949|002
Packaging Material Part|90071647|001
Packaging Material Part|90076295|001
Packaging Material Part|90071443|001
Packaging Material Part|90091343|001
Packaging Material Part|90091689|001
Packaging Material Part|90091356|001
pgIllustration|ILST-00035542|004
pgIllustration|ILST-00040749|003
pgIllustration|ILST-00034473|004
pgIllustration|ILST-00032967|002
pgIllustration|ILST-00040854|003
pgIllustration|ILST-00035343|005
Packaging Material Part|90105306|001
Packaging Material Part|90105305|001
POA|POA-00275767|001
Packaging Material Part|91915873|002
POA|POA-00275770|001
Packaging Material Part|91937903|002
Packaging Material Part|90047972|002
POA|POA-00284077|001
POA|POA-00275751|001
Packaging Material Part|91968595|002
POA|POA-00284071|001
Packaging Material Part|90041888|002
POA|POA-00284082|001
Packaging Material Part|90032298|002
POA|POA-00275769|001
Packaging Material Part|91921893|002
Packaging Material Part|91921896|002
POA|POA-00275765|001
POA|POA-00284079|001
Packaging Material Part|90055671|002
POA|POA-00275768|001
Packaging Material Part|91921895|002
pgMasterPackagingMaterialPart|MPMP-00122068|003
pgIllustration|ILST-00052861|003
POA|POA-00299549|001
POA|POA-00302297|001
POA|POA-00302290|001
POA|POA-00302291|001
POA|POA-00302292|001
pgIllustration|91504517|006
pgIllustration|91504518|007
pgMasterPackagingMaterialPart|MPMP-00032450|003
Packaging Material Part|91353681|003
Packaging Material Part|91353928|003
Packaging Material Part|91354529|003
Packaging Material Part|91894743|002
Packaging Material Part|90159111|001
Packaging Material Part|90135463|001
POA|POA-00309611|001
POA|POA-00309617|001
POA|POA-00308759|001
POA|POA-00309488|001
pgMasterRawMaterialPart|95820283|011
pgMasterRawMaterialPart|95915729|012
pgQualitySpecification|90988383|002
Raw Material|10045815|012
POA|POA-00302293|001
POA|POA-00308751|001
POA|POA-00309744|001
POA|POA-00302296|001
pgIllustration|96356073|003
pgMasterPackagingMaterialPart|MPMP-00029996|003
Packaging Material Part|90167825|002
pgMasterPackagingMaterialPart|MPMP-00134620|001
Packaging Material Part|90163763|002
Packaging Material Part|90169414|001
Packaging Material Part|90154202|001
POA|POA-00310016|001
Packaging Material Part|90091294|002
Packaging Material Part|90169755|001
POA|POA-00315793|001
POA|POA-00315795|001
pgIllustration|ILST-00032968|003
POA|POA-00315802|001
POA|POA-00318761|001
POA|POA-00318757|001
POA|POA-00318763|001
pgIllustration|ILST-00041626|001
pgMasterPackagingMaterialPart|MPMP-00107822|002
pgIllustration|ILST-00041817|002
pgMasterPackagingMaterialPart|MPMP-00107821|002
POA|POA-00318824|001
POA|POA-00318830|001
POA|POA-00318821|001
Packaging Material Part|90167768|001
POA|POA-00318825|001
POA|POA-00318829|001
POA|POA-00316910|001
Qualification|PQR-00045131|001
Qualification|PQR-00045127|001
Qualification|PQR-00045115|001
Qualification|PQR-00045130|001
Qualification|PQR-00045134|001
Qualification|PQR-00045129|001
Qualification|PQR-00045128|001
Qualification|PQR-00045133|001
Qualification|PQR-00045126|001
Qualification|PQR-00045132|001
Qualification|PQR-00045113|001
POA|POA-00315801|001
Packaging Material Part|90191974|002
POA|POA-00318823|001
POA|POA-00318822|001
Packaging Material Part|90148500|002
POA|POA-00315794|001
Packaging Material Part|90191977|002
Packaging Material Part|90142650|002
POA|POA-00318828|001
POA|POA-00318762|001
Packaging Material Part|90167070|002
POA|POA-00318827|001
Packaging Material Part|90142652|002
Packaging Material Part|90154206|002
POA|POA-00318756|001
POA|POA-00226393|001
Packaging Material Part|91275216|002
POA|POA-00198568|001
Packaging Material Part|90177945|001
pgManufacturerMaterial|tv8417-1263999202242|001
pgManufacturerMaterial|su-1089943866498|001
Raw Material|MEP-00019954|1
Packaging Material Part|MEP-00026009|1
Test Method Specification|96244849|001
Packaging Material Part|90835640|001
pgIllustration|ILST-00027179|001
POA|POA-00161918|001
Packaging Material Part|90941311|001
Packaging Material Part|90842993|001
Packaging Material Part|90835639|001
Packaging Material Part|90813801|001
Packaging Material Part|90842992|001
Packaging Material Part|91031906|001
Test Method Specification|97583265|001
Test Method Specification|98897181|006
Qualification|PQR-00070381|001
Qualification|PQR-00070380|001
Raw Material|97247963|004
Raw Material|MEP-00002472|1
Raw Material|MEP-00025534|2
Raw Material|91136433|004
Raw Material|97270039|007
pgMasterRawMaterialPart|MRMP-00002149|002
Raw Material|91440939|002
Raw Material|90863301|003
Raw Material|91400632|002
Raw Material|90849323|003
Raw Material|90030949|001
Raw Material|90030952|001
Raw Material|90040771|001
Raw Material|90022981|001
pgMasterRawMaterialPart|MRMP-00003223|001
Packaging Material Part|MEP-00052328|1
Packaging Material Part|MEP-00052373|1
POA|POA-00032828|001
pgMasterPackagingMaterialPart|MPMP-00041365|004
pgMasterPackagingMaterialPart|MPMP-00078935|001
pgQualitySpecification|91440127|003
pgArtwork|POA-00082889|001
Packaging Material Part|91987574|003
pgArtwork|97050386|001
pgQualitySpecification|91839019|003
Packaging Material Part|91843840|003
POA|POA-00032834|001
pgMasterPackagingMaterialPart|MPMP-00041303|004
pgArtwork|91896742|001
Packaging Material Part|91843844|004
pgArtwork|POA-00078251|001
pgMasterPackagingMaterialPart|MPMP-00068892|003
POA|POA-00032822|001
Packaging Material Part|91955158|003
pgMasterPackagingMaterialPart|MPMP-00041301|004
Packaging Material Part|91697740|002
pgMasterPackagingMaterialPart|MPMP-00041289|003
pgArtwork|POA-00091316|001
Packaging Material Part|91998581|003
POA|POA-00033233|001
Packaging Material Part|91623999|002
Packaging Material Part|91673700|002
pgMasterPackagingMaterialPart|MPMP-00043677|004
pgMasterPackagingMaterialPart|MPMP-00041290|004
POA|POA-00032807|001
pgMasterPackagingMaterialPart|MPMP-00062635|003
pgArtwork|POA-00079064|001
POA|POA-00032806|001
Packaging Material Part|91948609|003
pgIllustration|90673674|002
pgMasterPackagingMaterialPart|MPMP-00067405|001
Packaging Material Part|90507705|003
pgArtwork|POA-00105655|001
pgMasterPackagingMaterialPart|MPMP-00082375|003
pgMasterPackagingMaterialPart|MPMP-00081526|001
POA|POA-00214048|001
Packaging Material Part|91489836|003
pgMasterPackagingMaterialPart|MPMP-00042353|001
pgIllustration|91056997|001
Packaging Material Part|91524321|002
POA|POA-00214059|001
POA|POA-00214076|001
Packaging Material Part|91507467|003
pgMasterPackagingMaterialPart|MPMP-00114789|003
pgMasterPackagingMaterialPart|MPMP-00108881|001
POA|POA-00240994|001
Packaging Material Part|91706774|002
pgMasterPackagingMaterialPart|MPMP-00114788|002
POA|POA-00240989|001
pgMasterPackagingMaterialPart|MPMP-00109069|001
Packaging Material Part|91706766|002
pgMasterPackagingMaterialPart|MPMP-00063330|001
pgIllustration|97568326|001
POA|POA-00146532|001
pgMasterPackagingMaterialPart|MPMP-00067549|001
POA|POA-00214053|001
Packaging Material Part|91570190|002
pgIllustration|91023205|001
Packaging Material Part|91841610|002
pgMasterPackagingMaterialPart|MPMP-00118861|001
POA|POA-00260043|001
pgMasterPackagingMaterialPart|MPMP-00068102|001
POA|POA-00214072|001
pgIllustration|91128561|001
Packaging Material Part|91476034|003
pgMasterPackagingMaterialPart|MPMP-00067464|001
pgIllustration|91023208|001
pgArtwork|POA-00105619|001
Packaging Material Part|91946789|004
POA|POA-00194512|001
pgMasterPackagingMaterialPart|MPMP-00101834|001
Packaging Material Part|91286510|002
pgMasterPackagingMaterialPart|MPMP-00101836|001
Packaging Material Part|91316367|002
POA|POA-00194513|001
pgMasterPackagingMaterialPart|MPMP-00101828|001
Packaging Material Part|91300899|002
POA|POA-00194505|001
pgMasterPackagingMaterialPart|MPMP-00101725|001
POA|POA-00193829|001
pgMasterPackagingMaterialPart|MPMP-00101832|001
Packaging Material Part|91300960|002
POA|POA-00194509|001
pgMasterPackagingMaterialPart|MPMP-00101752|001
POA|POA-00193835|001
pgMasterPackagingMaterialPart|MPMP-00101728|001
POA|POA-00193832|001
pgMasterPackagingMaterialPart|MPMP-00101819|001
POA|POA-00193843|001
pgMasterPackagingMaterialPart|MPMP-00101830|001
POA|POA-00194508|001
Packaging Material Part|91270691|002
pgMasterPackagingMaterialPart|MPMP-00101838|001
POA|POA-00194514|001
Packaging Material Part|91342402|002
POA|POA-00193847|001
pgMasterPackagingMaterialPart|MPMP-00101824|001
pgMasterPackagingMaterialPart|MPMP-00101817|001
POA|POA-00193842|001
pgMasterPackagingMaterialPart|MPMP-00101815|001
POA|POA-00193839|001
Packaging Material Part|91316112|002
pgMasterPackagingMaterialPart|MPMP-00101821|001
Packaging Material Part|91285639|002
POA|POA-00193846|001
Packaging Material Part|MEP-00018261|1
Packaging Material Part|SEP-00008956|1
Raw Material|MEP-00019083|1
Raw Material|MEP-00020961|1
Raw Material|MEP-00004325|2
pgRawMaterial|60535589|003
pgRawMaterial|60535585|003
pgRawMaterial|60520627|004
pgRawMaterial|60540329|003
pgRawMaterial|98862073|005
pgRawMaterial|98817882|003
pgRawMaterial|92376925|002
pgRawMaterial|96853268|002
Raw Material|91938378|002
Raw Material|91943288|002
Raw Material|91590474|002
Raw Material|91951092|002
Raw Material|91411737|003
Raw Material|91411720|003
Raw Material|91407014|003
Raw Material|91411733|003
Raw Material|91407011|003
Raw Material|91407138|003
Raw Material|91945732|004
Raw Material|91933250|003
Raw Material|91945725|003
Raw Material|91945731|004
Raw Material|91989265|002
Raw Material|91945729|005
Raw Material|91943300|004
Raw Material|91989263|002
Raw Material|90503354|001
Raw Material|95486870|006
Raw Material|90940322|001
Raw Material|91995540|001
Raw Material|91875271|001
Raw Material|90606725|001
Raw Material|90606726|001
Raw Material|90942088|001
Raw Material|90942195|001
Raw Material|91990548|001
Raw Material|91990549|001
Raw Material|90942364|001
Raw Material|91990547|001
Raw Material|91869306|001
Raw Material|91875272|001
Raw Material|91990550|001
Raw Material|91657572|003
Raw Material|60520200|004
Raw Material|60520202|004
Raw Material|60540073|004
Raw Material|60520201|004
Raw Material|98817818|004
Raw Material|60520199|004
Qualification|PQR-00067829|002
Raw Material|91851319|003
Raw Material|91924412|001
Raw Material|90940511|002
Raw Material|91868370|002
Raw Material|91704956|002
Packaging Material Part|MEP-00011590|1
pgMasterPackingMaterial|96871766|001
pgPackingMaterial|97604591|001
pgIllustration|98725616|002
pgMasterPackingMaterial|96871764|001
pgArtwork|98631713|001
pgIllustration|95266088|002
pgArtwork|96976048|001
pgIllustration|99258996|003
pgPackingMaterial|96976043|002
pgIllustration|95856633|002
pgArtwork|92278069|001
pgPackingMaterial|92278068|003
pgArtwork|96943955|001
pgMasterPackingMaterial|96871763|001
pgIllustration|95734749|004
pgArtwork|96378247|001
pgIllustration|98643601|002
pgMasterPackingMaterial|96871765|001
pgArtwork|96474581|001
pgIllustration|98540807|002
pgPackingMaterial|97602641|001
pgIllustration|95855999|002
pgArtwork|92278185|001
pgArtwork|96975700|001
pgPackingMaterial|96975697|003
pgArtwork|95865110|001
pgPackingMaterial|95864093|004
pgArtwork|97597408|001
pgPackingMaterial|97597409|001
pgIllustration|95919766|003
pgArtwork|92288836|001
pgIllustration|99382386|002
pgMasterPackingMaterial|96871761|001
pgArtwork|96353793|001
pgIllustration|92197974|004
pgPackingMaterial|96145133|003
pgMasterPackingMaterial|95919101|003
pgPackingMaterial|97335009|001
pgArtwork|96362550|001
pgPackingMaterial|96344041|002
pgArtwork|97019219|001
pgIllustration|96612254|002
pgPackingMaterial|97016889|001
pgArtwork|92384402|001
pgPackingMaterial|92378086|002
pgIllustration|95397441|002
pgArtwork|97016880|001
pgPackingMaterial|97016882|001
pgArtwork|97465949|001
pgArtwork|97597400|001
pgPackingMaterial|97597403|001
pgArtwork|97214506|001
pgIllustration|97318796|001
pgArtwork|96943945|001
pgIllustration|92351422|002
pgArtwork|96884224|001
pgPackingMaterial|97602649|001
pgArtwork|96836815|001
pgIllustration|95856002|002
pgArtwork|97019533|001
pgPackingMaterial|97019534|001
pgArtwork|97599308|001
pgIllustration|97315867|001
pgArtwork|97598457|001
pgPackingMaterial|97598454|001
pgIllustration|95855954|003
pgMasterPackingMaterial|95843683|005
pgArtwork|96236091|001
pgPackingMaterial|96350082|003
pgArtwork|97466978|001
pgIllustration|95920005|001
pgIllustration|95855956|002
pgArtwork|98758982|001
pgArtwork|96191566|001
pgPackingMaterial|96191699|004
pgArtwork|96974645|001
pgPackingMaterial|96974644|003
pgIllustration|98540810|002
pgPackingMaterial|96822587|002
pgArtwork|96822588|001
pgArtwork|99870993|001
pgIllustration|95856174|002
pgIllustration|95855834|003
pgArtwork|97187775|001
pgPackingMaterial|97187777|002
pgArtwork|92371678|001
pgArtwork|96188028|002
pgArtwork|97408676|001
pgPackingMaterial|97408675|001
pgIllustration|96612136|002
pgMasterPackingMaterial|95901506|004
pgArtwork|97546249|001
pgPackingMaterial|97546264|002
pgArtwork|97597386|001
pgPackingMaterial|97597384|001
pgArtwork|97408401|001
pgArtwork|96890238|001
pgIllustration|92194841|002
pgPackingMaterial|96890239|002
pgArtwork|96315733|001
pgIllustration|95856630|002
pgArtwork|99869836|001
pgPackingMaterial|97602552|001
pgArtwork|96818829|001
pgPackingMaterial|96818831|002
pgPackingMaterial|96957670|002
pgArtwork|96957669|001
pgPackingMaterial|97334944|001
pgArtwork|97460749|001
pgArtwork|96957789|001
pgIllustration|98729814|002
pgPackingMaterial|96957237|001
pgArtwork|92377831|001
pgArtwork|90609085|001
pgPackingMaterial|90511968|002
pgArtwork|96199113|001
pgIllustration|92384306|003
pgPackingMaterial|96199106|003
pgArtwork|95800175|001
pgIllustration|95804547|003
pgArtwork|96198896|001
pgArtwork|96974657|001
pgArtwork|92259267|002
pgArtwork|99781290|001
pgIllustration|98826596|003
pgPackingMaterial|99781304|003
pgIllustration|99915904|002
pgArtwork|96264652|001
pgPackingMaterial|96264650|005
pgArtwork|97200802|001
pgArtwork|96836765|001
pgPackingMaterial|96882525|002
pgArtwork|96141314|001
pgPackingMaterial|96141313|003
pgArtwork|99627859|001
pgIllustration|98949284|004
pgArtwork|98835006|001
pgArtwork|92384497|002
pgPackingMaterial|92377626|003
pgPackingMaterial|97325112|001
pgIllustration|95947950|003
pgIllustration|96938051|001
pgArtwork|96934612|001
pgPackingMaterial|96934519|003
pgArtwork|96934616|001
pgPackingMaterial|96934615|002
pgPackingMaterial|96906814|001
pgIllustration|98551529|002
pgArtwork|92320058|001
pgIllustration|98576570|002
pgArtwork|97081633|001
pgPackingMaterial|97081632|001
pgIllustration|97218339|001
pgArtwork|97316746|001
pgPackingMaterial|97315852|001
pgArtwork|95887841|002
pgMasterPackingMaterial|96871769|001
pgArtwork|98726811|001
pgIllustration|95869619|003
pgArtwork|96943829|001
pgArtwork|99339028|001
pgIllustration|95856344|002
pgArtwork|92371139|001
pgPackingMaterial|92371138|003
pgArtwork|96957557|001
pgPackingMaterial|96957558|002
pgArtwork|96818844|001
pgPackingMaterial|96818847|003
pgArtwork|97567715|001
pgPackingMaterial|97567714|002
pgArtwork|96748217|001
pgArtwork|92344351|001
pgArtwork|98839520|001
pgArtwork|97019402|001
pgPackingMaterial|97019399|001
pgMasterPackingMaterial|95972876|002
pgArtwork|99781293|001
pgPackingMaterial|99781387|002
pgArtwork|94526456|001
pgArtwork|96836796|001
pgArtwork|97062259|002
pgPackingMaterial|97062260|002
pgIllustration|99391279|002
pgArtwork|90515513|001
pgPackingMaterial|90514631|002
pgIllustration|95856005|002
pgMasterPackingMaterial|96871770|001
pgIllustration|95734789|002
pgMasterPackingMaterial|95859992|004
pgIllustration|95819056|001
pgArtwork|96975370|001
pgArtwork|96818859|001
pgPackingMaterial|96818861|002
pgPackingMaterial|97604269|001
pgArtwork|90625146|001
pgArtwork|96257646|001
pgPackingMaterial|99594116|001
pgArtwork|97580318|001
pgPackingMaterial|97570125|002
pgArtwork|97460896|001
pgArtwork|96297661|001
pgPackingMaterial|96297659|005
pgIllustration|97218340|002
pgPackingMaterial|97316990|001
pgArtwork|92277990|001
pgIllustration|95899088|002
pgArtwork|92145435|001
pgPackingMaterial|92145434|002
pgArtwork|96836779|001
pgPackingMaterial|96836778|002
pgArtwork|97460566|001
pgArtwork|96292502|001
pgArtwork|96944075|001
pgArtwork|96248013|001
pgPackingMaterial|96182338|003
pgArtwork|92384499|001
pgArtwork|96838818|001
pgArtwork|96975506|001
pgPackingMaterial|96975505|002
pgArtwork|96855047|001
pgPackingMaterial|92375276|003
pgIllustration|95855997|002
pgArtwork|96333962|001
pgPackingMaterial|96333959|003
pgArtwork|97316684|001
pgPackingMaterial|97315849|001
pgArtwork|90515640|001
pgPackingMaterial|90515633|002
pgArtwork|92371134|001
pgPackingMaterial|92371133|003
pgArtwork|97268515|001
pgArtwork|96842896|001
pgPackingMaterial|96842892|002
pgArtwork|96247076|001
pgArtwork|92287541|001
pgArtwork|97016895|001
pgIllustration|96400455|002
pgArtwork|96183235|001
pgPackingMaterial|96242981|004
pgArtwork|97187788|001
pgPackingMaterial|97187789|002
pgArtwork|96343324|001
pgArtwork|98543415|001
pgPackingMaterial|97546575|002
pgArtwork|96975578|001
pgArtwork|96236286|001
pgArtwork|96276585|001
pgIllustration|98576604|002
pgArtwork|96283403|001
pgArtwork|97016876|001
pgPackingMaterial|97016877|001
pgArtwork|96247838|001
pgPackingMaterial|96255453|004
pgArtwork|96188448|003
pgMasterPackingMaterial|96871768|001
pgArtwork|96944154|001
pgPackingMaterial|96944155|003
pgArtwork|94535777|001
pgIllustration|99918720|002
pgPackingMaterial|96440269|003
pgPackingMaterial|97599940|001
pgPackingMaterial|97325122|001
pgArtwork|97162285|001
pgPackingMaterial|97162314|001
pgArtwork|96508530|001
pgArtwork|95865115|002
pgArtwork|99252611|001
pgPackingMaterial|90773155|001
pgArtwork|97268688|001
pgArtwork|96818750|001
pgPackingMaterial|96818752|002
pgArtwork|97035135|001
pgPackingMaterial|98723318|002
pgArtwork|98640682|001
pgIllustration|95873404|003
pgArtwork|97408532|001
pgArtwork|98768058|001
pgIllustration|98789184|001
pgPackingMaterial|96906628|001
pgPackingMaterial|97602540|001
pgArtwork|97162274|001
pgPackingMaterial|97162272|001
pgIllustration|95855996|002
pgArtwork|99872157|001
pgArtwork|96183309|001
pgPackingMaterial|98885192|003
pgPackingMaterial|90577913|001
pgArtwork|97466875|001
pgArtwork|98758789|001
pgPackingMaterial|97598396|001
pgArtwork|96931296|001
pgPackingMaterial|96944382|002
pgArtwork|97598371|001
pgPackingMaterial|97598373|001
pgArtwork|98834104|001
pgArtwork|96189868|001
pgPackingMaterial|90503019|001
pgArtwork|97028220|001
pgIllustration|99391281|001
pgArtwork|96188127|002
pgArtwork|95767789|001
pgIllustration|98849759|002
pgArtwork|96818673|001
pgPackingMaterial|96818674|002
pgArtwork|95768283|001
pgPackingMaterial|95750682|004
pgArtwork|97546254|001
pgPackingMaterial|97546483|002
pgArtwork|92278063|001
pgPackingMaterial|92278062|002
pgArtwork|98767169|001
pgArtwork|98726812|001
pgPackingMaterial|98628898|003
pgPackingMaterial|90502963|001
pgIllustration|98575618|002
pgPackingMaterial|97602637|001
pgArtwork|96882487|001
pgPackingMaterial|97154246|001
pgPackingMaterial|97602416|001
pgIllustration|95919945|001
pgArtwork|96818823|001
pgArtwork|96193559|001
pgArtwork|97024995|001
pgArtwork|90515639|001
pgPackingMaterial|90515621|002
pgArtwork|97063210|002
pgPackingMaterial|97063211|002
pgIllustration|98789383|001
pgArtwork|92273776|001
pgArtwork|97062576|002
pgPackingMaterial|97062578|002
pgArtwork|90515638|001
pgPackingMaterial|90515614|002
pgPackingMaterial|92178265|001
pgArtwork|96974649|001
pgIllustration|90795409|001
pgPackingMaterial|90502983|001
pgArtwork|99871081|001
pgArtwork|96976383|001
pgPackingMaterial|96976384|002
pgIllustration|92368408|002
pgArtwork|92380268|001
pgPackingMaterial|92380266|003
pgPackingMaterial|96845648|001
pgIllustration|90790381|001
pgPackingMaterial|97037701|001
pgArtwork|94514798|001
pgArtwork|97408410|001
pgArtwork|92327311|001
pgPackingMaterial|92327310|002
pgArtwork|90515452|001
pgPackingMaterial|90514626|002
pgArtwork|96343295|001
pgIllustration|99918800|002
pgPackingMaterial|96440266|003
pgPackingMaterial|97599951|001
pgPackingMaterial|97011649|001
pgArtwork|97013439|001
pgArtwork|96329597|001
pgArtwork|96612450|001
pgArtwork|99667432|001
pgArtwork|96479924|001
pgPackingMaterial|92250253|001
pgArtwork|97063225|002
pgPackingMaterial|97066906|002
pgArtwork|97318912|001
pgPackingMaterial|97318914|002
pgArtwork|96976318|001
pgIllustration|98729890|002
pgArtwork|96373350|001
pgPackingMaterial|96414678|003
pgArtwork|96288918|001
pgPackingMaterial|96321674|003
pgArtwork|92259275|001
pgArtwork|97057336|001
pgPackingMaterial|97057335|002
pgArtwork|96934719|001
pgArtwork|96599160|001
pgArtwork|90514675|001
pgArtwork|96882893|001
pgArtwork|92259158|001
pgArtwork|97018787|001
pgPackingMaterial|97018788|001
pgPackingMaterial|97418892|002
pgArtwork|90514657|001
pgPackingMaterial|90512641|002
pgArtwork|96836804|001
pgPackingMaterial|96836803|002
pgArtwork|97016652|001
pgPackingMaterial|97016654|002
pgArtwork|92003727|001
pgArtwork|96927881|001
pgArtwork|96890226|001
pgPackingMaterial|96890227|003
pgArtwork|96845279|001
pgMasterPackingMaterial|95954730|002
pgArtwork|97016865|001
pgPackingMaterial|97016869|001
pgArtwork|97057359|001
pgPackingMaterial|97057355|002
pgArtwork|96976325|001
pgArtwork|92003725|001
pgArtwork|99278887|001
pgPackingMaterial|98749775|002
pgMasterPackingMaterial|95708140|005
pgIllustration|95732892|003
pgPackingMaterial|96845489|001
pgArtwork|96191664|002
pgPackingMaterial|96191665|002
pgArtwork|98826597|001
pgPackingMaterial|98826595|002
pgArtwork|96882629|001
pgArtwork|97162358|001
pgPackingMaterial|97162364|001
pgArtwork|97212819|001
pgArtwork|96844836|001
pgArtwork|97068499|001
pgPackingMaterial|97068500|001
pgArtwork|96199107|001
pgPackingMaterial|96199105|003
pgPackingMaterial|98628879|003
pgArtwork|98726814|001
pgArtwork|96343271|001
pgPackingMaterial|96343269|003
pgArtwork|99278886|001
pgArtwork|96612401|001
pgArtwork|96242921|001
pgPackingMaterial|96242917|004
pgArtwork|92062550|001
pgPackingMaterial|97606770|001
pgArtwork|97057395|001
pgPackingMaterial|97057394|002
pgArtwork|98808784|001
pgIllustration|95856629|002
pgArtwork|96957621|001
pgPackingMaterial|96957622|002
pgArtwork|96957542|001
pgPackingMaterial|96957546|002
pgArtwork|97597393|001
pgPackingMaterial|97597391|001
pgIllustration|99769005|002
pgArtwork|97339684|001
pgArtwork|96400638|001
pgPackingMaterial|96400631|003
pgArtwork|96884127|001
pgArtwork|97200800|001
pgArtwork|96974707|001
pgPackingMaterial|96974708|002
pgArtwork|96838942|001
pgArtwork|90625147|001
pgPackingMaterial|97604280|001
pgArtwork|92327729|001
pgPackingMaterial|92327730|002
pgPackingMaterial|90577581|001
pgArtwork|97072722|001
pgIllustration|96190478|001
pgIllustration|99780610|003
pgPackingMaterial|97604620|001
pgArtwork|95756799|001
pgPackingMaterial|95758939|004
pgArtwork|98748808|001
pgArtwork|97571765|001
pgPackingMaterial|97571761|002
pgPackingMaterial|96906678|001
pgArtwork|96944161|001
pgPackingMaterial|96944163|003
pgIllustration|98577003|005
pgPackingMaterial|95758001|005
pgArtwork|96235790|002
pgArtwork|92062555|001
pgPackingMaterial|92062558|002
pgPackingMaterial|97598410|001
pgArtwork|97570118|001
pgPackingMaterial|97570117|002
pgArtwork|90515454|001
pgPackingMaterial|97339612|003
pgArtwork|90515637|001
pgPackingMaterial|90515625|002
pgPackingMaterial|97604537|001
pgArtwork|97319856|001
pgPackingMaterial|97337754|001
pgArtwork|97019465|001
pgArtwork|99667617|001
pgArtwork|90658350|001
pgArtwork|92268739|001
pgArtwork|97571776|001
pgPackingMaterial|97571775|001
pgArtwork|92316663|001
pgPackingMaterial|92316662|002
pgArtwork|97546252|001
pgPackingMaterial|97546377|002
pgArtwork|92254411|001
pgArtwork|96188134|001
pgPackingMaterial|92225680|004
pgArtwork|96884117|001
pgPackingMaterial|96884115|002
pgIllustration|99420751|005
pgPackingMaterial|97599926|001
pgIllustration|99391280|001
pgArtwork|97434210|001
pgArtwork|96818719|001
pgPackingMaterial|90501829|001
pgArtwork|97546471|001
pgPackingMaterial|97546585|002
pgArtwork|98634835|001
pgArtwork|92327593|001
pgPackingMaterial|92327720|002
pgArtwork|96303714|001
pgPackingMaterial|96303711|003
pgArtwork|96301442|001
pgArtwork|99870992|001
pgArtwork|96363934|001
pgArtwork|99628635|002
pgPackingMaterial|96324660|003
pgPackingMaterial|97604391|001
pgArtwork|90625149|001
pgPackingMaterial|97604701|001
pgArtwork|96288902|001
pgArtwork|98748786|001
pgPackingMaterial|97337478|001
pgArtwork|90541151|001
pgPackingMaterial|97553382|002
pgArtwork|97546472|001
pgPackingMaterial|97546617|002
pgArtwork|96884229|001
pgArtwork|90542310|001
pgPackingMaterial|90542309|001
pgArtwork|97081641|001
pgPackingMaterial|97081640|001
pgArtwork|98977997|001
pgPackingMaterial|98957019|002
pgArtwork|92344416|001
pgArtwork|92319926|001
pgArtwork|90609087|001
pgPackingMaterial|90512136|002
pgArtwork|97081718|001
pgPackingMaterial|97081645|001
pgIllustration|95883896|003
pgArtwork|92003729|001
pgPackingMaterial|92003750|002
pgIllustration|98826195|003
pgArtwork|99940378|001
pgArtwork|95765004|001
pgPackingMaterial|97599915|001
pgArtwork|97152989|001
pgPackingMaterial|97158792|001
pgArtwork|97116798|001
pgPackingMaterial|97116797|001
pgPackingMaterial|90577658|001
pgArtwork|97063223|002
pgPackingMaterial|97066901|002
pgArtwork|96303718|001
pgArtwork|99679996|001
pgArtwork|97570133|001
pgPackingMaterial|97570135|002
pgArtwork|97546250|001
pgPackingMaterial|97546312|002
pgArtwork|97598154|001
pgPackingMaterial|97598155|001
pgArtwork|97028205|001
pgPackingMaterial|97598442|001
pgArtwork|92045107|001
pgPackingMaterial|96185702|005
pgArtwork|97268823|001
pgArtwork|97187645|001
pgPackingMaterial|97187644|002
pgArtwork|96470869|001
pgArtwork|97571768|001
pgPackingMaterial|97571769|001
pgArtwork|97077421|001
pgPackingMaterial|97077418|002
pgArtwork|97013441|001
pgPackingMaterial|97011650|001
pgArtwork|97599307|001
pgIllustration|98546515|001
pgArtwork|96254114|001
pgPackingMaterial|96254115|003
pgArtwork|96187844|001
pgPackingMaterial|96183079|003
pgArtwork|96975493|001
pgArtwork|90542439|001
pgPackingMaterial|90542436|001
pgArtwork|96321768|001
pgPackingMaterial|96303221|003
pgPackingMaterial|97418714|002
pgArtwork|97190251|001
pgArtwork|97062763|002
pgPackingMaterial|97062764|002
pgArtwork|95767591|001
pgArtwork|96288861|001
pgArtwork|96832199|001
pgPackingMaterial|96845285|002
pgArtwork|96235931|001
pgArtwork|96288911|001
pgArtwork|96957581|001
pgPackingMaterial|96957583|002
pgArtwork|96342893|001
pgArtwork|92320064|001
pgArtwork|96314678|001
pgPackingMaterial|90575901|001
pgArtwork|96659726|001
pgPackingMaterial|97337892|001
pgArtwork|95807347|001
pgArtwork|96188136|001
pgPackingMaterial|92316050|003
pgArtwork|96974706|001
pgPackingMaterial|96974662|002
pgArtwork|97460764|001
pgArtwork|95800103|001
pgPackingMaterial|95811232|003
pgArtwork|97471763|001
pgPackingMaterial|90542319|001
pgArtwork|90542320|001
pgArtwork|96188345|002
pgArtwork|97081637|001
pgPackingMaterial|97081639|001
pgArtwork|97522545|001
pgPackingMaterial|97521679|001
pgArtwork|96188395|002
pgIllustration|92383309|003
pgArtwork|98640677|001
pgArtwork|90514667|001
pgPackingMaterial|90512645|002
pgIllustration|95855833|002
pgArtwork|96343290|001
pgPackingMaterial|96343284|004
pgIllustration|99769004|002
pgArtwork|95957689|001
pgArtwork|96552244|001
pgArtwork|98839490|001
pgPackingMaterial|98839491|002
pgPackingMaterial|90747819|001
pgIllustration|90714592|001
pgIllustration|90832171|001
pgPackingMaterial|90810192|001
pgMasterPackingMaterial|96796284|001
pgArtwork|90848984|001
pgMasterPackingMaterial|96752723|002
pgPackingMaterial|90836272|001
pgPackingMaterial|90836206|001
pgArtwork|90848983|001
pgIllustration|90839506|002
pgIllustration|98576576|004
pgArtwork|90859403|001
pgIllustration|95954967|004
pgPackingMaterial|90810168|001
pgIllustration|90839040|001
pgIllustration|90663207|002
pgIllustration|90663205|002
pgIllustration|95734752|002
pgPackingMaterial|90836117|001
pgIllustration|90751240|001
pgPackingMaterial|90836022|001
pgIllustration|90751238|001
pgIllustration|90856020|002
pgMasterPackingMaterial|96871762|002
pgPackingMaterial|90835184|001
pgMasterPackingMaterial|96796285|001
pgIllustration|95734803|002
pgPackingMaterial|90836686|001
pgIllustration|95725105|002
pgPackingMaterial|90810029|001
pgIllustration|90644227|001
pgPackingMaterial|90835149|001
pgPackingMaterial|90836684|001
pgIllustration|90644099|001
pgMasterPackingMaterial|96752724|002
pgPackingMaterial|90836663|001
pgArtwork|90890042|001
pgIllustration|90859310|001
pgIllustration|90850066|001
pgIllustration|90859307|001
pgIllustration|90884800|001
pgIllustration|90884805|001
pgArtwork|90920657|001
pgArtwork|90920654|001
pgArtwork|90920650|001
pgArtwork|90920656|001
pgArtwork|90920655|001
pgArtwork|90920653|001
pgArtwork|90920652|001
pgArtwork|90920666|001
pgArtwork|90920651|001
pgArtwork|90920667|001
pgArtwork|90833239|001
pgArtwork|90835075|001
pgArtwork|90833258|001
pgArtwork|90835119|001
pgArtwork|90833379|001
pgArtwork|90833230|001
pgArtwork|90833371|001
pgArtwork|90833274|001
pgArtwork|90833199|001
pgPackingMaterial|90833366|002
pgPackingMaterial|90833269|002
pgPackingMaterial|90835090|002
pgPackingMaterial|90833256|002
pgPackingMaterial|90833377|002
pgPackingMaterial|90833195|002
pgPackingMaterial|90835117|002
pgIllustration|90690387|002
pgArtwork|90941487|001
pgArtwork|90941694|001
pgArtwork|90941693|001
pgArtwork|90941732|001
pgArtwork|90941696|001
pgArtwork|90941733|001
pgArtwork|90941697|001
pgArtwork|90941698|001
pgArtwork|90946128|001
pgArtwork|90946154|001
pgArtwork|90946108|001
pgArtwork|90946125|001
pgArtwork|90946155|001
pgArtwork|90946119|001
pgArtwork|90946127|001
pgArtwork|90946120|001
pgArtwork|90946153|001
pgIllustration|90878919|001
pgPackingMaterial|90866023|001
pgArtwork|90969221|001
pgArtwork|90969222|001
pgArtwork|90969223|001
pgIllustration|90941375|001
pgMasterPackingMaterial|95953678|002
pgArtwork|90990564|001
pgMasterPackingMaterial|96752720|002
pgPackingMaterial|91061589|001
pgPackingMaterial|90969219|001
pgArtwork|91070723|001
pgArtwork|91071875|001
pgArtwork|91058754|001
pgArtwork|91072283|001
pgArtwork|91072206|001
pgArtwork|91072183|001
pgArtwork|91072205|001
pgArtwork|91072207|001
pgArtwork|91072186|001
pgArtwork|91072388|001
pgPackingMaterial|90969398|001
pgPackingMaterial|97604505|001
pgPackingMaterial|91048301|001
pgPackingMaterial|91048305|001
pgPackingMaterial|91048289|001
pgIllustration|90813594|002
pgPackingMaterial|97604525|001
pgArtwork|91093462|001
pgArtwork|91093520|001
pgIllustration|90957250|001
pgIllustration|90957249|001
pgArtwork|91095524|001
pgArtwork|91095522|001
pgArtwork|91004391|001
pgArtwork|91095474|001
pgArtwork|91095479|001
pgPackingMaterial|91093730|001
pgArtwork|91095529|001
pgArtwork|91095616|001
pgArtwork|91095525|001
pgArtwork|91095528|001
pgArtwork|91095535|001
pgArtwork|91095627|001
pgIllustration|91094870|002
pgIllustration|91132667|001
pgArtwork|91154921|001
pgArtwork|91154916|001
pgArtwork|91154920|001
pgArtwork|91154917|001
pgArtwork|91154914|001
pgArtwork|91154922|001
pgArtwork|91154915|001
pgArtwork|91154912|001
pgArtwork|91154913|001
pgArtwork|91154918|001
pgArtwork|91162005|001
pgArtwork|91162006|001
pgArtwork|91162003|001
pgArtwork|91162004|001
pgIllustration|92303189|002
pgIllustration|90976596|002
pgArtwork|91166741|001
pgArtwork|91166727|001
pgArtwork|91166732|001
pgArtwork|91166743|001
pgArtwork|91166744|001
pgArtwork|91167750|001
pgPackingMaterial|91135306|001
pgArtwork|91163373|001
pgArtwork|91163375|001
pgPackingMaterial|91193756|001
pgPackingMaterial|91193755|001
pgPackingMaterial|91193740|001
pgPackingMaterial|91193752|001
pgIllustration|95754067|004
pgPackingMaterial|91023943|001
pgArtwork|91199784|001
pgArtwork|91200426|001
pgPackingMaterial|91230011|001
pgIllustration|91208520|001
pgIllustration|91103924|001
pgPackingMaterial|91137981|001
pgPackingMaterial|91196198|001
pgArtwork|91249345|001
pgPackingMaterial|91265422|001
pgPackingMaterial|91250347|001
pgPackingMaterial|91265327|001
pgPackingMaterial|91250355|001
pgPackingMaterial|91250343|001
pgArtwork|91312862|001
pgArtwork|91312858|001
pgArtwork|91312807|001
pgArtwork|91312859|001
pgArtwork|91314029|001
pgPackingMaterial|91296228|001
pgArtwork|91341043|001
pgArtwork|91341038|001
pgArtwork|95750580|001
pgPackingMaterial|91342072|001
pgPackingMaterial|91318617|001
pgIllustration|99270090|004
pgIllustration|98949553|004
pgArtwork|90708016|001
pgIllustration|99270091|004
pgMasterPackingMaterial|96752554|002
pgPackingMaterial|91327881|001
pgPackingMaterial|91349493|001
pgArtwork|91364399|001
pgArtwork|91371987|001
pgArtwork|91372103|001
pgArtwork|91372102|001
pgArtwork|91375887|001
pgArtwork|91377355|001
pgIllustration|91273328|001
pgIllustration|91354484|001
pgPackingMaterial|91381080|001
pgPackingMaterial|91149121|001
pgIllustration|91354479|001
pgPackingMaterial|91149113|001
pgPackingMaterial|91152027|001
pgArtwork|91395062|001
pgArtwork|91400446|001
pgArtwork|91404330|001
pgArtwork|91404373|001
pgArtwork|91404339|001
pgArtwork|91404328|001
pgArtwork|91404329|001
pgArtwork|91404374|001
pgArtwork|91404340|001
pgArtwork|91405800|001
pgPackingMaterial|91386132|001
pgPackingMaterial|91361824|001
pgPackingMaterial|91361022|001
pgPackingMaterial|91361007|001
pgArtwork|91411297|001
pgArtwork|91412178|001
pgArtwork|91412064|001
pgPackingMaterial|91395110|001
pgPackingMaterial|91387949|001
pgPackingMaterial|92081401|001
pgArtwork|91411192|001
pgPackingMaterial|91381346|001
pgPackingMaterial|91210174|001
pgPackingMaterial|91283938|001
pgPackingMaterial|91381401|001
pgIllustration|95839005|004
pgIllustration|98648335|004
pgIllustration|91420607|001
pgPackingMaterial|91295574|001
pgPackingMaterial|91295773|001
pgPackingMaterial|91422692|001
pgArtwork|91444306|001
pgArtwork|91444304|001
pgArtwork|91444307|001
pgArtwork|91444305|001
pgPackingMaterial|91381283|001
pgPackingMaterial|91442461|001
pgPackingMaterial|91429308|001
pgPackingMaterial|91448039|001
pgIllustration|91444596|001
pgPackingMaterial|91454052|001
pgArtwork|91467114|001
pgArtwork|91470016|001
pgIllustration|91403771|001
pgPackingMaterial|91446483|001
pgArtwork|91473795|001
pgArtwork|91473796|001
pgArtwork|91484801|001
pgArtwork|91484802|001
pgPackingMaterial|91489891|001
pgArtwork|91496090|001
pgArtwork|91496044|001
pgPackingMaterial|91402527|001
pgPackingMaterial|91402532|001
pgPackingMaterial|91402531|001
pgPackingMaterial|91506234|001
pgPackingMaterial|91492384|001
pgArtwork|91525146|001
pgArtwork|91525148|001
pgArtwork|91525145|001
pgArtwork|91525147|001
pgPackingMaterial|91518638|001
pgPackingMaterial|91425250|001
pgArtwork|91528768|001
pgArtwork|91528776|001
pgArtwork|91528779|001
pgArtwork|91528780|001
pgArtwork|91528769|001
pgArtwork|91528767|001
pgArtwork|91528778|001
pgArtwork|91528770|001
pgArtwork|91528771|001
pgArtwork|91528974|001
pgArtwork|91528782|001
pgArtwork|91528977|001
pgArtwork|91528781|001
pgArtwork|91528978|001
pgArtwork|91528976|001
pgArtwork|91528773|001
pgArtwork|91528821|001
pgArtwork|91564589|001
pgPackingMaterial|91210181|002
pgPackingMaterial|91473837|001
pgPackingMaterial|91475115|001
pgArtwork|91574888|001
pgArtwork|91574887|001
pgIllustration|98725600|003
pgPackingMaterial|91528615|001
pgPackingMaterial|91528584|001
pgIllustration|99776156|002
pgPackingMaterial|91576854|001
pgArtwork|91581992|001
pgArtwork|91583674|001
pgPackingMaterial|91446459|002
pgIllustration|99776155|002
pgPackingMaterial|91402530|002
pgIllustration|91485689|001
pgPackingMaterial|91594817|001
pgPackingMaterial|91599609|001
pgPackingMaterial|91599608|001
pgPackingMaterial|91599607|001
pgArtwork|91608201|001
pgArtwork|91608204|001
pgArtwork|91610908|001
pgArtwork|91610906|001
pgIllustration|91594220|002
pgArtwork|91615978|001
pgArtwork|91416790|001
pgArtwork|91419748|001
pgArtwork|91419755|001
pgArtwork|91453870|001
pgArtwork|91453823|001
pgArtwork|91455652|001
pgArtwork|91405419|001
pgArtwork|91455974|001
pgArtwork|91629033|001
pgArtwork|91629031|001
pgArtwork|91629032|001
pgArtwork|91629030|001
pgArtwork|91631361|001
pgPackingMaterial|91606999|001
pgIllustration|91636769|001
pgPackingMaterial|91636215|001
pgPackingMaterial|91659864|001
pgArtwork|91666243|001
pgArtwork|91666241|001
pgArtwork|91666242|001
pgArtwork|91666248|001
pgArtwork|91683288|001
pgArtwork|91683289|001
pgArtwork|91683224|001
pgArtwork|91683223|001
pgArtwork|91683286|001
pgArtwork|91685971|001
pgArtwork|91685859|001
pgArtwork|91685866|001
pgArtwork|91685970|001
pgArtwork|91685858|001
pgArtwork|91685865|001
pgArtwork|91688306|001
pgArtwork|91688264|001
pgArtwork|91703676|001
pgArtwork|91703684|001
pgArtwork|91703679|001
pgArtwork|91703685|001
pgArtwork|91703677|001
pgArtwork|91703680|001
pgArtwork|91703659|001
pgArtwork|91703678|001
pgArtwork|91703675|001
pgArtwork|91703683|001
pgArtwork|91703682|001
pgArtwork|91721875|001
pgIllustration|99667394|007
pgPackingMaterial|91778112|001
pgPackingMaterial|91798902|001
pgArtwork|91823315|001
pgArtwork|POA-00033055|001
pgArtwork|POA-00033054|001
pgArtwork|POA-00033154|001
pgArtwork|91833069|001
pgArtwork|POA-00034089|001
pgArtwork|POA-00034104|001
pgPackingMaterial|91425252|002
pgPackingMaterial|91425254|002
pgPackingMaterial|91840598|001
pgPackingMaterial|91842906|001
pgPackingMaterial|91843061|001
pgPackingMaterial|91843016|001
pgPackingMaterial|91835435|001
pgArtwork|91838699|001
pgArtwork|91845457|001
pgArtwork|91845452|001
pgArtwork|91845453|001
pgArtwork|91845456|001
pgArtwork|91845454|001
pgArtwork|91845455|001
pgArtwork|91845554|001
pgPackingMaterial|91193761|002
pgPackingMaterial|91843784|001
pgPackingMaterial|91844826|001
pgPackingMaterial|91844867|001
pgPackingMaterial|91844852|001
pgPackingMaterial|91843342|001
pgPackingMaterial|91839704|001
pgPackingMaterial|91843349|001
pgArtwork|91848751|001
pgArtwork|91848752|001
pgPackingMaterial|91844792|001
pgPackingMaterial|91844766|001
pgPackingMaterial|91844815|001
pgPackingMaterial|91839267|001
pgPackingMaterial|91845577|001
pgPackingMaterial|91861875|001
pgPackingMaterial|91861876|001
pgIllustration|91859953|002
pgPackingMaterial|91862469|001
pgPackingMaterial|91594820|002
pgPackingMaterial|91838921|001
pgIllustration|91871098|001
Packaging Material Part|91674515|001
Packaging Material Part|91853560|001
pgArtwork|91901330|001
pgArtwork|91901329|001
pgArtwork|91901331|001
pgPackingMaterial|91901223|001
pgArtwork|91904866|001
pgArtwork|91904863|001
pgArtwork|91904865|001
pgArtwork|91904864|001
pgArtwork|91905303|001
Packaging Material Part|91794752|001
Packaging Material Part|91690658|001
pgPackingMaterial|91900371|001
pgPackingMaterial|91901189|001
pgIllustration|95838077|002
pgIllustration|95842466|002
pgPackingMaterial|91901192|001
pgIllustration|91906925|001
pgPackingMaterial|97045685|001
pgIllustration|92318334|004
Packaging Material Part|91681053|001
Packaging Material Part|91679455|001
pgArtwork|91914136|001
pgArtwork|91914140|001
pgArtwork|91914138|001
pgArtwork|91914142|001
pgArtwork|91916117|001
pgArtwork|91916121|001
pgArtwork|91916120|001
pgArtwork|91916119|001
pgArtwork|91916116|001
pgArtwork|91916118|001
pgArtwork|91916520|001
pgArtwork|91914139|001
pgArtwork|91917345|001
pgArtwork|91922530|001
pgArtwork|91925153|001
Packaging Material Part|91794749|001
Packaging Material Part|91853040|002
pgArtwork|91928204|001
pgArtwork|91928206|001
pgArtwork|91928203|001
Packaging Material Part|91880472|001
Packaging Material Part|91888812|001
Packaging Material Part|91913436|001
pgArtwork|POA-00051428|001
pgArtwork|POA-00051432|001
pgArtwork|POA-00051429|001
pgArtwork|POA-00051477|001
Packaging Material Part|91698783|002
Packaging Material Part|91877961|002
Packaging Material Part|91794150|002
pgArtwork|POA-00053859|001
pgArtwork|91967787|001
Packaging Material Part|91844782|002
Packaging Material Part|91697763|002
pgArtwork|POA-00056648|001
pgArtwork|POA-00056645|001
pgArtwork|POA-00057707|001
pgArtwork|POA-00058218|001
pgArtwork|POA-00058216|001
pgArtwork|POA-00058217|001
pgArtwork|POA-00058212|001
pgArtwork|POA-00058215|001
pgArtwork|POA-00058213|001
pgArtwork|POA-00058538|001
pgArtwork|POA-00058939|001
pgArtwork|POA-00058935|001
Packaging Material Part|91971371|001
Packaging Material Part|91942677|001
pgArtwork|POA-00075332|001
Packaging Material Part|90791822|002
pgMasterPackagingMaterialPart|MPMP-00066379|001
pgMasterPackagingMaterialPart|MPMP-00066376|001
Packaging Material Part|90791838|002
Packaging Material Part|90794777|002
Packaging Material Part|90793545|002
Packaging Material Part|94535675|003
Packaging Material Part|99771370|004
pgMasterPackagingMaterialPart|MPMP-00066378|001
Packaging Material Part|91637995|002
pgMasterPackagingMaterialPart|MPMP-00066380|001
Packaging Material Part|91120865|002
Packaging Material Part|97471780|002
Packaging Material Part|91149095|002
Packaging Material Part|90791832|002
Packaging Material Part|90791860|002
pgMasterPackagingMaterialPart|MPMP-00066331|001
Packaging Material Part|91138184|003
Packaging Material Part|90794758|002
Packaging Material Part|91070762|002
pgMasterPackagingMaterialPart|MPMP-00066383|001
Packaging Material Part|90878845|002
Packaging Material Part|90700761|002
Packaging Material Part|90811317|003
Packaging Material Part|91453047|002
Packaging Material Part|90747799|002
pgMasterPackagingMaterialPart|MPMP-00066339|001
Packaging Material Part|91341612|002
Packaging Material Part|90878837|002
pgMasterPackagingMaterialPart|MPMP-00066355|001
Packaging Material Part|91341614|002
pgMasterPackagingMaterialPart|MPMP-00066375|001
Packaging Material Part|90791846|002
Packaging Material Part|90747850|002
pgMasterPackagingMaterialPart|MPMP-00066381|001
Packaging Material Part|91120983|002
Packaging Material Part|90810169|003
Packaging Material Part|90793528|002
Packaging Material Part|91070768|002
Packaging Material Part|90700829|002
Packaging Material Part|91265419|002
pgMasterPackagingMaterialPart|MPMP-00066377|001
Packaging Material Part|90700779|002
Packaging Material Part|90822168|001
pgMasterPackagingMaterialPart|MPMP-00068852|001
Packaging Material Part|90840424|001
pgMasterPackagingMaterialPart|MPMP-00068867|001
Packaging Material Part|91382997|001
Packaging Material Part|90822170|001
Packaging Material Part|90988703|001
Packaging Material Part|90822173|001
Packaging Material Part|91189477|001
pgMasterPackagingMaterialPart|MPMP-00055274|002
pgIllustration|ILST-00006906|001
pgMasterPackagingMaterialPart|MPMP-00051728|002
pgIllustration|ILST-00006939|001
pgMasterPackagingMaterialPart|MPMP-00054551|002
pgIllustration|ILST-00006884|001
pgMasterPackagingMaterialPart|MPMP-00050753|002
pgMasterPackagingMaterialPart|MPMP-00052058|002
pgIllustration|ILST-00006289|001
pgMasterPackagingMaterialPart|MPMP-00050750|002
pgMasterPackagingMaterialPart|MPMP-00066165|001
pgMasterPackagingMaterialPart|MPMP-00066130|001
pgMasterPackagingMaterialPart|MPMP-00066182|001
Packaging Material Part|99421068|005
Packaging Material Part|99381504|003
Packaging Material Part|99412330|003
Packaging Material Part|98773646|003
Packaging Material Part|99770131|004
Packaging Material Part|99564682|003
Packaging Material Part|99385853|003
Packaging Material Part|99412331|003
Packaging Material Part|99737652|003
Packaging Material Part|97337553|002
Packaging Material Part|97334967|002
Packaging Material Part|98884792|004
Packaging Material Part|98890201|004
Packaging Material Part|97333146|002
Packaging Material Part|98884794|004
Packaging Material Part|95953672|004
Packaging Material Part|95928397|003
Packaging Material Part|95771663|004
Packaging Material Part|95928400|004
Packaging Material Part|95755852|005
Packaging Material Part|95770205|007
pgMasterPackagingMaterialPart|MPMP-00042543|001
Packaging Material Part|91338271|001
Packaging Material Part|91395650|001
Packaging Material Part|91999095|001
Packaging Material Part|91999098|001
Packaging Material Part|91226290|001
Packaging Material Part|91396264|001
Packaging Material Part|91093909|001
Packaging Material Part|91334137|001
Packaging Material Part|90822199|001
pgMasterPackagingMaterialPart|MPMP-00069303|001
Packaging Material Part|91339396|001
pgIllustration|ILST-00015778|001
pgMasterPackagingMaterialPart|MPMP-00070154|001
Packaging Material Part|91994093|002
pgArtwork|POA-00086265|001
Packaging Material Part|91997227|001
Packaging Material Part|91997330|001
pgMasterPackagingMaterialPart|MPMP-00066332|001
Packaging Material Part|96908654|004
Packaging Material Part|91485240|002
Packaging Material Part|97408529|002
Packaging Material Part|96245196|004
Packaging Material Part|92377832|005
Packaging Material Part|92320057|003
Packaging Material Part|97072721|002
Packaging Material Part|96188085|004
Packaging Material Part|97200804|002
Packaging Material Part|90813356|002
Packaging Material Part|98640891|003
Packaging Material Part|91785879|002
Packaging Material Part|96198895|004
Packaging Material Part|97214473|002
Packaging Material Part|90967824|002
Packaging Material Part|91567760|002
Packaging Material Part|91093722|003
Packaging Material Part|96881058|003
Packaging Material Part|98834105|003
Packaging Material Part|96934617|004
Packaging Material Part|96659728|003
Packaging Material Part|96189688|004
Packaging Material Part|91492421|002
Packaging Material Part|96291010|004
Packaging Material Part|92226531|004
pgArtwork|POA-00093980|001
pgArtwork|POA-00093978|001
pgArtwork|POA-00093968|001
pgArtwork|POA-00093970|001
pgArtwork|POA-00093976|001
pgArtwork|POA-00093972|001
Packaging Material Part|99569365|005
Packaging Material Part|91494077|002
Packaging Material Part|91483625|002
Packaging Material Part|97408400|002
Packaging Material Part|96191955|005
Packaging Material Part|96303719|006
Packaging Material Part|90658277|002
Packaging Material Part|97150967|002
Packaging Material Part|91783399|002
Packaging Material Part|96190196|004
Packaging Material Part|98748806|003
Packaging Material Part|90719542|003
Packaging Material Part|96190077|003
Packaging Material Part|96974658|003
Packaging Material Part|91483940|002
Packaging Material Part|99257806|003
Packaging Material Part|96288910|003
Packaging Material Part|97460897|003
Packaging Material Part|96235920|004
Packaging Material Part|91485381|002
Packaging Material Part|96976316|004
Packaging Material Part|95863710|003
Packaging Material Part|98629051|004
Packaging Material Part|97408409|002
Packaging Material Part|97035133|004
Packaging Material Part|96363927|003
Packaging Material Part|91095624|002
Packaging Material Part|91519928|002
Packaging Material Part|96943957|004
Packaging Material Part|91405812|002
Packaging Material Part|96288859|003
Packaging Material Part|97200798|002
Packaging Material Part|97028203|003
Packaging Material Part|96975577|004
Packaging Material Part|96290277|004
Packaging Material Part|96343321|003
Packaging Material Part|91291914|002
Packaging Material Part|97150963|002
Packaging Material Part|92291998|005
Packaging Material Part|96975492|003
Packaging Material Part|96845278|003
Packaging Material Part|97339683|003
Packaging Material Part|98766914|003
Packaging Material Part|92319924|003
Packaging Material Part|91581889|002
Packaging Material Part|96612399|003
Packaging Material Part|97150961|002
Packaging Material Part|96599158|003
Packaging Material Part|95771487|004
Packaging Material Part|96612449|003
Packaging Material Part|96418494|005
Packaging Material Part|91077601|002
Packaging Material Part|99667487|004
Packaging Material Part|96844832|003
Packaging Material Part|98640780|004
pgArtwork|POA-00094256|001
pgArtwork|POA-00094257|001
pgArtwork|POA-00094267|001
pgIllustration|ILST-00017861|001
pgMasterPackagingMaterialPart|MPMP-00072581|001
Packaging Material Part|91733868|001
Packaging Material Part|90719524|003
Packaging Material Part|90965746|002
Packaging Material Part|96292499|005
Packaging Material Part|92344358|003
Packaging Material Part|91093728|002
Packaging Material Part|91783286|002
Packaging Material Part|91785904|002
Packaging Material Part|98811417|003
Packaging Material Part|91310880|002
Packaging Material Part|91487180|002
Packaging Material Part|90627834|002
Packaging Material Part|91099900|003
Packaging Material Part|91567778|002
Packaging Material Part|90969533|002
Packaging Material Part|91155411|002
Packaging Material Part|91107757|002
Packaging Material Part|91291909|002
Packaging Material Part|91530359|002
Packaging Material Part|97599934|002
Packaging Material Part|91785991|002
Packaging Material Part|90833210|003
Packaging Material Part|97460751|003
Packaging Material Part|97019464|002
Packaging Material Part|91528836|002
Packaging Material Part|98748785|003
Packaging Material Part|98768043|003
Packaging Material Part|97465950|003
Packaging Material Part|91296271|002
Packaging Material Part|90575840|002
Packaging Material Part|91581882|002
Packaging Material Part|92225549|005
Packaging Material Part|91528969|002
Packaging Material Part|91210178|003
Packaging Material Part|94514797|004
pgMasterPackagingMaterialPart|MPMP-00066202|001
pgMasterPackagingMaterialPart|MPMP-00066234|001
Packaging Material Part|91210176|003
Packaging Material Part|98840768|003
Packaging Material Part|96450254|003
Packaging Material Part|96283676|003
Packaging Material Part|91193762|003
Packaging Material Part|92287366|004
Packaging Material Part|96297054|005
Packaging Material Part|91004314|003
Packaging Material Part|91093725|002
Packaging Material Part|96944076|004
Packaging Material Part|91193760|002
Packaging Material Part|92371679|004
Packaging Material Part|97268516|003
Packaging Material Part|97037699|003
Packaging Material Part|90969410|002
Packaging Material Part|91230025|002
Packaging Material Part|99920516|003
Packaging Material Part|90833237|003
Packaging Material Part|96975368|003
Packaging Material Part|91135298|002
Packaging Material Part|96974653|003
Packaging Material Part|91483979|002
Packaging Material Part|97440714|003
Packaging Material Part|91567822|002
Packaging Material Part|97466980|003
Packaging Material Part|91095615|002
Packaging Material Part|91581887|002
Packaging Material Part|95770344|004
Packaging Material Part|96881064|004
Packaging Material Part|91077596|002
Packaging Material Part|96836795|003
Packaging Material Part|96943948|004
Packaging Material Part|98751401|004
Packaging Material Part|99871005|003
Packaging Material Part|99871242|003
Packaging Material Part|97466877|003
Packaging Material Part|97268702|003
Packaging Material Part|92288835|003
Packaging Material Part|99869839|003
Packaging Material Part|96836814|003
Packaging Material Part|96190143|004
Packaging Material Part|96479922|004
Packaging Material Part|91529131|002
Packaging Material Part|92225558|005
Packaging Material Part|97502741|004
Packaging Material Part|91483789|002
Packaging Material Part|91155683|002
Packaging Material Part|97268825|003
Packaging Material Part|91785969|002
Packaging Material Part|96881080|003
Packaging Material Part|97604613|002
Packaging Material Part|91567807|002
Packaging Material Part|91472521|002
Packaging Material Part|96975678|004
Packaging Material Part|90575915|002
Packaging Material Part|97471762|003
Packaging Material Part|96189237|004
Packaging Material Part|97339697|003
Packaging Material Part|90627796|002
Packaging Material Part|96470873|005
Packaging Material Part|99667431|003
Packaging Material Part|96838830|003
Packaging Material Part|99771369|004
Packaging Material Part|91567769|002
Packaging Material Part|91193765|003
Packaging Material Part|91486999|002
Packaging Material Part|98640783|003
Packaging Material Part|91481841|002
Packaging Material Part|91481885|002
Packaging Material Part|98874449|003
Packaging Material Part|92377530|006
Packaging Material Part|91193757|003
Packaging Material Part|97606598|002
Packaging Material Part|91155670|002
Packaging Material Part|96818805|003
Packaging Material Part|91349489|003
Packaging Material Part|96836764|003
Packaging Material Part|96360347|004
Packaging Material Part|91529077|002
Packaging Material Part|96818720|003
Packaging Material Part|97016894|002
Packaging Material Part|91448037|002
Packaging Material Part|98768070|003
Packaging Material Part|91093678|002
Packaging Material Part|91785886|002
Packaging Material Part|92316669|004
Packaging Material Part|96748210|004
Packaging Material Part|99339029|003
Packaging Material Part|96247060|004
Packaging Material Part|90836132|002
Packaging Material Part|91486918|002
Packaging Material Part|91093721|002
Packaging Material Part|96343301|004
Packaging Material Part|91152033|002
Packaging Material Part|96474583|004
Packaging Material Part|97606755|002
Packaging Material Part|99870996|005
Packaging Material Part|97028219|003
Packaging Material Part|97502727|004
Packaging Material Part|91493044|002
Packaging Material Part|91381382|002
Packaging Material Part|91481877|002
Packaging Material Part|98758989|003
Packaging Material Part|91085899|002
Packaging Material Part|91839731|002
Packaging Material Part|90969538|002
Packaging Material Part|97212815|002
Packaging Material Part|92226268|005
Packaging Material Part|97034766|003
Packaging Material Part|96552241|004
Packaging Material Part|90837963|002
Packaging Material Part|97447320|003
Packaging Material Part|91483946|002
Packaging Material Part|96839000|003
Packaging Material Part|97434211|002
Packaging Material Part|92062551|003
Packaging Material Part|91785911|002
Packaging Material Part|99940377|003
Packaging Material Part|97215300|002
Packaging Material Part|91210182|003
Packaging Material Part|91528958|002
Packaging Material Part|92269239|005
Packaging Material Part|91027361|003
Packaging Material Part|96976327|003
Packaging Material Part|91093736|002
Packaging Material Part|96975380|003
Packaging Material Part|91745275|001
Packaging Material Part|91608786|001
pgIllustration|ILST-00018310|001
pgMasterPackagingMaterialPart|MPMP-00072969|001
pgMasterPackagingMaterialPart|MPMP-00072970|001
pgIllustration|ILST-00018311|001
pgArtwork|POA-00095375|001
Packaging Material Part|91745659|001
Packaging Material Part|91559797|001
Packaging Material Part|91744338|001
pgMasterPackagingMaterialPart|MPMP-00073087|001
Packaging Material Part|91729588|001
Packaging Material Part|91559805|001
Packaging Material Part|91559810|001
Packaging Material Part|91559803|001
pgArtwork|POA-00096723|001
pgArtwork|POA-00097550|001
pgArtwork|POA-00097515|001
Packaging Material Part|91876019|001
Packaging Material Part|91732291|001
pgMasterPackagingMaterialPart|MPMP-00073645|001
pgIllustration|ILST-00018606|001
pgMasterPackagingMaterialPart|MPMP-00073651|001
pgIllustration|ILST-00018608|001
Packaging Material Part|91731299|001
pgArtwork|POA-00100506|001
pgArtwork|POA-00100514|001
Packaging Material Part|91543796|001
pgIllustration|ILST-00018762|001
Packaging Material Part|91876052|001
pgMasterPackagingMaterialPart|MPMP-00073789|001
pgMasterPackagingMaterialPart|MPMP-00073835|001
Packaging Material Part|91891780|001
pgMasterPackagingMaterialPart|MPMP-00074014|001
Packaging Material Part|91891828|001
Packaging Material Part|91891751|001
pgMasterPackagingMaterialPart|MPMP-00073833|001
pgMasterPackagingMaterialPart|MPMP-00074023|001
Packaging Material Part|90518039|001
pgArtwork|POA-00102910|001
pgArtwork|POA-00102903|001
pgArtwork|POA-00102908|001
pgArtwork|POA-00102907|001
pgArtwork|POA-00102898|001
pgArtwork|POA-00102918|001
pgArtwork|POA-00102905|001
pgArtwork|POA-00102899|001
Packaging Material Part|91794928|001
pgIllustration|ILST-00018394|001
pgMasterPackagingMaterialPart|MPMP-00075064|001
pgArtwork|POA-00106386|001
pgArtwork|POA-00106403|001
pgArtwork|POA-00106387|001
pgArtwork|POA-00106347|001
pgArtwork|POA-00106352|001
pgIllustration|ILST-00018586|002
pgMasterPackagingMaterialPart|MPMP-00073720|002
pgIllustration|ILST-00012913|002
pgArtwork|POA-00108592|001
pgArtwork|POA-00108590|001
pgArtwork|POA-00111363|001
pgArtwork|POA-00113545|001
pgArtwork|POA-00113547|001
pgArtwork|POA-00113549|001
pgArtwork|POA-00113560|001
pgArtwork|POA-00113556|001
pgArtwork|POA-00118953|001
pgArtwork|POA-00118962|001
pgArtwork|POA-00118961|001
pgArtwork|POA-00118960|001
pgArtwork|POA-00118956|001
pgArtwork|POA-00118958|001
pgArtwork|POA-00120136|001
pgIllustration|99661415|004
pgIllustration|ILST-00006903|001
pgMasterPackagingMaterialPart|MPMP-00050723|002
pgArtwork|POA-00129095|001
pgMasterPackagingMaterialPart|MPMP-00054367|002
Packaging Material Part|91333303|003
pgArtwork|POA-00111354|001
Packaging Material Part|90833336|001
pgIllustration|ILST-00028036|001
pgMasterPackagingMaterialPart|MPMP-00090686|001
Packaging Material Part|90865834|001
Packaging Material Part|90874701|001
pgIllustration|ILST-00006943|001
pgMasterPackagingMaterialPart|MPMP-00092470|001
Packaging Material Part|90931835|001
Packaging Material Part|91010510|001
Packaging Material Part|91010507|001
Packaging Material Part|91405808|003
pgMasterPackagingMaterialPart|MPMP-00072694|001
Packaging Material Part|91559796|002
pgArtwork|POA-00102904|001
Packaging Material Part|90967162|002
pgArtwork|POA-00102909|001
Packaging Material Part|91607865|002
pgArtwork|POA-00111362|001
pgMasterPackagingMaterialPart|MPMP-00045137|002
Packaging Material Part|91744723|002
Packaging Material Part|91593457|002
pgMasterPackagingMaterialPart|MPMP-00041995|001
Packaging Material Part|95234978|008
Packaging Material Part|90988702|002
pgArtwork|POA-00106355|001
Packaging Material Part|91093733|003
Packaging Material Part|91652949|002
pgIllustration|ILST-00018609|001
pgMasterPackagingMaterialPart|MPMP-00073721|001
pgMasterPackagingMaterialPart|MPMP-00078117|001
Packaging Material Part|91835465|002
Packaging Material Part|91835418|002
pgMasterPackagingMaterialPart|MPMP-00092140|002
Packaging Material Part|91128355|001
Packaging Material Part|90970113|001
Packaging Material Part|90708017|004
pgMasterPackagingMaterialPart|MPMP-00095314|001
Packaging Material Part|91129563|002
pgIllustration|ILST-00031527|001
POA|POA-00171362|001
POA|POA-00171363|001
Packaging Material Part|91156185|001
pgMasterPackagingMaterialPart|MPMP-00097223|001
POA|POA-00162640|001
POA|POA-00167059|001
POA|POA-00171986|001
pgMasterPackagingMaterialPart|MPMP-00097225|001
Packaging Material Part|91103103|003
POA|POA-00179930|001
pgMasterPackagingMaterialPart|MPMP-00091819|001
pgIllustration|ILST-00028580|001
Packaging Material Part|90890016|002
Packaging Material Part|91265150|001
Packaging Material Part|91296338|001
Packaging Material Part|91282634|001
Packaging Material Part|91265147|001
Packaging Material Part|91327648|001
Packaging Material Part|91265148|001
Packaging Material Part|91296339|001
Packaging Material Part|91327649|001
Packaging Material Part|91265149|001
Packaging Material Part|91327647|001
Packaging Material Part|91327650|001
Packaging Material Part|91265161|001
Packaging Material Part|91327680|001
Packaging Material Part|91282667|001
Packaging Material Part|91311650|001
Packaging Material Part|91311646|001
POA|POA-00189080|001
pgMasterPackagingMaterialPart|MPMP-00078211|002
pgIllustration|ILST-00032951|001
pgMasterPackagingMaterialPart|MPMP-00097564|001
POA|POA-00181247|001
Packaging Material Part|91125585|002
pgMasterPackagingMaterialPart|MPMP-00103339|001
Packaging Material Part|91298961|001
pgIllustration|ILST-00037415|001
POA|POA-00156146|001
pgMasterPackagingMaterialPart|MPMP-00105452|001
Packaging Material Part|95836216|005
pgMasterPackagingMaterialPart|MPMP-00105454|001
Packaging Material Part|95836217|005
POA|POA-00156156|001
pgIllustration|92270056|004
POA|POA-00206205|001
pgMasterPackagingMaterialPart|MPMP-00105678|001
Packaging Material Part|91488894|001
Packaging Material Part|91506704|001
pgMasterPackagingMaterialPart|MPMP-00106946|001
pgIllustration|ILST-00039931|001
pgMasterPackagingMaterialPart|MPMP-00106943|001
POA|POA-00186567|001
Packaging Material Part|91327679|003
POA|POA-00156147|001
POA|POA-00155831|001
Packaging Material Part|91511140|001
pgIllustration|98869636|004
pgIllustration|96844668|002
pgIllustration|96844677|002
pgMasterPackagingMaterialPart|MPMP-00092143|001
Packaging Material Part|90929842|002
pgMasterPackagingMaterialPart|MPMP-00091968|001
pgIllustration|98540792|003
pgArtwork|POA-00106381|001
pgMasterPackagingMaterialPart|MPMP-00072968|001
pgIllustration|ILST-00018309|001
Packaging Material Part|91745270|002
pgIllustration|ILST-00018605|001
pgMasterPackagingMaterialPart|MPMP-00073639|001
Packaging Material Part|91732077|002
pgMasterPackagingMaterialPart|MPMP-00073713|001
pgArtwork|POA-00113567|001
Packaging Material Part|91739380|002
Packaging Material Part|91622391|003
pgArtwork|POA-00102911|001
POA|POA-00191373|001
Packaging Material Part|91601980|001
POA|POA-00219041|001
pgMasterPackagingMaterialPart|MPMP-00091964|003
Packaging Material Part|91631968|001
pgMasterPackagingMaterialPart|MPMP-00115023|001
pgIllustration|ILST-00046630|001
Packaging Material Part|91659878|002
Packaging Material Part|91657397|001
Packaging Material Part|91708259|001
pgMasterPackagingMaterialPart|MPMP-00115276|001
Packaging Material Part|91716656|001
POA|POA-00219868|001
POA|POA-00238295|001
Packaging Material Part|91730994|001
Packaging Material Part|91671552|001
Packaging Material Part|91671568|001
POA|POA-00241430|001
pgMasterPackagingMaterialPart|MPMP-00120189|001
Packaging Material Part|91871798|001
pgIllustration|ILST-00051921|001
pgMasterPackagingMaterialPart|MPMP-00120190|001
pgIllustration|ILST-00051923|001
Packaging Material Part|91904159|001
Packaging Material Part|91950723|001
pgArtwork|POA-00113566|001
Packaging Material Part|91739381|002
POA|POA-00249587|001
pgIllustration|ILST-00052629|001
pgMasterPackagingMaterialPart|MPMP-00120791|001
Packaging Material Part|91869576|001
pgIllustration|ILST-00052428|001
pgMasterPackagingMaterialPart|MPMP-00120789|001
Packaging Material Part|91844346|001
POA|POA-00265897|001
pgMasterPackagingMaterialPart|MPMP-00092142|001
pgMasterPackagingMaterialPart|MPMP-00091966|001
Packaging Material Part|90929841|003
POA|POA-00268300|001
POA|POA-00268295|001
Packaging Material Part|90000316|002
pgMasterPackagingMaterialPart|MPMP-00125012|001
Packaging Material Part|90022013|001
pgMasterPackagingMaterialPart|MPMP-00125111|001
POA|POA-00276786|001
POA|POA-00276812|001
Packaging Material Part|90022749|001
pgMasterPackagingMaterialPart|MPMP-00125288|001
pgIllustration|ILST-00019510|002
POA|POA-00276813|001
POA|POA-00276753|001
pgArtwork|POA-00106384|001
Packaging Material Part|91794912|002
Packaging Material Part|90009289|001
pgMasterPackagingMaterialPart|MPMP-00125885|001
pgMasterPackagingMaterialPart|MPMP-00125926|001
POA|POA-00285411|001
pgMasterPackagingMaterialPart|MPMP-00052086|004
pgIllustration|ILST-00046561|002
pgMasterPackagingMaterialPart|MPMP-00050904|003
Packaging Material Part|91428880|004
POA|POA-00207716|001
pgIllustration|ILST-00054545|001
pgMasterPackagingMaterialPart|MPMP-00121747|002
pgIllustration|ILST-00018395|001
pgMasterPackagingMaterialPart|MPMP-00075062|002
pgMasterPackagingMaterialPart|MPMP-00061734|003
pgMasterPackagingMaterialPart|MPMP-00068198|002
pgMasterPackagingMaterialPart|MPMP-00063942|004
pgIllustration|ILST-00013502|002
Packaging Material Part|90097500|001
pgMasterPackagingMaterialPart|MPMP-00131315|001
pgMasterPackagingMaterialPart|MPMP-00131721|001
Packaging Material Part|90097731|001
pgIllustration|ILST-00006940|002
pgMasterPackagingMaterialPart|MPMP-00051209|003
pgIllustration|ILST-00006936|001
pgMasterPackagingMaterialPart|MPMP-00050967|003
pgArtwork|POA-00111360|001
Packaging Material Part|91744722|003
pgMasterPackagingMaterialPart|MPMP-00047858|003
pgMasterPackagingMaterialPart|MPMP-00132475|001
pgIllustration|99683030|004
Packaging Material Part|95812394|005
pgMasterPackagingMaterialPart|MPMP-00122774|001
pgMasterPackagingMaterialPart|MPMP-00057749|001
Packaging Material Part|95812395|005
pgMasterPackagingMaterialPart|MPMP-00063860|003
pgIllustration|ILST-00012912|002
POA|POA-00206557|001
Packaging Material Part|91409208|003
pgMasterPackagingMaterialPart|MPMP-00105600|002
pgIllustration|ILST-00039818|001
Packaging Material Part|90137816|001
pgMasterPackagingMaterialPart|MPMP-00069308|002
pgMasterPackagingMaterialPart|MPMP-00054509|003
Packaging Material Part|91954857|002
POA|POA-00319326|001
Packaging Material Part|91732299|002
pgMasterPackagingMaterialPart|MPMP-00040501|003
Packaging Material Part|90162121|001
Packaging Material Part|90176254|001
pgMasterPackagingMaterialPart|MPMP-00138542|001
pgIllustration|ILST-00066370|002
Packaging Material Part|91210173|002
Packaging Material Part|91163460|003
Packaging Material Part|91876037|005
pgMasterPackagingMaterialPart|MPMP-00055374|003
pgMasterPackagingMaterialPart|MPMP-00038465|003
pgMasterPackagingMaterialPart|MPMP-00103019|003
pgIllustration|ILST-00037344|002
POA|POA-00201432|001
Packaging Material Part|91307452|004
POA|POA-00332526|001
pgArtwork|POA-00100513|001
Packaging Material Part|91954996|002
pgMasterPackagingMaterialPart|MPMP-00110869|003
Packaging Material Part|90836209|003
pgMasterPackagingMaterialPart|MPMP-00033769|001
Packaging Material Part|95759247|007
Packaging Material Part|91783401|003
Packaging Material Part|91395968|002
POA|POA-00336218|001
POA|POA-00336219|001
